{"type":"FeatureCollection","features":[{"type":"Feature","id":48353,"geometry":{"type":"MultiPolygon","coordinates":[[[[-100.63968,32.5254],[-100.1463,32.52286],[-100.15197,32.08253],[-100.30757,32.08124],[-100.66524,32.08541],[-100.66022,32.52565],[-100.63968,32.5254]]]]},"properties":{"fips":"48353","name":"Nolan","n":1400,"mw":2259.4,"first":2001,"last":2024,"hh":76.8,"projects":21}},{"type":"Feature","id":48489,"geometry":{"type":"MultiPolygon","coordinates":[[[[-97.28794,26.60034],[-97.26844,26.55016],[-97.24391,26.4775],[-97.22371,26.41137],[-97.39066,26.41138],[-97.39491,26.40569],[-97.39483,26.40216],[-97.39813,26.39729],[-97.40102,26.38597],[-97.41189,26.37376],[-97.42133,26.36613],[-97.43097,26.36326],[-97.4361,26.34009],[-97.44573,26.32546],[-97.45365,26.32474],[-97.45604,26.32613],[-97.45904,26.33175],[-97.46545,26.33208],[-97.46638,26.3345],[-97.46454,26.34022],[-97.46753,26.34283],[-97.47319,26.34251],[-97.47495,26.34105],[-97.46845,26.33308],[-97.47007,26.32979],[-97.47811,26.33532],[-97.48445,26.33699],[-97.49348,26.33656],[-97.50297,26.33278],[-97.50769,26.33476],[-97.50872,26.33278],[-97.50551,26.3293],[-97.50421,26.32433],[-97.50087,26.32191],[-97.50103,26.31843],[-97.50576,26.31312],[-97.51262,26.31303],[-97.51452,26.3142],[-97.51437,26.31612],[-97.50721,26.31749],[-97.50708,26.32144],[-97.51461,26.32693],[-97.52251,26.32489],[-97.52699,26.31714],[-97.52561,26.30404],[-97.52746,26.29925],[-97.8619,26.34824],[-97.86193,26.43366],[-97.90846,26.43321],[-97.90816,26.43481],[-98.00426,26.44887],[-97.99648,26.49196],[-97.99226,26.49136],[-97.98423,26.53642],[-97.96386,26.53351],[-97.97002,26.55214],[-97.9687,26.55463],[-97.96805,26.5688],[-97.96419,26.56856],[-97.95715,26.61169],[-97.86155,26.59792],[-97.28794,26.60034]]]]},"properties":{"fips":"48489","name":"Willacy","n":680,"mw":1687.7,"first":2012,"last":2025,"hh":91.4,"projects":8}},{"type":"Feature","id":48415,"geometry":{"type":"MultiPolygon","coordinates":[[[[-100.97812,32.96921],[-100.6559,32.96328],[-100.65922,32.7652],[-100.66022,32.52565],[-101.17447,32.52778],[-101.17344,32.96361],[-101.03857,32.97019],[-100.97812,32.96921]]]]},"properties":{"fips":"48415","name":"Scurry","n":685,"mw":1564.1,"first":2003,"last":2024,"hh":88.5,"projects":12}},{"type":"Feature","id":48105,"geometry":{"type":"MultiPolygon","coordinates":[[[[-102.37615,31.08707],[-101.6841,31.07939],[-101.27487,31.07916],[-100.96249,31.08228],[-100.96033,30.94306],[-100.96066,30.28764],[-101.75835,30.28904],[-101.75273,30.29637],[-101.74787,30.29702],[-101.74461,30.30105],[-101.74093,30.31229],[-101.74102,30.32082],[-101.73738,30.32644],[-101.7326,30.32786],[-101.71583,30.33951],[-101.71229,30.33962],[-101.70157,30.34557],[-101.6943,30.34671],[-101.69084,30.34623],[-101.68165,30.34077],[-101.67283,30.33937],[-101.65893,30.3424],[-101.65769,30.34669],[-101.65853,30.35777],[-101.66604,30.36359],[-101.68395,30.36874],[-101.69121,30.37772],[-101.69758,30.38056],[-101.69874,30.38359],[-101.69537,30.38472],[-101.69451,30.39254],[-101.69572,30.3967],[-101.70077,30.40168],[-101.70997,30.40523],[-101.72359,30.40591],[-101.72613,30.40849],[-101.72953,30.40889],[-101.7408,30.42223],[-101.73725,30.42804],[-101.73244,30.43035],[-101.72002,30.44293],[-101.72137,30.44742],[-101.71891,30.45494],[-101.72462,30.45644],[-101.72883,30.45994],[-101.73141,30.4596],[-101.73046,30.46471],[-101.73169,30.46757],[-101.72781,30.47104],[-101.72237,30.47114],[-101.7185,30.46652],[-101.71488,30.46699],[-101.71053,30.4598],[-101.70236,30.45735],[-101.70001,30.45767],[-101.69565,30.46506],[-101.68894,30.46753],[-101.68935,30.47091],[-101.68658,30.47376],[-101.69089,30.47893],[-101.68979,30.48171],[-101.69176,30.49147],[-101.68907,30.49563],[-101.68236,30.4964],[-101.68183,30.49889],[-101.67789,30.49902],[-101.67535,30.50171],[-101.67683,30.50826],[-101.67988,30.51284],[-101.67982,30.52226],[-101.6774,30.52458],[-101.67338,30.52424],[-101.66804,30.52787],[-101.66746,30.53075],[-101.66221,30.53342],[-101.66217,30.53681],[-101.65711,30.53992],[-101.65217,30.54894],[-101.64924,30.54888],[-101.64664,30.55099],[-101.64855,30.55602],[-101.64652,30.55724],[-101.6464,30.56098],[-101.64853,30.56358],[-101.6486,30.56681],[-101.65159,30.56848],[-101.65217,30.57296],[-101.65633,30.57739],[-101.65502,30.57873],[-101.65668,30.5835],[-101.66076,30.58495],[-101.66343,30.58871],[-101.66271,30.59279],[-101.65824,30.5965],[-101.65634,30.60364],[-101.6587,30.60622],[-101.65793,30.61043],[-101.65994,30.61298],[-101.65576,30.61529],[-101.65824,30.61571],[-101.65811,30.61723],[-101.65236,30.62022],[-101.65437,30.62304],[-101.66643,30.62882],[-101.66667,30.63194],[-101.6705,30.63631],[-101.67005,30.63796],[-101.67367,30.63933],[-101.67615,30.63745],[-101.68172,30.63722],[-101.68915,30.63883],[-101.69304,30.64573],[-101.69872,30.64853],[-101.70281,30.64611],[-101.70705,30.64788],[-101.71164,30.65473],[-101.71415,30.65248],[-101.72318,30.64967],[-101.73636,30.65401],[-101.752,30.64973],[-101.75553,30.65684],[-101.76094,30.65823],[-101.7622,30.65777],[-101.76182,30.65405],[-101.76313,30.65411],[-101.76424,30.65727],[-101.76897,30.65337],[-101.77049,30.66504],[-101.77377,30.67026],[-101.77612,30.6813],[-101.77969,30.68584],[-101.78878,30.69035],[-101.79451,30.69124],[-101.79304,30.69389],[-101.79433,30.69715],[-101.79761,30.69584],[-101.80168,30.69661],[-101.80749,30.6994],[-101.80833,30.70233],[-101.81001,30.70203],[-101.80876,30.70407],[-101.80971,30.71714],[-101.80789,30.71954],[-101.80823,30.72499],[-101.81399,30.7348],[-101.81564,30.74066],[-101.81407,30.74603],[-101.8161,30.74858],[-101.81615,30.75225],[-101.82336,30.75738],[-101.8291,30.75548],[-101.83295,30.75928],[-101.83184,30.75726],[-101.83344,30.75742],[-101.83898,30.76395],[-101.83469,30.77182],[-101.8369,30.77859],[-101.83496,30.78007],[-101.83816,30.78289],[-101.83995,30.78259],[-101.83991,30.78506],[-101.83659,30.78724],[-101.83648,30.78899],[-101.83471,30.78864],[-101.83277,30.79215],[-101.83456,30.7957],[-101.83372,30.79797],[-101.83174,30.79552],[-101.83155,30.80192],[-101.83313,30.80873],[-101.83524,30.80861],[-101.83367,30.81028],[-101.83546,30.8114],[-101.83511,30.81368],[-101.83781,30.81477],[-101.83744,30.81705],[-101.8406,30.82282],[-101.84207,30.82285],[-101.84279,30.82501],[-101.84559,30.82504],[-101.84742,30.82862],[-101.84753,30.83461],[-101.84519,30.84098],[-101.85088,30.84622],[-101.85264,30.85069],[-101.85012,30.857],[-101.85522,30.86215],[-101.85572,30.8661],[-101.85808,30.86774],[-101.85785,30.87],[-101.86036,30.87194],[-101.86041,30.87389],[-101.86441,30.87652],[-101.86827,30.87636],[-101.86871,30.87823],[-101.87286,30.87877],[-101.87846,30.8833],[-101.88359,30.88407],[-101.88335,30.88572],[-101.88862,30.88576],[-101.89096,30.89004],[-101.88799,30.89706],[-101.87985,30.90592],[-101.88115,30.9087],[-101.87476,30.911],[-101.87773,30.92032],[-101.88372,30.92583],[-101.88763,30.9256],[-101.88852,30.92737],[-101.89169,30.92705],[-101.89472,30.92918],[-101.89842,30.92937],[-101.902,30.92734],[-101.90746,30.92792],[-101.91268,30.93143],[-101.91382,30.93426],[-101.91876,30.93459],[-101.91784,30.9412],[-101.92132,30.94658],[-101.92924,30.95026],[-101.9377,30.95051],[-101.93482,30.95457],[-101.93655,30.95779],[-101.95224,30.95584],[-101.95489,30.96068],[-101.95675,30.96113],[-101.95641,30.96345],[-101.96107,30.97057],[-101.96564,30.97239],[-101.97185,30.97919],[-101.97906,30.98266],[-101.98398,30.98735],[-101.99263,30.98924],[-101.99699,30.98774],[-101.99859,30.98492],[-102.0019,30.98676],[-102.00715,30.98378],[-102.00642,30.98139],[-102.00957,30.98028],[-102.0108,30.98128],[-102.01155,30.97944],[-102.01369,30.98272],[-102.01747,30.98378],[-102.01833,30.9861],[-102.02134,30.98668],[-102.0223,30.98976],[-102.02719,30.99278],[-102.02621,30.99579],[-102.02811,30.99817],[-102.03083,30.99725],[-102.03259,30.99891],[-102.03347,30.99686],[-102.03493,30.99936],[-102.04246,30.99907],[-102.04508,31.00184],[-102.04672,30.99971],[-102.04885,31.0005],[-102.04747,31.00248],[-102.04943,31.00364],[-102.05676,30.99744],[-102.05821,30.99907],[-102.06498,30.99385],[-102.06625,30.99548],[-102.06935,30.99481],[-102.06715,30.99263],[-102.07907,30.98707],[-102.08242,30.98684],[-102.08644,30.98991],[-102.08865,30.98885],[-102.09375,30.995],[-102.0972,30.99554],[-102.10082,30.99311],[-102.10292,30.9948],[-102.10569,30.99416],[-102.10671,30.99168],[-102.11006,30.99045],[-102.11104,30.9927],[-102.11477,30.99201],[-102.1161,30.99488],[-102.11856,30.994],[-102.11801,30.99627],[-102.12627,31.00122],[-102.13172,30.99862],[-102.13268,30.99647],[-102.13933,30.99498],[-102.1431,30.99666],[-102.1434,30.99879],[-102.14533,30.9993],[-102.14483,31.00132],[-102.14937,31.00319],[-102.15185,31.00733],[-102.15668,31.00782],[-102.15662,31.0066],[-102.15991,31.00588],[-102.16097,31.00728],[-102.16395,31.00554],[-102.16687,31.00732],[-102.16761,31.0059],[-102.17039,31.00603],[-102.17253,31.00852],[-102.17171,31.00689],[-102.17384,31.00686],[-102.17645,31.00878],[-102.17534,31.01181],[-102.17686,31.01466],[-102.18084,31.01674],[-102.18623,31.01508],[-102.18508,31.00709],[-102.19027,31.0031],[-102.1932,31.00414],[-102.19294,31.00571],[-102.19474,31.00664],[-102.19334,31.00996],[-102.19469,31.0137],[-102.19718,31.01497],[-102.19618,31.01689],[-102.19825,31.01707],[-102.20207,31.02156],[-102.19943,31.02291],[-102.20292,31.0255],[-102.2013,31.02672],[-102.20281,31.02856],[-102.20231,31.03101],[-102.20965,31.03331],[-102.21823,31.03228],[-102.22142,31.03436],[-102.22301,31.03275],[-102.22411,31.0343],[-102.22575,31.03294],[-102.22642,31.03473],[-102.23208,31.03551],[-102.23203,31.03695],[-102.23797,31.03702],[-102.23885,31.03946],[-102.24661,31.04092],[-102.24693,31.04228],[-102.24917,31.04219],[-102.24979,31.04018],[-102.25608,31.04082],[-102.25887,31.0382],[-102.26172,31.03866],[-102.26594,31.03645],[-102.26601,31.03427],[-102.27017,31.03617],[-102.27865,31.03293],[-102.28277,31.03486],[-102.28486,31.03381],[-102.28863,31.03684],[-102.2893,31.03546],[-102.29272,31.03665],[-102.29566,31.04104],[-102.2981,31.04056],[-102.29739,31.04258],[-102.29948,31.04183],[-102.29919,31.04369],[-102.30183,31.04494],[-102.30257,31.04954],[-102.30479,31.05044],[-102.30417,31.05197],[-102.31007,31.05418],[-102.31095,31.05272],[-102.31262,31.05358],[-102.31302,31.05206],[-102.31718,31.05236],[-102.31998,31.05947],[-102.31856,31.06094],[-102.32103,31.06179],[-102.32105,31.05976],[-102.3232,31.06285],[-102.32597,31.06293],[-102.32962,31.06815],[-102.33437,31.06609],[-102.34504,31.07018],[-102.34943,31.07019],[-102.34769,31.07391],[-102.34903,31.07246],[-102.35135,31.07304],[-102.35209,31.07496],[-102.35448,31.07402],[-102.35482,31.07576],[-102.35643,31.07453],[-102.35872,31.07832],[-102.36266,31.07962],[-102.36029,31.0815],[-102.36313,31.08297],[-102.3662,31.08171],[-102.36724,31.08382],[-102.36897,31.08297],[-102.37337,31.08562],[-102.37429,31.0832],[-102.37514,31.08556],[-102.37754,31.08482],[-102.37911,31.08658],[-102.38072,31.08443],[-102.38233,31.08691],[-102.38476,31.08536],[-102.38841,31.08659],[-102.39063,31.08545],[-102.3889,31.08722],[-102.37615,31.08707]]]]},"properties":{"fips":"48105","name":"Crockett","n":509,"mw":1498.4,"first":2019,"last":2025,"hh":92.9,"projects":6}},{"type":"Feature","id":48431,"geometry":{"type":"MultiPolygon","coordinates":[[[[-101.25374,32.08721],[-100.82152,32.08647],[-100.82542,31.69613],[-100.86118,31.70545],[-100.86543,31.56242],[-101.26777,31.55636],[-101.26431,32.08715],[-101.25374,32.08721]]]]},"properties":{"fips":"48431","name":"Sterling","n":632,"mw":1097.5,"first":2006,"last":2022,"hh":81.4,"projects":8}},{"type":"Feature","id":48261,"geometry":{"type":"MultiPolygon","coordinates":[[[[-97.3477,27.27794],[-97.36702,27.19417],[-97.37498,27.12532],[-97.37931,27.05148],[-97.37872,26.99996],[-97.37578,26.95651],[-97.36531,26.87484],[-97.34415,26.7784],[-97.31272,26.6697],[-97.28794,26.60034],[-97.86155,26.59792],[-97.98535,26.6158],[-97.98582,27.2094],[-97.98273,27.21194],[-97.97153,27.21021],[-97.9692,27.21084],[-97.96819,27.21323],[-97.96452,27.21229],[-97.96284,27.21528],[-97.95891,27.213],[-97.95793,27.21446],[-97.95946,27.21719],[-97.95469,27.22011],[-97.95696,27.22319],[-97.95258,27.22729],[-97.95165,27.2334],[-97.94659,27.23249],[-97.94169,27.23544],[-97.93436,27.23505],[-97.93187,27.23852],[-97.92263,27.23707],[-97.91926,27.24312],[-97.91759,27.24194],[-97.91709,27.23844],[-97.91417,27.23732],[-97.90809,27.24092],[-97.90169,27.23826],[-97.89647,27.24243],[-97.89449,27.23896],[-97.88847,27.24068],[-97.8876,27.23766],[-97.88491,27.23576],[-97.87739,27.24186],[-97.87079,27.24222],[-97.87069,27.24039],[-97.86831,27.24021],[-97.86044,27.24627],[-97.85846,27.24536],[-97.85873,27.24338],[-97.8563,27.24371],[-97.8543,27.24683],[-97.85665,27.24978],[-97.8552,27.25229],[-97.84583,27.24793],[-97.84487,27.24487],[-97.84088,27.24398],[-97.83889,27.24603],[-97.81639,27.25392],[-97.8151,27.26447],[-97.81738,27.26869],[-97.81567,27.27152],[-97.81025,27.27168],[-97.80682,27.26998],[-97.802,27.27318],[-97.79723,27.27121],[-97.79374,27.28067],[-97.782,27.28411],[-97.7669,27.27942],[-97.75861,27.28305],[-97.75526,27.28259],[-97.74396,27.2734],[-97.73863,27.27388],[-97.73361,27.26815],[-97.72819,27.26578],[-97.65068,27.28346],[-97.50791,27.26671],[-97.42424,27.27795],[-97.3477,27.27794]]]]},"properties":{"fips":"48261","name":"Kenedy","n":454,"mw":1082.0,"first":2009,"last":2021,"hh":83.3,"projects":6}},{"type":"Feature","id":48173,"geometry":{"type":"MultiPolygon","coordinates":[[[[-101.26642,31.7679],[-101.26687,31.65095],[-101.77577,31.65133],[-101.77595,32.08696],[-101.26431,32.08715],[-101.26642,31.7679]]]]},"properties":{"fips":"48173","name":"Glasscock","n":469,"mw":1070.5,"first":2007,"last":2022,"hh":86.9,"projects":8}},{"type":"Feature","id":48065,"geometry":{"type":"MultiPolygon","coordinates":[[[[-101.28117,35.62489],[-101.08607,35.62532],[-101.08625,35.18213],[-101.62302,35.18328],[-101.62278,35.62417],[-101.28117,35.62489]]]]},"properties":{"fips":"48065","name":"Carson","n":611,"mw":1068.0,"first":2001,"last":2016,"hh":78.6,"projects":9}},{"type":"Feature","id":48427,"geometry":{"type":"MultiPolygon","coordinates":[[[[-98.52805,26.37318],[-98.58658,26.25784],[-98.60005,26.2575],[-98.61417,26.25179],[-98.61823,26.24752],[-98.62012,26.24918],[-98.61981,26.25531],[-98.62197,26.25846],[-98.62538,26.25946],[-98.63276,26.2512],[-98.63492,26.24212],[-98.64602,26.24099],[-98.65562,26.23579],[-98.66849,26.23597],[-98.67439,26.23923],[-98.67856,26.24422],[-98.67965,26.2487],[-98.67775,26.25706],[-98.68094,26.26277],[-98.68587,26.26495],[-98.70308,26.26655],[-98.71838,26.27196],[-98.71971,26.27598],[-98.71784,26.27789],[-98.711,26.27914],[-98.70515,26.27735],[-98.70093,26.27829],[-98.7,26.2822],[-98.70288,26.28715],[-98.70873,26.28902],[-98.71716,26.28639],[-98.72234,26.29566],[-98.72876,26.29907],[-98.73482,26.29836],[-98.74185,26.29414],[-98.75106,26.29631],[-98.756,26.30369],[-98.75444,26.30774],[-98.75067,26.30803],[-98.74378,26.30299],[-98.74036,26.30273],[-98.73737,26.30488],[-98.73617,26.30949],[-98.73854,26.31347],[-98.74622,26.31694],[-98.74906,26.32214],[-98.75109,26.33123],[-98.7549,26.33147],[-98.76305,26.32658],[-98.77104,26.3249],[-98.77872,26.32616],[-98.78945,26.33059],[-98.78819,26.33788],[-98.79558,26.3475],[-98.79833,26.36031],[-98.80708,26.36934],[-98.81385,26.36607],[-98.8196,26.37078],[-98.82433,26.3708],[-98.832,26.36378],[-98.84377,26.35868],[-98.84818,26.35997],[-98.8526,26.36472],[-98.86061,26.36628],[-98.88887,26.35714],[-98.89624,26.35317],[-98.90098,26.36045],[-98.89939,26.36605],[-98.90089,26.3705],[-98.90328,26.37211],[-98.91422,26.37262],[-98.92252,26.37906],[-98.92413,26.38425],[-98.92352,26.392],[-98.92614,26.39438],[-98.92966,26.39282],[-98.93557,26.38498],[-98.93423,26.37524],[-98.93534,26.37257],[-98.93768,26.37031],[-98.94358,26.36938],[-98.94856,26.37109],[-98.95601,26.37712],[-98.95342,26.38452],[-98.95307,26.39125],[-98.95704,26.39613],[-98.97484,26.40116],[-98.9789,26.39988],[-98.98797,26.39161],[-98.99337,26.39175],[-98.99922,26.39404],[-99.01131,26.39227],[-99.02111,26.40691],[-99.03483,26.41326],[-99.04011,26.41283],[-99.0445,26.41047],[-99.05405,26.40153],[-99.06231,26.39732],[-99.08356,26.39715],[-99.08746,26.40203],[-99.0894,26.40756],[-99.09595,26.41156],[-99.09992,26.41761],[-99.11088,26.42595],[-99.11373,26.43363],[-99.11313,26.43528],[-99.10504,26.43913],[-99.10223,26.44289],[-99.10036,26.45969],[-99.09276,26.47018],[-99.09202,26.47727],[-99.09589,26.48181],[-99.10452,26.49947],[-99.1124,26.50765],[-99.11996,26.51958],[-99.12849,26.52564],[-99.14354,26.52791],[-99.16816,26.53703],[-99.17191,26.54479],[-99.17112,26.55093],[-99.16724,26.55948],[-99.16929,26.57172],[-99.01118,26.67496],[-98.95427,26.78569],[-98.32072,26.783],[-98.39671,26.62564],[-98.4633,26.50027],[-98.52805,26.37318]]]]},"properties":{"fips":"48427","name":"Starr","n":419,"mw":1066.6,"first":2015,"last":2020,"hh":98.8,"projects":8}},{"type":"Feature","id":48195,"geometry":{"type":"MultiPolygon","coordinates":[[[[-101.08518,36.49987],[-101.08578,36.05518],[-101.62346,36.0554],[-101.62397,36.4997],[-101.08518,36.49987]]]]},"properties":{"fips":"48195","name":"Hansford","n":432,"mw":1052.8,"first":2003,"last":2022,"hh":85.8,"projects":9}},{"type":"Feature","id":48153,"geometry":{"type":"MultiPolygon","coordinates":[[[[-101.25062,34.31232],[-101.04148,34.31243],[-101.04126,33.83364],[-101.5637,33.83044],[-101.56488,34.3126],[-101.25062,34.31232]]]]},"properties":{"fips":"48153","name":"Floyd","n":441,"mw":1018.3,"first":2007,"last":2017,"hh":82.4,"projects":7}},{"type":"Feature","id":48275,"geometry":{"type":"MultiPolygon","coordinates":[[[[-99.87461,33.83596],[-99.83524,33.83586],[-99.83685,33.82978],[-99.83183,33.82457],[-99.83406,33.81966],[-99.83164,33.81723],[-99.82459,33.82113],[-99.81915,33.8202],[-99.81356,33.82648],[-99.81053,33.82745],[-99.79502,33.81661],[-99.7897,33.8195],[-99.79116,33.82153],[-99.79685,33.82203],[-99.79716,33.82351],[-99.79509,33.8242],[-99.79109,33.82426],[-99.78176,33.81769],[-99.77877,33.81847],[-99.77744,33.82113],[-99.77449,33.82127],[-99.77062,33.81728],[-99.76581,33.81961],[-99.76458,33.82263],[-99.75746,33.82374],[-99.75458,33.82126],[-99.7549,33.81159],[-99.75162,33.80924],[-99.75293,33.80733],[-99.75825,33.80666],[-99.75831,33.80341],[-99.74727,33.80297],[-99.74412,33.81093],[-99.7399,33.81163],[-99.73105,33.80325],[-99.72533,33.80023],[-99.72556,33.79742],[-99.72098,33.80039],[-99.72101,33.80704],[-99.72381,33.81228],[-99.72197,33.81433],[-99.71262,33.81088],[-99.70846,33.81106],[-99.71203,33.80068],[-99.7109,33.79797],[-99.70471,33.80058],[-99.6996,33.80031],[-99.69977,33.81824],[-99.69711,33.82596],[-99.69445,33.82723],[-99.68621,33.82744],[-99.67791,33.82473],[-99.67105,33.81876],[-99.66401,33.80821],[-99.65901,33.81013],[-99.65266,33.81828],[-99.63886,33.8183],[-99.63326,33.81442],[-99.63314,33.80845],[-99.6352,33.80519],[-99.63385,33.80212],[-99.62635,33.80416],[-99.62278,33.80284],[-99.62078,33.79992],[-99.61668,33.80004],[-99.60864,33.79528],[-99.59795,33.79674],[-99.60005,33.79062],[-99.59907,33.78738],[-99.58228,33.78434],[-99.57839,33.79242],[-99.57758,33.79741],[-99.57933,33.8009],[-99.57824,33.80253],[-99.57375,33.8005],[-99.57369,33.79292],[-99.56419,33.79006],[-99.56226,33.79035],[-99.55602,33.79848],[-99.55315,33.79536],[-99.54385,33.79527],[-99.54189,33.79374],[-99.54621,33.78475],[-99.54594,33.7808],[-99.54134,33.78006],[-99.52897,33.78414],[-99.52467,33.78372],[-99.52193,33.78129],[-99.52238,33.77446],[-99.52048,33.76848],[-99.51311,33.77226],[-99.50619,33.77211],[-99.50377,33.77067],[-99.50265,33.76487],[-99.50085,33.76364],[-99.49391,33.76834],[-99.48459,33.75089],[-99.48133,33.74978],[-99.47945,33.75312],[-99.47633,33.75286],[-99.47831,33.74306],[-99.47448,33.73303],[-99.47239,33.39898],[-99.99101,33.39723],[-99.99645,33.83594],[-99.87461,33.83596]]]]},"properties":{"fips":"48275","name":"Knox","n":276,"mw":983.5,"first":2015,"last":2022,"hh":99.2,"projects":5}},{"type":"Feature","id":48409,"geometry":{"type":"MultiPolygon","coordinates":[[[[-97.47611,28.17938],[-97.47355,28.17797],[-97.47514,28.16335],[-97.47241,28.15549],[-97.46905,28.15453],[-97.45648,28.16056],[-97.45788,28.1557],[-97.45342,28.15403],[-97.45037,28.14785],[-97.44646,28.14908],[-97.44406,28.15419],[-97.44188,28.15362],[-97.44091,28.15096],[-97.44273,28.14719],[-97.44215,28.14265],[-97.44672,28.13757],[-97.4467,28.133],[-97.4412,28.13188],[-97.43904,28.13879],[-97.42848,28.13935],[-97.42246,28.14278],[-97.42324,28.1353],[-97.43518,28.12985],[-97.42798,28.12819],[-97.42672,28.11721],[-97.42255,28.11778],[-97.42081,28.12093],[-97.41796,28.12203],[-97.40603,28.11958],[-97.40494,28.1182],[-97.40552,28.1099],[-97.40378,28.10902],[-97.40053,28.11285],[-97.4008,28.11945],[-97.3963,28.11877],[-97.40539,28.12336],[-97.40365,28.13049],[-97.38859,28.12938],[-97.38678,28.12475],[-97.38463,28.12401],[-97.38199,28.12621],[-97.37858,28.13904],[-97.36767,28.129],[-97.35635,28.1231],[-97.35094,28.12336],[-97.3458,28.11837],[-97.34398,28.12011],[-97.34317,28.13067],[-97.34188,28.13209],[-97.32634,28.12707],[-97.32467,28.1258],[-97.325,28.12409],[-97.33076,28.11992],[-97.32754,28.11858],[-97.31911,28.12597],[-97.31759,28.13124],[-97.31944,28.13353],[-97.32554,28.13146],[-97.32729,28.13367],[-97.31808,28.13754],[-97.31414,28.13265],[-97.30894,28.11927],[-97.31124,28.11525],[-97.31709,28.11555],[-97.31808,28.1127],[-97.31649,28.10974],[-97.30105,28.1038],[-97.29519,28.10662],[-97.29487,28.11448],[-97.29069,28.11488],[-97.28737,28.11097],[-97.28357,28.09073],[-97.26529,28.08913],[-97.26124,28.08693],[-97.26056,28.08369],[-97.2632,28.0811],[-97.25964,28.07358],[-97.13617,27.90442],[-97.14948,27.88441],[-97.15131,27.87876],[-97.15692,27.87336],[-97.15591,27.8699],[-97.16161,27.86279],[-97.1668,27.86094],[-97.18939,27.82402],[-97.20067,27.82096],[-97.21242,27.82171],[-97.23774,27.82948],[-97.24487,27.83488],[-97.24575,27.83726],[-97.23808,27.83518],[-97.23435,27.83629],[-97.22718,27.83097],[-97.22311,27.832],[-97.22065,27.83783],[-97.2265,27.84417],[-97.2269,27.84668],[-97.23526,27.85043],[-97.23977,27.85776],[-97.24485,27.85995],[-97.24292,27.86363],[-97.24582,27.87188],[-97.24895,27.87511],[-97.26708,27.88127],[-97.28054,27.88065],[-97.30633,27.8747],[-97.33899,27.86101],[-97.35083,27.85476],[-97.3548,27.85023],[-97.36113,27.85038],[-97.35619,27.85621],[-97.36145,27.85497],[-97.35566,27.85875],[-97.35422,27.8615],[-97.35071,27.86186],[-97.35029,27.86361],[-97.34421,27.86418],[-97.3415,27.87113],[-97.34338,27.87138],[-97.33909,27.87114],[-97.33733,27.87291],[-97.33462,27.8708],[-97.33114,27.87367],[-97.33839,27.88371],[-97.34456,27.8823],[-97.34745,27.88325],[-97.35486,27.88029],[-97.35721,27.88103],[-97.36024,27.87972],[-97.36451,27.87395],[-97.36922,27.87447],[-97.37115,27.87619],[-97.37742,27.87453],[-97.40006,27.87638],[-97.41609,27.87045],[-97.44304,27.87119],[-97.44534,27.8677],[-97.44736,27.86745],[-97.45204,27.87025],[-97.4567,27.87819],[-97.45943,27.87832],[-97.46137,27.87553],[-97.45676,27.86677],[-97.45984,27.86505],[-97.46006,27.8623],[-97.46213,27.86152],[-97.46861,27.87058],[-97.4714,27.86935],[-97.46947,27.86573],[-97.47268,27.86183],[-97.48099,27.85988],[-97.48556,27.86108],[-97.48383,27.8625],[-97.48479,27.86188],[-97.48532,27.86342],[-97.48286,27.86767],[-97.48398,27.87253],[-97.49173,27.88178],[-97.49432,27.88233],[-97.50367,27.87798],[-97.50743,27.87786],[-97.50648,27.87588],[-97.50952,27.87294],[-97.51626,27.87106],[-97.51434,27.86933],[-97.51979,27.86112],[-97.51439,27.85618],[-97.5151,27.85182],[-97.50869,27.85286],[-97.49416,27.8492],[-97.48732,27.84325],[-97.48855,27.83941],[-97.49143,27.84414],[-97.4967,27.84629],[-97.50233,27.84705],[-97.50669,27.84319],[-97.51423,27.84673],[-97.53569,27.84805],[-97.53915,27.85103],[-97.54154,27.85741],[-97.54417,27.85912],[-97.57471,27.86099],[-97.58444,27.85669],[-97.59069,27.85669],[-97.59906,27.86735],[-97.60688,27.87001],[-97.60889,27.87224],[-97.60928,27.89096],[-97.6127,27.8931],[-97.62277,27.89265],[-97.62734,27.89573],[-97.63016,27.89542],[-97.63194,27.89317],[-97.62641,27.88476],[-97.62691,27.87374],[-97.62946,27.87045],[-97.6383,27.86558],[-97.64292,27.87193],[-97.65661,27.87255],[-97.67478,27.88146],[-97.67623,27.8844],[-97.6735,27.88615],[-97.67451,27.88991],[-97.67148,27.89231],[-97.67814,27.89473],[-97.678,27.8973],[-97.68107,27.89769],[-97.68029,27.89922],[-97.68226,27.90154],[-97.68367,27.89921],[-97.69003,27.90026],[-97.68675,27.90258],[-97.69174,27.90415],[-97.68768,27.91031],[-97.69083,27.91684],[-97.69277,27.91594],[-97.69873,27.91955],[-97.69834,27.9169],[-97.69982,27.91681],[-97.70295,27.9207],[-97.70716,27.92211],[-97.71739,27.9171],[-97.72131,27.91854],[-97.71854,27.9148],[-97.71504,27.91521],[-97.7157,27.91137],[-97.72507,27.91584],[-97.72961,27.91399],[-97.73101,27.91571],[-97.73379,27.91532],[-97.73232,27.91268],[-97.73574,27.91168],[-97.73699,27.9154],[-97.73313,27.91821],[-97.73358,27.91988],[-97.73063,27.91974],[-97.72933,27.92186],[-97.73056,27.92335],[-97.73474,27.92541],[-97.74585,27.92662],[-97.74927,27.93243],[-97.75577,27.92898],[-97.75485,27.92604],[-97.7608,27.92247],[-97.76339,27.92418],[-97.76207,27.92705],[-97.76524,27.92613],[-97.76668,27.92755],[-97.7619,27.93313],[-97.76419,27.93795],[-97.76658,27.93838],[-97.76807,27.93585],[-97.77608,27.93808],[-97.77694,27.94247],[-97.77993,27.94495],[-97.77872,27.9476],[-97.79522,27.94253],[-97.79695,27.93412],[-97.79886,27.93587],[-97.80233,27.93398],[-97.80416,27.93585],[-97.80664,27.93468],[-97.80551,27.9364],[-97.80951,27.94159],[-97.80608,27.94118],[-97.80554,27.94446],[-97.81014,27.94448],[-97.80894,27.9458],[-97.81024,27.95115],[-97.80954,27.95781],[-97.81263,27.96268],[-97.81221,27.96505],[-97.81747,27.97032],[-97.81607,27.97319],[-97.8116,27.97475],[-97.80983,27.97226],[-97.80783,27.97247],[-97.80575,27.97897],[-97.8023,27.97986],[-97.79837,27.98989],[-97.79991,27.99292],[-97.79594,28.00267],[-97.7967,28.01098],[-97.79483,28.01133],[-97.79329,28.0145],[-97.79161,28.01442],[-97.79159,28.01131],[-97.78905,28.01393],[-97.79119,28.01635],[-97.79037,28.01932],[-97.79569,28.03051],[-97.79904,28.0313],[-97.79989,28.0326],[-97.79857,28.03363],[-97.80158,28.03625],[-97.80125,28.0382],[-97.80591,28.04135],[-97.81179,28.04145],[-97.81442,28.03852],[-97.81973,28.04069],[-97.82003,28.0388],[-97.82595,28.03805],[-97.82283,28.03676],[-97.82353,28.03567],[-97.8341,28.03719],[-97.83949,28.03457],[-97.85,28.03768],[-97.8533,28.03665],[-97.85482,28.03834],[-97.86052,28.03816],[-97.86448,28.0414],[-97.86784,28.04125],[-97.87211,28.04627],[-97.87481,28.04524],[-97.87807,28.0463],[-97.87506,28.05048],[-97.87939,28.05415],[-97.88236,28.05303],[-97.88451,28.05428],[-97.88275,28.05632],[-97.88461,28.05749],[-97.88381,28.05996],[-97.88888,28.06038],[-97.88906,28.06281],[-97.89072,28.06338],[-97.89502,28.06086],[-97.9014,28.06784],[-97.90023,28.06932],[-97.90204,28.07126],[-97.90117,28.0758],[-97.89725,28.07449],[-97.89543,28.07568],[-97.90369,28.08637],[-97.90773,28.08676],[-97.90874,28.09219],[-97.90695,28.09494],[-97.90753,28.09744],[-97.89723,28.09958],[-97.89641,28.1011],[-97.89936,28.10389],[-97.89776,28.11339],[-97.90407,28.11417],[-97.81785,28.17688],[-97.56747,28.12958],[-97.54083,28.16493],[-97.52768,28.16069],[-97.52334,28.15228],[-97.52106,28.15131],[-97.51427,28.15359],[-97.50824,28.15914],[-97.49473,28.16588],[-97.4819,28.1689],[-97.4783,28.17752],[-97.47611,28.17938]]]]},"properties":{"fips":"48409","name":"San Patricio","n":428,"mw":977.7,"first":2009,"last":2022,"hh":85.1,"projects":5}},{"type":"Feature","id":48059,"geometry":{"type":"MultiPolygon","coordinates":[[[[-99.1144,32.51493],[-99.11889,32.07971],[-99.50733,32.07984],[-99.63161,32.08135],[-99.62965,32.51456],[-99.1144,32.51493]]]]},"properties":{"fips":"48059","name":"Callahan","n":238,"mw":904.8,"first":2007,"last":2024,"hh":99.7,"projects":5}},{"type":"Feature","id":48359,"geometry":{"type":"MultiPolygon","coordinates":[[[[-102.16289,35.62019],[-102.16743,35.1832],[-102.62554,35.18708],[-102.83776,35.18324],[-103.04247,35.18318],[-103.04174,35.62243],[-102.16287,35.62758],[-102.16289,35.62019]]]]},"properties":{"fips":"48359","name":"Oldham","n":418,"mw":888.6,"first":2007,"last":2019,"hh":80.0,"projects":7}},{"type":"Feature","id":48479,"geometry":{"type":"MultiPolygon","coordinates":[[[[-99.39432,28.20457],[-99.3889,28.03039],[-98.80338,28.05747],[-98.79809,27.26798],[-99.3336,27.27338],[-99.37048,27.31907],[-99.45373,27.26507],[-99.46321,27.26842],[-99.48083,27.2599],[-99.48569,27.25981],[-99.49069,27.26258],[-99.4966,27.272],[-99.48747,27.29],[-99.48792,27.29492],[-99.49179,27.30041],[-99.49563,27.30434],[-99.49982,27.30593],[-99.52124,27.30383],[-99.52894,27.30572],[-99.53585,27.31182],[-99.53798,27.31711],[-99.53125,27.32383],[-99.51952,27.32584],[-99.50447,27.33879],[-99.50771,27.34836],[-99.50772,27.35411],[-99.49924,27.37269],[-99.49244,27.38004],[-99.49281,27.39185],[-99.48953,27.39941],[-99.48757,27.41145],[-99.49552,27.43811],[-99.49543,27.44608],[-99.49281,27.45422],[-99.48354,27.46656],[-99.48251,27.47518],[-99.47881,27.48017],[-99.48209,27.48974],[-99.49337,27.49757],[-99.50218,27.50035],[-99.51377,27.49919],[-99.51998,27.49653],[-99.52591,27.49657],[-99.52819,27.49819],[-99.52528,27.51052],[-99.52549,27.52202],[-99.52253,27.53242],[-99.52207,27.54407],[-99.51908,27.55296],[-99.51407,27.55666],[-99.51132,27.56496],[-99.51543,27.57176],[-99.52966,27.57982],[-99.5355,27.59094],[-99.53956,27.60361],[-99.55517,27.61436],[-99.56086,27.60746],[-99.57851,27.60212],[-99.58405,27.60363],[-99.58459,27.60598],[-99.57935,27.60785],[-99.57688,27.61098],[-99.57726,27.61862],[-99.58374,27.62145],[-99.59214,27.62836],[-99.59533,27.64198],[-99.60395,27.64207],[-99.61678,27.63778],[-99.62172,27.64383],[-99.62425,27.64396],[-99.62715,27.6405],[-99.62514,27.63161],[-99.62793,27.62939],[-99.639,27.62666],[-99.66582,27.63586],[-99.66559,27.64022],[-99.66076,27.64342],[-99.65816,27.64917],[-99.6622,27.6559],[-99.6666,27.65894],[-99.67218,27.66014],[-99.67971,27.65913],[-99.68651,27.6614],[-99.68911,27.66389],[-99.69027,27.66874],[-99.69682,27.663],[-99.69903,27.65575],[-99.70454,27.65499],[-99.70949,27.6573],[-99.72193,27.66655],[-99.72529,27.676],[-99.73759,27.69241],[-99.75723,27.71175],[-99.76067,27.72106],[-99.77006,27.73158],[-99.77445,27.73356],[-99.78797,27.7307],[-99.79721,27.73649],[-99.80168,27.74214],[-99.80694,27.76218],[-99.81355,27.7745],[-99.81912,27.77625],[-99.82221,27.76743],[-99.82571,27.76465],[-99.83402,27.76277],[-99.84102,27.76572],[-99.85099,27.79396],[-99.8703,27.79462],[-99.87497,27.79644],[-99.87771,27.7996],[-99.87388,27.8141],[-99.87797,27.82636],[-99.87587,27.83475],[-99.87705,27.84201],[-99.88154,27.85036],[-99.89271,27.85551],[-99.9013,27.86415],[-99.9043,27.87435],[-99.90321,27.88099],[-99.89385,27.89378],[-99.89339,27.89924],[-99.89727,27.90795],[-99.90053,27.9124],[-99.91868,27.91882],[-99.92592,27.92708],[-99.92425,27.93132],[-99.9265,27.93558],[-99.9338,27.93758],[-99.93747,27.94099],[-99.93871,27.95319],[-99.93351,27.96339],[-99.93142,27.98057],[-99.94009,27.98248],[-99.96173,27.98353],[-99.99027,27.99342],[-100.00765,28.02097],[-100.01314,28.03835],[-100.01792,28.06512],[-100.02815,28.07296],[-100.04367,28.07792],[-100.05265,28.08426],[-100.05715,28.09469],[-100.05619,28.10369],[-100.06798,28.11401],[-100.07554,28.12491],[-100.08402,28.14467],[-100.08999,28.14834],[-100.12018,28.15593],[-100.14207,28.16838],[-100.15966,28.16776],[-100.16825,28.17128],[-100.17385,28.17889],[-100.1863,28.18604],[-100.1964,28.19007],[-100.20782,28.1903],[-100.21129,28.19354],[-100.21235,28.19684],[-99.39432,28.20457]]]]},"properties":{"fips":"48479","name":"Webb","n":450,"mw":858.4,"first":2010,"last":2018,"hh":87.7,"projects":5}},{"type":"Feature","id":48487,"geometry":{"type":"MultiPolygon","coordinates":[[[[-98.95242,34.20158],[-98.95317,33.83397],[-99.47548,33.83408],[-99.47487,34.39502],[-99.47139,34.39602],[-99.46565,34.39402],[-99.46395,34.38341],[-99.46036,34.3801],[-99.45703,34.38083],[-99.45471,34.38731],[-99.45314,34.38775],[-99.44753,34.37923],[-99.43555,34.36958],[-99.42943,34.37072],[-99.4257,34.38162],[-99.42179,34.38121],[-99.4092,34.37259],[-99.4031,34.37285],[-99.39702,34.37807],[-99.39401,34.39968],[-99.38498,34.4063],[-99.38896,34.40991],[-99.39543,34.40787],[-99.39754,34.40933],[-99.39362,34.41492],[-99.39636,34.41925],[-99.39076,34.4222],[-99.39504,34.42744],[-99.3935,34.43212],[-99.39422,34.44162],[-99.37764,34.45821],[-99.36124,34.45566],[-99.35803,34.44977],[-99.35642,34.44144],[-99.34381,34.43183],[-99.33414,34.42762],[-99.32643,34.41896],[-99.32127,34.41673],[-99.3204,34.40748],[-99.31061,34.40891],[-99.29664,34.41367],[-99.29085,34.41137],[-99.28181,34.40153],[-99.27513,34.40101],[-99.26949,34.40306],[-99.26447,34.4015],[-99.26069,34.39723],[-99.26179,34.39242],[-99.26443,34.39036],[-99.27494,34.38772],[-99.27454,34.38428],[-99.27008,34.38073],[-99.26342,34.37894],[-99.25811,34.37241],[-99.25524,34.37216],[-99.2511,34.37464],[-99.24682,34.37368],[-99.24541,34.37027],[-99.2481,34.36863],[-99.24821,34.36521],[-99.24466,34.3636],[-99.23729,34.36602],[-99.23738,34.36005],[-99.23502,34.35613],[-99.23569,34.35148],[-99.23284,34.34712],[-99.22126,34.34445],[-99.21264,34.34761],[-99.21247,34.34558],[-99.21681,34.34374],[-99.21736,34.34211],[-99.21614,34.33802],[-99.20838,34.33036],[-99.208,34.3244],[-99.20357,34.32264],[-99.1949,34.3239],[-99.20391,34.30424],[-99.20041,34.30063],[-99.19611,34.3026],[-99.19419,34.30195],[-99.19268,34.29642],[-99.19763,34.2934],[-99.20838,34.29466],[-99.21047,34.28832],[-99.2069,34.28272],[-99.19757,34.28087],[-99.19605,34.27868],[-99.19531,34.27183],[-99.19877,34.26817],[-99.20601,34.26482],[-99.20782,34.26079],[-99.20346,34.25814],[-99.1993,34.26017],[-99.19484,34.26003],[-99.19257,34.25766],[-99.19656,34.24581],[-99.19243,34.23328],[-99.19359,34.22228],[-99.19053,34.21704],[-99.18704,34.21603],[-99.18504,34.21713],[-99.1811,34.22113],[-99.18021,34.22572],[-99.17864,34.22601],[-99.17555,34.22332],[-99.17473,34.21174],[-99.16097,34.20825],[-99.15251,34.20958],[-99.13973,34.21725],[-99.13677,34.21748],[-99.13328,34.21493],[-99.12894,34.20442],[-99.12382,34.20198],[-99.11947,34.2038],[-99.11165,34.20378],[-99.10944,34.2054],[-99.1004,34.20501],[-99.10081,34.21112],[-99.09089,34.20918],[-99.08198,34.21276],[-99.06968,34.20865],[-99.06317,34.20188],[-99.05784,34.20091],[-99.05174,34.20259],[-99.04286,34.19737],[-99.0404,34.19794],[-99.0384,34.2007],[-99.03027,34.19574],[-99.02247,34.19998],[-99.0216,34.20385],[-99.01982,34.20359],[-99.02166,34.2043],[-99.02182,34.20644],[-99.01937,34.20756],[-99.01297,34.20325],[-99.00696,34.2079],[-98.99942,34.21803],[-98.99312,34.22003],[-98.98376,34.21722],[-98.97286,34.2032],[-98.96737,34.20371],[-98.95871,34.20972],[-98.95242,34.20158]]]]},"properties":{"fips":"48487","name":"Wilbarger","n":361,"mw":828.8,"first":2012,"last":2021,"hh":84.3,"projects":5}},{"type":"Feature","id":48333,"geometry":{"type":"MultiPolygon","coordinates":[[[[-98.46355,31.6841],[-98.26682,31.41055],[-98.56268,31.23049],[-98.56529,31.24228],[-98.57526,31.25394],[-98.57953,31.26531],[-98.58884,31.26759],[-98.59266,31.26614],[-98.59468,31.26248],[-98.59403,31.25446],[-98.59627,31.25324],[-98.60655,31.26097],[-98.62538,31.26969],[-98.62838,31.27421],[-98.62689,31.28131],[-98.62229,31.28512],[-98.6141,31.28164],[-98.59853,31.28699],[-98.59619,31.30641],[-98.59459,31.31121],[-98.58636,31.3201],[-98.58739,31.32555],[-98.59426,31.32645],[-98.59799,31.318],[-98.6038,31.3132],[-98.60832,31.31189],[-98.62358,31.30943],[-98.63081,31.31023],[-98.63063,31.31581],[-98.61825,31.32208],[-98.61869,31.32402],[-98.62235,31.32547],[-98.63162,31.3258],[-98.64347,31.31428],[-98.6479,31.31499],[-98.64854,31.32341],[-98.64211,31.3278],[-98.63971,31.33205],[-98.64512,31.33566],[-98.64693,31.34066],[-98.64172,31.34604],[-98.63832,31.34684],[-98.63641,31.3526],[-98.6453,31.35951],[-98.64853,31.35977],[-98.65197,31.35708],[-98.65465,31.35857],[-98.65024,31.36588],[-98.65119,31.3685],[-98.654,31.37008],[-98.67002,31.36104],[-98.66992,31.35593],[-98.67167,31.35308],[-98.67693,31.35198],[-98.68294,31.34599],[-98.69001,31.34401],[-98.69611,31.33962],[-98.70282,31.33921],[-98.70668,31.34707],[-98.7127,31.34779],[-98.71263,31.35526],[-98.70594,31.35622],[-98.70334,31.35994],[-98.7026,31.36494],[-98.70515,31.36936],[-98.7043,31.38022],[-98.69857,31.38547],[-98.69294,31.38767],[-98.69603,31.39455],[-98.69552,31.40529],[-98.69733,31.40768],[-98.70634,31.40764],[-98.7184,31.40411],[-98.72563,31.40849],[-98.7291,31.4131],[-98.72561,31.41612],[-98.7242,31.4242],[-98.72559,31.42802],[-98.73722,31.43048],[-98.74276,31.42822],[-98.7368,31.41845],[-98.74018,31.40783],[-98.74418,31.40429],[-98.75097,31.40367],[-98.75553,31.40067],[-98.75567,31.39697],[-98.75178,31.38709],[-98.76204,31.37573],[-98.7676,31.37524],[-98.77102,31.38055],[-98.77727,31.37695],[-98.77945,31.37888],[-98.77597,31.38607],[-98.77459,31.40343],[-98.77284,31.40866],[-98.7735,31.41201],[-98.77676,31.41388],[-98.78819,31.40764],[-98.7997,31.41059],[-98.80764,31.40576],[-98.81289,31.40477],[-98.81679,31.40699],[-98.81419,31.41302],[-98.81577,31.41703],[-98.83022,31.41024],[-98.84671,31.4106],[-98.85477,31.41401],[-98.85245,31.42033],[-98.85879,31.43426],[-98.87102,31.44376],[-98.87521,31.44459],[-98.88563,31.44271],[-98.89582,31.43355],[-98.90362,31.43633],[-98.91006,31.4341],[-98.91793,31.43597],[-98.92563,31.43403],[-98.93327,31.43703],[-98.93564,31.45523],[-98.94084,31.45847],[-98.94675,31.45814],[-98.95341,31.45454],[-98.95564,31.45112],[-98.953,31.44719],[-98.96345,31.43494],[-98.96647,31.43524],[-98.96713,31.44406],[-98.96354,31.44656],[-98.96511,31.45344],[-98.97746,31.4559],[-98.99486,31.46647],[-98.99435,31.47239],[-98.98691,31.47902],[-98.98745,31.48209],[-98.99297,31.48483],[-98.93693,31.51584],[-98.78011,31.61061],[-98.76002,31.68794],[-98.4926,31.72341],[-98.46355,31.6841]]]]},"properties":{"fips":"48333","name":"Mills","n":269,"mw":780.6,"first":2013,"last":2023,"hh":94.9,"projects":4}},{"type":"Feature","id":48305,"geometry":{"type":"MultiPolygon","coordinates":[[[[-101.83543,33.39242],[-101.55678,33.39514],[-101.55754,32.96105],[-101.69134,32.96202],[-102.07532,32.95983],[-102.07591,33.38884],[-101.83543,33.39242]]]]},"properties":{"fips":"48305","name":"Lynn","n":318,"mw":766.6,"first":2012,"last":2020,"hh":85.7,"projects":5}},{"type":"Feature","id":48207,"geometry":{"type":"MultiPolygon","coordinates":[[[[-99.47239,33.39898],[-99.4713,32.95709],[-99.61974,32.95695],[-99.98891,32.96031],[-99.98913,33.25042],[-99.99101,33.39723],[-99.47239,33.39898]]]]},"properties":{"fips":"48207","name":"Haskell","n":281,"mw":757.0,"first":2016,"last":2023,"hh":94.1,"projects":4}},{"type":"Feature","id":48461,"geometry":{"type":"MultiPolygon","coordinates":[[[[-101.77577,31.65133],[-101.77606,31.07978],[-102.30122,31.08626],[-102.30099,31.12784],[-102.30729,31.19715],[-102.31242,31.34395],[-102.31748,31.54804],[-102.3179,31.65132],[-101.77577,31.65133]]]]},"properties":{"fips":"48461","name":"Upton","n":372,"mw":752.4,"first":2001,"last":2022,"hh":71.0,"projects":5}},{"type":"Feature","id":48447,"geometry":{"type":"MultiPolygon","coordinates":[[[[-98.95411,33.3976],[-98.95083,32.95694],[-99.4713,32.95709],[-99.47239,33.39898],[-98.95411,33.3976]]]]},"properties":{"fips":"48447","name":"Throckmorton","n":183,"mw":727.3,"first":2022,"last":2023,"hh":102.8,"projects":3}},{"type":"Feature","id":48061,"geometry":{"type":"MultiPolygon","coordinates":[[[[-97.22371,26.41137],[-97.19478,26.30691],[-97.18255,26.25037],[-97.17179,26.17979],[-97.16275,26.09661],[-97.1588,26.07831],[-97.15533,26.0683],[-97.15165,26.06394],[-97.1533,26.05487],[-97.15217,26.0193],[-97.14533,25.97408],[-97.14545,25.97121],[-97.14683,25.97059],[-97.14584,25.95599],[-97.1493,25.95209],[-97.15636,25.94916],[-97.15954,25.94946],[-97.159,25.96287],[-97.16759,25.96055],[-97.17622,25.96562],[-97.17868,25.96456],[-97.17889,25.96107],[-97.18776,25.95804],[-97.18891,25.95384],[-97.1969,25.9578],[-97.20554,25.95849],[-97.2088,25.96398],[-97.21998,25.95777],[-97.22853,25.95892],[-97.23994,25.95505],[-97.24787,25.94805],[-97.26212,25.95123],[-97.27632,25.95221],[-97.28244,25.95892],[-97.28435,25.95908],[-97.28954,25.95422],[-97.2846,25.94956],[-97.27722,25.94611],[-97.28092,25.94398],[-97.27701,25.93853],[-97.27712,25.93526],[-97.28884,25.93636],[-97.29698,25.93369],[-97.30004,25.93699],[-97.30269,25.93694],[-97.30443,25.93492],[-97.30453,25.92888],[-97.30706,25.92684],[-97.31047,25.92677],[-97.31511,25.93166],[-97.31981,25.93024],[-97.32437,25.92505],[-97.32488,25.91843],[-97.32638,25.91755],[-97.33087,25.9184],[-97.33322,25.92601],[-97.33494,25.92079],[-97.33771,25.92071],[-97.33686,25.9295],[-97.34304,25.92906],[-97.34801,25.93128],[-97.35084,25.92414],[-97.35438,25.92011],[-97.36205,25.91572],[-97.36837,25.91516],[-97.36864,25.90965],[-97.37428,25.90797],[-97.37379,25.90558],[-97.36613,25.90232],[-97.36616,25.8909],[-97.35688,25.88807],[-97.35859,25.88637],[-97.36739,25.8848],[-97.37377,25.87995],[-97.37222,25.87822],[-97.36278,25.87798],[-97.35914,25.87944],[-97.35895,25.87225],[-97.35676,25.86765],[-97.35911,25.86619],[-97.3616,25.86909],[-97.36916,25.85869],[-97.37607,25.85595],[-97.37506,25.85403],[-97.36636,25.85347],[-97.36398,25.8508],[-97.36494,25.84972],[-97.36934,25.85051],[-97.37136,25.84883],[-97.37308,25.83983],[-97.38199,25.83983],[-97.38723,25.84375],[-97.38959,25.83942],[-97.39368,25.83734],[-97.39989,25.83902],[-97.40591,25.83804],[-97.4061,25.84012],[-97.40021,25.84233],[-97.39894,25.85058],[-97.40248,25.85189],[-97.40594,25.84557],[-97.40883,25.84639],[-97.41025,25.85046],[-97.40803,25.85522],[-97.40826,25.86094],[-97.40977,25.86214],[-97.41261,25.85998],[-97.41399,25.85619],[-97.41446,25.84683],[-97.41277,25.84157],[-97.42318,25.84029],[-97.42759,25.84201],[-97.43608,25.84961],[-97.44213,25.84817],[-97.44419,25.84906],[-97.44577,25.85144],[-97.4443,25.85431],[-97.44537,25.85617],[-97.45368,25.85399],[-97.45164,25.85891],[-97.44818,25.85951],[-97.44466,25.86771],[-97.44879,25.87205],[-97.4531,25.868],[-97.45654,25.86836],[-97.45452,25.87987],[-97.45544,25.88388],[-97.46406,25.88186],[-97.47042,25.87566],[-97.47316,25.87629],[-97.47431,25.87853],[-97.46794,25.88451],[-97.46772,25.88748],[-97.46919,25.88881],[-97.48349,25.87912],[-97.48751,25.87911],[-97.48632,25.88352],[-97.48834,25.88543],[-97.49295,25.88056],[-97.49613,25.87948],[-97.49763,25.88232],[-97.49638,25.89522],[-97.49825,25.89894],[-97.51039,25.88779],[-97.52107,25.88588],[-97.5235,25.88955],[-97.52411,25.89927],[-97.52897,25.90713],[-97.53332,25.90835],[-97.53376,25.91174],[-97.53024,25.91642],[-97.53017,25.9199],[-97.54283,25.91997],[-97.54252,25.92223],[-97.53729,25.92725],[-97.53729,25.93057],[-97.54339,25.92334],[-97.54547,25.92511],[-97.546,25.93348],[-97.55218,25.93693],[-97.5573,25.93577],[-97.5594,25.92705],[-97.56109,25.92584],[-97.56783,25.92762],[-97.56632,25.93192],[-97.56761,25.93383],[-97.57465,25.93499],[-97.58339,25.93356],[-97.58372,25.93648],[-97.58197,25.93865],[-97.56647,25.94513],[-97.56804,25.95241],[-97.57467,25.95348],[-97.57355,25.94518],[-97.57865,25.94227],[-97.58303,25.9551],[-97.58227,25.96234],[-97.59322,25.96162],[-97.59891,25.95707],[-97.60239,25.95767],[-97.61052,25.96589],[-97.60802,25.97124],[-97.60845,25.97691],[-97.6174,25.97987],[-97.62096,25.98863],[-97.6311,25.98816],[-97.63452,25.99034],[-97.63307,25.99462],[-97.63063,25.99628],[-97.62602,25.99498],[-97.62282,25.99171],[-97.62075,25.9921],[-97.61853,25.99575],[-97.61825,26.0021],[-97.62006,26.00237],[-97.62353,25.99734],[-97.62767,25.99671],[-97.62688,26.00578],[-97.62958,26.0056],[-97.6333,26.00064],[-97.63549,26.00014],[-97.64891,26.01039],[-97.64828,26.01237],[-97.64016,26.01195],[-97.63737,26.01404],[-97.63704,26.01951],[-97.64025,26.02447],[-97.64509,26.02774],[-97.64746,26.02628],[-97.65064,26.02245],[-97.65037,26.01733],[-97.65195,26.01597],[-97.65833,26.01997],[-97.66797,26.01943],[-97.66695,26.02474],[-97.66082,26.03064],[-97.66054,26.03368],[-97.66259,26.03778],[-97.66601,26.02981],[-97.66903,26.02978],[-97.67103,26.03385],[-97.67469,26.03272],[-97.67596,26.03003],[-97.67402,26.02745],[-97.67553,26.02597],[-97.68541,26.0268],[-97.69336,26.03196],[-97.69306,26.02602],[-97.69024,26.02188],[-97.69247,26.01919],[-97.69745,26.02464],[-97.69726,26.03104],[-97.70244,26.03185],[-97.70672,26.03751],[-97.70912,26.03513],[-97.71004,26.02612],[-97.72037,26.02349],[-97.72099,26.0248],[-97.71853,26.02886],[-97.71947,26.03084],[-97.73453,26.03172],[-97.7367,26.03072],[-97.73617,26.02909],[-97.73282,26.02724],[-97.72733,26.02784],[-97.72529,26.02468],[-97.72636,26.02287],[-97.73181,26.02344],[-97.73689,26.02158],[-97.7379,26.02327],[-97.73592,26.02738],[-97.73735,26.02892],[-97.74389,26.0294],[-97.74838,26.02674],[-97.74943,26.03038],[-97.75214,26.03155],[-97.75969,26.02618],[-97.76266,26.0264],[-97.76409,26.02857],[-97.76276,26.04188],[-97.76887,26.04751],[-97.77682,26.04419],[-97.7759,26.04002],[-97.76942,26.03591],[-97.77428,26.03359],[-97.77752,26.02942],[-97.78266,26.03404],[-97.78928,26.03331],[-97.79339,26.03487],[-97.7974,26.0399],[-97.79752,26.04301],[-97.7941,26.04718],[-97.78928,26.04775],[-97.78892,26.04982],[-97.79307,26.05328],[-97.79913,26.05341],[-97.80176,26.06013],[-97.81079,26.05584],[-97.81245,26.05183],[-97.81164,26.04591],[-97.81374,26.04464],[-97.81658,26.04662],[-97.81537,26.05429],[-97.81833,26.05644],[-97.82634,26.0553],[-97.82938,26.04962],[-97.83447,26.04656],[-97.83643,26.05131],[-97.83898,26.05304],[-97.8516,26.05219],[-97.86114,26.05373],[-97.86191,26.06096],[-97.85932,26.0667],[-97.86181,26.06979],[-97.8619,26.34824],[-97.52746,26.29925],[-97.52561,26.30404],[-97.52699,26.31714],[-97.52251,26.32489],[-97.51461,26.32693],[-97.50708,26.32144],[-97.50721,26.31749],[-97.51437,26.31612],[-97.51452,26.3142],[-97.51262,26.31303],[-97.50576,26.31312],[-97.50103,26.31843],[-97.50087,26.32191],[-97.50421,26.32433],[-97.50551,26.3293],[-97.50872,26.33278],[-97.50769,26.33476],[-97.50297,26.33278],[-97.49348,26.33656],[-97.48445,26.33699],[-97.47811,26.33532],[-97.47007,26.32979],[-97.46845,26.33308],[-97.47495,26.34105],[-97.47319,26.34251],[-97.46753,26.34283],[-97.46454,26.34022],[-97.46638,26.3345],[-97.46545,26.33208],[-97.45904,26.33175],[-97.45604,26.32613],[-97.45365,26.32474],[-97.44573,26.32546],[-97.4361,26.34009],[-97.43097,26.36326],[-97.42133,26.36613],[-97.41189,26.37376],[-97.40102,26.38597],[-97.39813,26.39729],[-97.39483,26.40216],[-97.39491,26.40569],[-97.39066,26.41138],[-97.22371,26.41137]]]]},"properties":{"fips":"48061","name":"Cameron","n":258,"mw":713.5,"first":2012,"last":2022,"hh":89.2,"projects":8}},{"type":"Feature","id":48081,"geometry":{"type":"MultiPolygon","coordinates":[[[[-100.59616,32.08441],[-100.30757,32.08124],[-100.23515,32.08176],[-100.23575,31.69303],[-100.64014,31.6939],[-100.82542,31.69613],[-100.82152,32.08647],[-100.59616,32.08441]]]]},"properties":{"fips":"48081","name":"Coke","n":316,"mw":707.1,"first":2008,"last":2020,"hh":83.7,"projects":4}},{"type":"Feature","id":48033,"geometry":{"type":"MultiPolygon","coordinates":[[[[-101.6841,32.96197],[-101.55754,32.96105],[-101.17344,32.96361],[-101.17451,32.52388],[-101.68864,32.52519],[-101.69134,32.96202],[-101.6841,32.96197]]]]},"properties":{"fips":"48033","name":"Borden","n":416,"mw":662.3,"first":2003,"last":2019,"hh":78.8,"projects":7}},{"type":"Feature","id":48371,"geometry":{"type":"MultiPolygon","coordinates":[[[[-103.00923,31.36928],[-102.99878,31.36379],[-102.99626,31.36099],[-102.99896,31.35918],[-102.99592,31.35872],[-102.99584,31.3568],[-102.99343,31.35774],[-102.98908,31.35611],[-102.98646,31.35796],[-102.98493,31.35575],[-102.98059,31.35607],[-102.97914,31.35287],[-102.97624,31.35598],[-102.97771,31.35795],[-102.97354,31.35598],[-102.97279,31.35906],[-102.97224,31.35663],[-102.96663,31.35145],[-102.96269,31.35162],[-102.96302,31.3531],[-102.95933,31.35465],[-102.95746,31.35256],[-102.9581,31.351],[-102.94773,31.35319],[-102.94543,31.35248],[-102.94405,31.34923],[-102.93365,31.35003],[-102.93374,31.34772],[-102.93144,31.34548],[-102.93237,31.34382],[-102.92749,31.33774],[-102.91369,31.33892],[-102.91209,31.33656],[-102.90541,31.33416],[-102.90121,31.33048],[-102.89961,31.32424],[-102.87534,31.31632],[-102.87561,31.3144],[-102.87299,31.3121],[-102.87672,31.31156],[-102.87783,31.30739],[-102.8719,31.30023],[-102.86591,31.29928],[-102.86467,31.29629],[-102.85906,31.29573],[-102.8576,31.29298],[-102.85593,31.29308],[-102.85628,31.29059],[-102.85332,31.29192],[-102.85197,31.29011],[-102.84811,31.29062],[-102.84498,31.28743],[-102.83745,31.28507],[-102.83542,31.28009],[-102.82985,31.27567],[-102.82941,31.27417],[-102.83089,31.27333],[-102.82785,31.27037],[-102.82616,31.27072],[-102.82714,31.26894],[-102.82551,31.26856],[-102.82688,31.26693],[-102.82412,31.26742],[-102.82345,31.27049],[-102.82086,31.26793],[-102.81892,31.26973],[-102.82104,31.27018],[-102.81687,31.27185],[-102.8174,31.27398],[-102.81603,31.27269],[-102.81376,31.27413],[-102.81285,31.27266],[-102.81167,31.27513],[-102.80976,31.27375],[-102.80903,31.2768],[-102.80644,31.2772],[-102.80203,31.28125],[-102.8023,31.28293],[-102.80037,31.28266],[-102.79964,31.28053],[-102.78676,31.28468],[-102.77834,31.29273],[-102.77551,31.29161],[-102.77426,31.29526],[-102.77247,31.29346],[-102.76877,31.2955],[-102.76806,31.29375],[-102.76294,31.29288],[-102.76145,31.29442],[-102.7559,31.29166],[-102.75783,31.29022],[-102.75519,31.29032],[-102.75648,31.2879],[-102.75451,31.28566],[-102.75695,31.28545],[-102.7571,31.28351],[-102.75373,31.27908],[-102.74663,31.28258],[-102.74346,31.28145],[-102.74446,31.28317],[-102.74257,31.28483],[-102.74178,31.28301],[-102.73918,31.28264],[-102.73692,31.28559],[-102.73018,31.28763],[-102.73251,31.29208],[-102.72903,31.29502],[-102.73175,31.29535],[-102.73219,31.29829],[-102.72961,31.29812],[-102.72995,31.30121],[-102.72682,31.29996],[-102.72935,31.30294],[-102.72625,31.30447],[-102.72499,31.30823],[-102.72267,31.30723],[-102.72201,31.30964],[-102.71873,31.30903],[-102.71705,31.31095],[-102.71206,31.31024],[-102.71089,31.31261],[-102.70729,31.31146],[-102.69619,31.31852],[-102.67658,31.32682],[-102.67729,31.32913],[-102.67588,31.32998],[-102.66609,31.32493],[-102.66439,31.32106],[-102.66512,31.31378],[-102.662,31.31587],[-102.65641,31.31348],[-102.65516,31.31567],[-102.65108,31.31219],[-102.64799,31.31553],[-102.64804,31.31289],[-102.64643,31.31357],[-102.6412,31.31029],[-102.64208,31.30741],[-102.63989,31.30785],[-102.63809,31.30485],[-102.63522,31.30527],[-102.63708,31.30092],[-102.63559,31.29799],[-102.638,31.29621],[-102.63556,31.29369],[-102.63236,31.29399],[-102.6293,31.29098],[-102.62345,31.29235],[-102.62141,31.28933],[-102.61625,31.28934],[-102.61687,31.28609],[-102.61543,31.28516],[-102.60857,31.28598],[-102.60813,31.28368],[-102.61005,31.28361],[-102.61007,31.28236],[-102.60694,31.28158],[-102.60857,31.28],[-102.60484,31.2791],[-102.60477,31.27676],[-102.6027,31.27601],[-102.60461,31.27314],[-102.604,31.27098],[-102.60162,31.27215],[-102.60152,31.27004],[-102.59899,31.27033],[-102.60063,31.26709],[-102.59853,31.26581],[-102.59686,31.26685],[-102.59652,31.26417],[-102.5945,31.2675],[-102.59159,31.26409],[-102.58908,31.26351],[-102.5884,31.26033],[-102.5862,31.26339],[-102.58401,31.2629],[-102.58348,31.26519],[-102.5807,31.26319],[-102.58192,31.26703],[-102.57989,31.26779],[-102.57866,31.27185],[-102.57669,31.26818],[-102.57487,31.26821],[-102.57656,31.27077],[-102.57458,31.27285],[-102.57151,31.2697],[-102.56978,31.27086],[-102.56657,31.2699],[-102.56681,31.27262],[-102.56431,31.27108],[-102.56414,31.26897],[-102.56121,31.26782],[-102.54993,31.269],[-102.55121,31.26712],[-102.5499,31.26569],[-102.548,31.2674],[-102.54664,31.26626],[-102.54436,31.2673],[-102.54306,31.26507],[-102.54093,31.26737],[-102.54093,31.26564],[-102.53813,31.26535],[-102.5385,31.2639],[-102.53615,31.2652],[-102.53615,31.26337],[-102.5332,31.26082],[-102.52344,31.26276],[-102.52263,31.26066],[-102.5207,31.26282],[-102.51497,31.26034],[-102.51479,31.2588],[-102.50938,31.25853],[-102.50651,31.25385],[-102.50245,31.25312],[-102.5023,31.24907],[-102.50014,31.24756],[-102.49832,31.24882],[-102.50173,31.24547],[-102.49838,31.24631],[-102.49788,31.24435],[-102.49655,31.24559],[-102.49725,31.24401],[-102.49405,31.24053],[-102.49095,31.24065],[-102.48971,31.23798],[-102.49049,31.23504],[-102.48571,31.23564],[-102.48554,31.23821],[-102.48361,31.23714],[-102.48382,31.23549],[-102.4817,31.23589],[-102.48172,31.23395],[-102.47735,31.23168],[-102.47701,31.22941],[-102.47423,31.22965],[-102.47317,31.22684],[-102.47181,31.22863],[-102.46578,31.22664],[-102.46874,31.22337],[-102.46642,31.22216],[-102.46586,31.21956],[-102.4693,31.21971],[-102.46456,31.21781],[-102.46255,31.21888],[-102.46312,31.22197],[-102.45597,31.22362],[-102.45295,31.22025],[-102.45437,31.21905],[-102.4506,31.21335],[-102.44804,31.21372],[-102.44784,31.21244],[-102.44643,31.21349],[-102.44793,31.21454],[-102.44652,31.21464],[-102.44213,31.21267],[-102.44194,31.20981],[-102.44014,31.21022],[-102.44091,31.20878],[-102.43899,31.20846],[-102.44063,31.20656],[-102.4372,31.20265],[-102.4386,31.1979],[-102.43371,31.19551],[-102.43234,31.19689],[-102.43331,31.19404],[-102.42962,31.19359],[-102.43131,31.19244],[-102.42855,31.18927],[-102.42942,31.18332],[-102.42512,31.17825],[-102.42809,31.17467],[-102.4305,31.17479],[-102.42736,31.17156],[-102.42588,31.17265],[-102.42815,31.16676],[-102.42609,31.16689],[-102.4254,31.16384],[-102.42351,31.16337],[-102.42612,31.16117],[-102.42542,31.15933],[-102.42353,31.16012],[-102.42337,31.1561],[-102.42566,31.15241],[-102.42276,31.14907],[-102.42599,31.14804],[-102.42651,31.14624],[-102.43011,31.14609],[-102.42726,31.14258],[-102.42854,31.14151],[-102.42762,31.13916],[-102.43015,31.13868],[-102.42728,31.1369],[-102.4258,31.13856],[-102.42532,31.13702],[-102.42675,31.13527],[-102.42562,31.13402],[-102.4302,31.12914],[-102.42715,31.12765],[-102.42831,31.12421],[-102.42551,31.12168],[-102.42545,31.11959],[-102.42193,31.11884],[-102.42189,31.11707],[-102.42019,31.1182],[-102.41769,31.11171],[-102.41589,31.11185],[-102.41357,31.10883],[-102.4158,31.107],[-102.41097,31.10076],[-102.41095,31.09591],[-102.40652,31.09487],[-102.4076,31.09184],[-102.40599,31.09191],[-102.40621,31.08968],[-102.40426,31.09046],[-102.4062,31.08778],[-102.39946,31.08628],[-102.39903,31.08812],[-102.39549,31.08674],[-102.39282,31.08833],[-102.3889,31.08722],[-102.39063,31.08545],[-102.38841,31.08659],[-102.38476,31.08536],[-102.38233,31.08691],[-102.3806,31.08441],[-102.37911,31.08658],[-102.37754,31.08482],[-102.37514,31.08556],[-102.37429,31.0832],[-102.37363,31.08557],[-102.37139,31.08529],[-102.36897,31.08297],[-102.36724,31.08382],[-102.3662,31.08171],[-102.36313,31.08297],[-102.36034,31.08164],[-102.36266,31.07962],[-102.35872,31.07832],[-102.35643,31.07453],[-102.35482,31.07576],[-102.35448,31.07402],[-102.35209,31.07496],[-102.35135,31.07304],[-102.34903,31.07246],[-102.34769,31.07391],[-102.34943,31.07019],[-102.34504,31.07018],[-102.33437,31.06609],[-102.32962,31.06815],[-102.32597,31.06293],[-102.3232,31.06285],[-102.32105,31.05976],[-102.32103,31.06179],[-102.31856,31.06094],[-102.31998,31.05947],[-102.31718,31.05236],[-102.31302,31.05206],[-102.31262,31.05358],[-102.31095,31.05272],[-102.31007,31.05418],[-102.30417,31.05197],[-102.30479,31.05044],[-102.30257,31.04954],[-102.30183,31.04494],[-102.29919,31.04369],[-102.29948,31.04183],[-102.29739,31.04258],[-102.2981,31.04056],[-102.29566,31.04104],[-102.29272,31.03665],[-102.2893,31.03546],[-102.28863,31.03684],[-102.28486,31.03381],[-102.28277,31.03486],[-102.27865,31.03293],[-102.27017,31.03617],[-102.26601,31.03427],[-102.26594,31.03645],[-102.26172,31.03866],[-102.25887,31.0382],[-102.25608,31.04082],[-102.24979,31.04018],[-102.24917,31.04219],[-102.24693,31.04228],[-102.24661,31.04092],[-102.23885,31.03946],[-102.23797,31.03702],[-102.23203,31.03695],[-102.23208,31.03551],[-102.22642,31.03473],[-102.22575,31.03294],[-102.22411,31.0343],[-102.22301,31.03275],[-102.22142,31.03436],[-102.21823,31.03228],[-102.20965,31.03331],[-102.20231,31.03101],[-102.20281,31.02856],[-102.2013,31.02672],[-102.20292,31.0255],[-102.19943,31.02291],[-102.20207,31.02156],[-102.19825,31.01707],[-102.19618,31.01689],[-102.19718,31.01497],[-102.19469,31.0137],[-102.19334,31.00996],[-102.19474,31.00664],[-102.19294,31.00571],[-102.1932,31.00414],[-102.19027,31.0031],[-102.18508,31.00709],[-102.18623,31.01508],[-102.18084,31.01674],[-102.17686,31.01466],[-102.17534,31.01181],[-102.17645,31.00878],[-102.17384,31.00686],[-102.17171,31.00689],[-102.17253,31.00852],[-102.17039,31.00603],[-102.16761,31.0059],[-102.16687,31.00732],[-102.16395,31.00554],[-102.16097,31.00728],[-102.15991,31.00588],[-102.15662,31.0066],[-102.15668,31.00782],[-102.15185,31.00733],[-102.14937,31.00319],[-102.14483,31.00132],[-102.14533,30.9993],[-102.1434,30.99879],[-102.1431,30.99666],[-102.13933,30.99498],[-102.13268,30.99647],[-102.13172,30.99862],[-102.12627,31.00122],[-102.11801,30.99627],[-102.11856,30.994],[-102.1161,30.99488],[-102.11477,30.99201],[-102.11104,30.9927],[-102.11006,30.99045],[-102.10671,30.99168],[-102.10569,30.99416],[-102.10292,30.9948],[-102.10082,30.99311],[-102.0972,30.99554],[-102.09375,30.995],[-102.08865,30.98885],[-102.08644,30.98991],[-102.08242,30.98684],[-102.07907,30.98707],[-102.06715,30.99263],[-102.06935,30.99481],[-102.06625,30.99548],[-102.06498,30.99385],[-102.05821,30.99907],[-102.05676,30.99744],[-102.04943,31.00364],[-102.04747,31.00248],[-102.04885,31.0005],[-102.04672,30.99971],[-102.04508,31.00184],[-102.04246,30.99907],[-102.03493,30.99936],[-102.03347,30.99686],[-102.03259,30.99891],[-102.03083,30.99725],[-102.02811,30.99817],[-102.02621,30.99579],[-102.02719,30.99278],[-102.0223,30.98976],[-102.02134,30.98668],[-102.01833,30.9861],[-102.01747,30.98378],[-102.01369,30.98272],[-102.01179,30.9795],[-102.01041,30.97981],[-102.0108,30.98128],[-102.00957,30.98028],[-102.00642,30.98139],[-102.00715,30.98378],[-102.00501,30.9856],[-102.00172,30.9868],[-101.99859,30.98492],[-101.99699,30.98774],[-101.99263,30.98924],[-101.98228,30.9865],[-101.97906,30.98266],[-101.97185,30.97919],[-101.96564,30.97239],[-101.96107,30.97057],[-101.95641,30.96345],[-101.95675,30.96113],[-101.95489,30.96068],[-101.95224,30.95584],[-101.93655,30.95779],[-101.93482,30.95457],[-101.9377,30.95051],[-101.92924,30.95026],[-101.92132,30.94658],[-101.91784,30.9412],[-101.91876,30.93459],[-101.91382,30.93426],[-101.91268,30.93143],[-101.90746,30.92792],[-101.902,30.92734],[-101.89842,30.92937],[-101.89472,30.92918],[-101.89169,30.92705],[-101.88852,30.92737],[-101.88763,30.9256],[-101.88372,30.92583],[-101.87754,30.92004],[-101.87476,30.911],[-101.88115,30.9087],[-101.87985,30.90592],[-101.88799,30.89706],[-101.89096,30.89004],[-101.88862,30.88576],[-101.88335,30.88572],[-101.88359,30.88407],[-101.87846,30.8833],[-101.87286,30.87877],[-101.86871,30.87823],[-101.86827,30.87636],[-101.86441,30.87652],[-101.86041,30.87389],[-101.86036,30.87194],[-101.85785,30.87],[-101.85808,30.86774],[-101.85572,30.8661],[-101.85522,30.86215],[-101.85012,30.857],[-101.85264,30.85069],[-101.85088,30.84622],[-101.84519,30.84098],[-101.84753,30.83461],[-101.84742,30.82862],[-101.84559,30.82504],[-101.84279,30.82501],[-101.84207,30.82285],[-101.8406,30.82282],[-101.83744,30.81705],[-101.83781,30.81477],[-101.83511,30.81368],[-101.83546,30.8114],[-101.83367,30.81028],[-101.83524,30.80861],[-101.83313,30.80873],[-101.83155,30.80192],[-101.83174,30.79552],[-101.83372,30.79797],[-101.83456,30.7957],[-101.83277,30.79215],[-101.83471,30.78864],[-101.83648,30.78899],[-101.83659,30.78724],[-101.83991,30.78506],[-101.83995,30.78259],[-101.83816,30.78289],[-101.83496,30.78007],[-101.8369,30.77859],[-101.83469,30.77182],[-101.83856,30.76672],[-101.83882,30.76349],[-101.83344,30.75742],[-101.83184,30.75726],[-101.83295,30.75928],[-101.8291,30.75548],[-101.82336,30.75738],[-101.81615,30.75225],[-101.8161,30.74858],[-101.81407,30.74603],[-101.81564,30.74066],[-101.81399,30.7348],[-101.80823,30.72499],[-101.80789,30.71954],[-101.80971,30.71714],[-101.80876,30.70407],[-101.81016,30.70233],[-101.80833,30.70233],[-101.80749,30.6994],[-101.80168,30.69661],[-101.79761,30.69584],[-101.79433,30.69715],[-101.79304,30.69389],[-101.79451,30.69124],[-101.78878,30.69035],[-101.77969,30.68584],[-101.77612,30.6813],[-101.77377,30.67026],[-101.77049,30.66504],[-101.7687,30.65326],[-102.13789,30.65615],[-102.13839,30.59749],[-102.34294,30.59874],[-102.34307,30.28412],[-102.56692,30.28325],[-102.56695,30.0527],[-102.99972,30.35834],[-103.58472,30.76679],[-103.12704,31.2501],[-103.01104,31.37139],[-103.00923,31.36928]]]]},"properties":{"fips":"48371","name":"Pecos","n":581,"mw":652.8,"first":2001,"last":2020,"hh":58.9,"projects":8}},{"type":"Feature","id":48441,"geometry":{"type":"MultiPolygon","coordinates":[[[[-99.72293,32.52082],[-99.62967,32.5207],[-99.63161,32.08135],[-100.15197,32.08253],[-100.1463,32.52286],[-99.72293,32.52082]]]]},"properties":{"fips":"48441","name":"Taylor","n":367,"mw":646.6,"first":2001,"last":2017,"hh":79.8,"projects":8}},{"type":"Feature","id":48095,"geometry":{"type":"MultiPolygon","coordinates":[[[[-99.72194,31.5767],[-99.72232,31.56279],[-99.71893,31.56091],[-99.71078,31.56143],[-99.71283,31.56569],[-99.71112,31.57363],[-99.7094,31.57667],[-99.7059,31.57672],[-99.69675,31.56859],[-99.69555,31.5605],[-99.69144,31.55415],[-99.68697,31.55348],[-99.67813,31.5565],[-99.67253,31.55472],[-99.67155,31.54969],[-99.67426,31.54597],[-99.68179,31.54093],[-99.69274,31.53831],[-99.69367,31.53579],[-99.69159,31.53245],[-99.65866,31.53469],[-99.65445,31.5317],[-99.65234,31.52663],[-99.65494,31.52124],[-99.66095,31.51557],[-99.67074,31.51017],[-99.6769,31.50241],[-99.67771,31.49808],[-99.66837,31.49666],[-99.66217,31.49848],[-99.65259,31.49634],[-99.64045,31.48473],[-99.6346,31.47386],[-99.62577,31.46738],[-99.61665,31.468],[-99.61215,31.46991],[-99.60791,31.4792],[-99.61316,31.48644],[-99.62416,31.49218],[-99.62287,31.50053],[-99.61543,31.50211],[-99.60431,31.49431],[-99.60143,31.24704],[-99.60337,31.08697],[-100.11539,31.08806],[-100.11123,31.58056],[-99.72194,31.5767]]]]},"properties":{"fips":"48095","name":"Concho","n":169,"mw":636.6,"first":2018,"last":2020,"hh":98.4,"projects":2}},{"type":"Feature","id":48151,"geometry":{"type":"MultiPolygon","coordinates":[[[[-100.6145,32.96295],[-100.51798,32.96336],[-100.14173,32.95967],[-100.14572,32.75003],[-100.1463,32.52286],[-100.66022,32.52565],[-100.65922,32.7652],[-100.6559,32.96328],[-100.6145,32.96295]]]]},"properties":{"fips":"48151","name":"Fisher","n":254,"mw":631.0,"first":2009,"last":2020,"hh":88.6,"projects":4}},{"type":"Feature","id":48503,"geometry":{"type":"MultiPolygon","coordinates":[[[[-98.42086,33.39608],[-98.42116,33.26339],[-98.4245,33.1497],[-98.42718,32.9523],[-98.74818,32.95685],[-98.95083,32.95694],[-98.95411,33.3976],[-98.64084,33.39551],[-98.42086,33.39608]]]]},"properties":{"fips":"48503","name":"Young","n":221,"mw":591.1,"first":2011,"last":2022,"hh":108.5,"projects":4}},{"type":"Feature","id":48069,"geometry":{"type":"MultiPolygon","coordinates":[[[[-101.99857,34.74829],[-101.99815,34.31317],[-102.52586,34.3131],[-102.52539,34.7469],[-102.36465,34.74598],[-101.99857,34.74829]]]]},"properties":{"fips":"48069","name":"Castro","n":327,"mw":575.7,"first":2015,"last":2025,"hh":80.0,"projects":3}},{"type":"Feature","id":48155,"geometry":{"type":"MultiPolygon","coordinates":[[[[-100.01016,34.24211],[-100.00695,34.23811],[-100.00739,34.23124],[-100.00572,34.22532],[-99.99774,34.22438],[-99.77186,34.09315],[-99.70252,34.09542],[-99.69099,34.09061],[-99.68443,34.08508],[-99.67866,34.08494],[-99.67341,34.09651],[-99.6662,34.09513],[-99.64844,34.10023],[-99.63291,34.09521],[-99.62532,34.08568],[-99.61004,34.0794],[-99.60558,34.07529],[-99.59316,34.07327],[-99.56898,34.06009],[-99.55203,34.05707],[-99.53546,34.06267],[-99.52423,34.07114],[-99.4982,34.06574],[-99.48415,34.07587],[-99.47992,34.08244],[-99.47573,34.08445],[-99.47451,33.73356],[-99.47828,33.74274],[-99.47633,33.75286],[-99.47945,33.75312],[-99.48133,33.74978],[-99.48459,33.75089],[-99.49391,33.76834],[-99.50085,33.76364],[-99.50265,33.76487],[-99.50377,33.77067],[-99.50619,33.77211],[-99.51311,33.77226],[-99.52048,33.76848],[-99.52238,33.77446],[-99.52193,33.78129],[-99.52467,33.78372],[-99.52897,33.78414],[-99.54134,33.78006],[-99.54594,33.7808],[-99.54621,33.78475],[-99.54189,33.79374],[-99.54301,33.7949],[-99.55315,33.79536],[-99.55602,33.79848],[-99.56226,33.79035],[-99.56419,33.79006],[-99.57369,33.79292],[-99.57375,33.8005],[-99.57824,33.80253],[-99.57933,33.8009],[-99.57758,33.79741],[-99.57839,33.79242],[-99.58228,33.78434],[-99.59907,33.78738],[-99.60005,33.79062],[-99.59795,33.79674],[-99.60864,33.79528],[-99.61668,33.80004],[-99.62078,33.79992],[-99.62278,33.80284],[-99.62635,33.80416],[-99.63385,33.80212],[-99.6352,33.80519],[-99.63314,33.80845],[-99.63301,33.8134],[-99.63647,33.81745],[-99.65266,33.81828],[-99.65901,33.81013],[-99.66401,33.80821],[-99.67141,33.81914],[-99.67791,33.82473],[-99.68621,33.82744],[-99.69711,33.82596],[-99.69981,33.81794],[-99.6996,33.80031],[-99.70471,33.80058],[-99.7109,33.79797],[-99.71203,33.80068],[-99.70846,33.81106],[-99.71262,33.81088],[-99.72197,33.81433],[-99.72381,33.81228],[-99.72101,33.80704],[-99.72098,33.80039],[-99.72556,33.79742],[-99.72533,33.80023],[-99.73105,33.80325],[-99.7399,33.81163],[-99.74412,33.81093],[-99.74727,33.80297],[-99.75831,33.80341],[-99.75825,33.80666],[-99.75293,33.80733],[-99.75162,33.80924],[-99.7549,33.81159],[-99.7547,33.82151],[-99.75885,33.82403],[-99.76458,33.82263],[-99.76581,33.81961],[-99.77062,33.81728],[-99.77449,33.82127],[-99.77744,33.82113],[-99.77877,33.81847],[-99.78176,33.81769],[-99.79109,33.82426],[-99.79509,33.8242],[-99.79716,33.82351],[-99.79685,33.82203],[-99.79116,33.82153],[-99.7897,33.8195],[-99.79502,33.81661],[-99.81053,33.82745],[-99.81356,33.82648],[-99.81915,33.8202],[-99.82409,33.82124],[-99.83254,33.81739],[-99.83406,33.81966],[-99.83171,33.82428],[-99.83685,33.82978],[-99.83524,33.83586],[-100.04857,33.83599],[-100.047,34.22976],[-100.04314,34.22785],[-100.0377,34.23871],[-100.02215,34.23906],[-100.01016,34.24211]]]]},"properties":{"fips":"48155","name":"Foard","n":184,"mw":552.8,"first":2019,"last":2024,"hh":96.6,"projects":2}},{"type":"Feature","id":48025,"geometry":{"type":"MultiPolygon","coordinates":[[[[-97.9139,28.71854],[-97.90692,28.71305],[-97.90175,28.71267],[-97.89658,28.70445],[-97.89246,28.70429],[-97.89332,28.69996],[-97.88438,28.69837],[-97.88411,28.69562],[-97.88145,28.6965],[-97.88084,28.69458],[-97.87933,28.69586],[-97.87933,28.69372],[-97.87701,28.69353],[-97.87582,28.69148],[-97.86706,28.68949],[-97.85844,28.68433],[-97.85295,28.68504],[-97.84096,28.68042],[-97.83925,28.68124],[-97.83832,28.67939],[-97.83557,28.68029],[-97.8342,28.67561],[-97.83151,28.67585],[-97.82976,28.67801],[-97.82604,28.67447],[-97.82541,28.67035],[-97.79542,28.67339],[-97.79166,28.67686],[-97.78727,28.67539],[-97.78451,28.67066],[-97.78116,28.67015],[-97.77833,28.66755],[-97.77394,28.669],[-97.77092,28.6671],[-97.77096,28.6651],[-97.76661,28.66472],[-97.76563,28.66177],[-97.76236,28.66004],[-97.76291,28.65805],[-97.75473,28.65432],[-97.75233,28.64952],[-97.75364,28.64333],[-97.75071,28.63928],[-97.74332,28.63633],[-97.73776,28.63041],[-97.73146,28.62786],[-97.73169,28.62328],[-97.72941,28.62301],[-97.72831,28.62096],[-97.72873,28.61009],[-97.72091,28.6013],[-97.71977,28.59755],[-97.72164,28.59531],[-97.71304,28.58626],[-97.71421,28.58403],[-97.71151,28.57815],[-97.71267,28.57661],[-97.70836,28.57493],[-97.70934,28.56924],[-97.70818,28.5683],[-97.70569,28.56958],[-97.70362,28.56363],[-97.70512,28.56149],[-97.70166,28.56104],[-97.70333,28.55808],[-97.69978,28.55447],[-97.69886,28.55099],[-97.70081,28.54996],[-97.69653,28.54165],[-97.68622,28.54011],[-97.68435,28.53693],[-97.67934,28.53526],[-97.66974,28.53552],[-97.66815,28.53056],[-97.6589,28.5274],[-97.65531,28.52862],[-97.6536,28.52449],[-97.64621,28.52086],[-97.64207,28.52194],[-97.64234,28.52442],[-97.63843,28.52354],[-97.6262,28.52832],[-97.62341,28.5278],[-97.62303,28.5296],[-97.61984,28.52714],[-97.61755,28.52817],[-97.60993,28.52313],[-97.60701,28.52664],[-97.60216,28.52346],[-97.59508,28.525],[-97.57732,28.52256],[-97.57139,28.51939],[-97.569,28.51545],[-97.5629,28.51633],[-97.5606,28.51376],[-97.5588,28.51434],[-97.55664,28.50483],[-97.55369,28.50239],[-97.55437,28.49787],[-97.55261,28.49462],[-97.55499,28.49166],[-97.554,28.48774],[-97.55539,28.48503],[-97.5526,28.48216],[-97.55173,28.4776],[-97.55333,28.47413],[-97.55154,28.47189],[-97.55152,28.46814],[-97.55458,28.46384],[-97.55367,28.45423],[-97.55169,28.45064],[-97.54502,28.45026],[-97.53966,28.44616],[-97.53465,28.4481],[-97.53157,28.44623],[-97.52094,28.44642],[-97.52084,28.4439],[-97.52384,28.44026],[-97.52132,28.4379],[-97.52034,28.43352],[-97.51771,28.43194],[-97.5081,28.43288],[-97.50329,28.43754],[-97.49864,28.4385],[-97.49288,28.43867],[-97.48231,28.43503],[-97.47491,28.42686],[-97.46999,28.42461],[-97.47016,28.41909],[-97.46556,28.41662],[-97.4625,28.40952],[-97.4576,28.40733],[-97.45073,28.40926],[-97.44655,28.40285],[-97.44433,28.40344],[-97.44275,28.40866],[-97.42848,28.4128],[-97.42007,28.40411],[-97.41089,28.4079],[-97.39885,28.4048],[-97.39794,28.40316],[-97.40044,28.40064],[-97.40169,28.39614],[-97.39976,28.39237],[-97.39569,28.39242],[-97.39199,28.39688],[-97.38985,28.39703],[-97.38805,28.3954],[-97.38913,28.39218],[-97.38705,28.39026],[-97.37923,28.39085],[-97.37558,28.38861],[-97.56747,28.12958],[-97.81785,28.17688],[-97.8089,28.18338],[-98.08973,28.66298],[-97.91889,28.7188],[-97.9139,28.71854]]]]},"properties":{"fips":"48025","name":"Bee","n":137,"mw":534.9,"first":2019,"last":2022,"hh":102.7,"projects":3}},{"type":"Feature","id":48023,"geometry":{"type":"MultiPolygon","coordinates":[[[[-98.95317,33.83397],[-98.95411,33.3976],[-99.47239,33.39898],[-99.47548,33.83408],[-98.95317,33.83397]]]]},"properties":{"fips":"48023","name":"Baylor","n":175,"mw":533.7,"first":2015,"last":2024,"hh":92.9,"projects":6}},{"type":"Feature","id":48293,"geometry":{"type":"MultiPolygon","coordinates":[[[[-96.49676,31.79629],[-96.23651,31.41346],[-96.32281,31.37392],[-96.32262,31.37123],[-96.3176,31.36407],[-96.31913,31.35707],[-96.59648,31.22031],[-96.75344,31.45329],[-96.93223,31.70894],[-96.71914,31.81488],[-96.49676,31.79629]]]]},"properties":{"fips":"48293","name":"Limestone","n":178,"mw":529.8,"first":2020,"last":2023,"hh":90.5,"projects":4}},{"type":"Feature","id":48417,"geometry":{"type":"MultiPolygon","coordinates":[[[[-99.10012,32.95694],[-99.09599,32.95694],[-99.09616,32.51497],[-99.61002,32.51488],[-99.61211,32.51627],[-99.61198,32.95695],[-99.10012,32.95694]]]]},"properties":{"fips":"48417","name":"Shackelford","n":245,"mw":511.6,"first":2007,"last":2008,"hh":78.6,"projects":3}},{"type":"Feature","id":48355,"geometry":{"type":"MultiPolygon","coordinates":[[[[-97.16938,27.67194],[-97.19499,27.62878],[-97.22216,27.5764],[-97.24204,27.58283],[-97.32496,27.56082],[-97.84068,27.55833],[-97.83875,27.5591],[-97.84,27.56494],[-97.84186,27.56453],[-97.84494,27.56727],[-97.84697,27.56648],[-97.84561,27.5681],[-97.84914,27.57012],[-97.84911,27.57287],[-97.8583,27.57844],[-97.85813,27.5807],[-97.86552,27.58243],[-97.87021,27.58731],[-97.87388,27.58783],[-97.87733,27.59639],[-97.87536,27.59876],[-97.87747,27.60359],[-97.87678,27.60828],[-97.87949,27.60932],[-97.87947,27.61188],[-97.88776,27.61614],[-97.8886,27.6201],[-97.90564,27.62222],[-97.90727,27.62417],[-97.91023,27.62216],[-97.91321,27.62352],[-97.92097,27.62292],[-97.92499,27.62456],[-97.92463,27.62725],[-97.93149,27.6325],[-97.93241,27.63583],[-97.94166,27.63584],[-97.93377,27.77516],[-97.93436,27.88495],[-97.79844,27.9956],[-97.79996,27.9926],[-97.79837,27.98989],[-97.8023,27.97986],[-97.80575,27.97897],[-97.80661,27.97376],[-97.8094,27.97209],[-97.8116,27.97475],[-97.81607,27.97319],[-97.81747,27.97032],[-97.81221,27.96505],[-97.81263,27.96268],[-97.80954,27.95781],[-97.81024,27.95115],[-97.80894,27.9458],[-97.81019,27.94478],[-97.80554,27.94446],[-97.80608,27.94118],[-97.80951,27.94159],[-97.80551,27.9364],[-97.80649,27.93455],[-97.80416,27.93585],[-97.80233,27.93398],[-97.79886,27.93587],[-97.79695,27.93412],[-97.79522,27.94253],[-97.77872,27.9476],[-97.77993,27.94495],[-97.77694,27.94247],[-97.77608,27.93808],[-97.76807,27.93585],[-97.76658,27.93838],[-97.76419,27.93795],[-97.7619,27.93313],[-97.76668,27.92755],[-97.76524,27.92613],[-97.76207,27.92705],[-97.76339,27.92418],[-97.7608,27.92247],[-97.75485,27.92604],[-97.75577,27.92898],[-97.74927,27.93243],[-97.74585,27.92662],[-97.73474,27.92541],[-97.73056,27.92335],[-97.72933,27.92186],[-97.73063,27.91974],[-97.73358,27.91988],[-97.73313,27.91821],[-97.73699,27.9154],[-97.73574,27.91168],[-97.73232,27.91268],[-97.73379,27.91532],[-97.73101,27.91571],[-97.72961,27.91399],[-97.72507,27.91584],[-97.7157,27.91137],[-97.71504,27.91521],[-97.71854,27.9148],[-97.72131,27.91854],[-97.71739,27.9171],[-97.70716,27.92211],[-97.70295,27.9207],[-97.69982,27.91681],[-97.69834,27.9169],[-97.69873,27.91955],[-97.69277,27.91594],[-97.69083,27.91684],[-97.68768,27.91031],[-97.69174,27.90415],[-97.68675,27.90258],[-97.69003,27.90026],[-97.68367,27.89921],[-97.68226,27.90154],[-97.68029,27.89922],[-97.68107,27.89769],[-97.678,27.8973],[-97.67814,27.89473],[-97.67148,27.89231],[-97.67451,27.88991],[-97.6735,27.88615],[-97.67623,27.8844],[-97.67478,27.88146],[-97.65661,27.87255],[-97.64292,27.87193],[-97.6383,27.86558],[-97.62946,27.87045],[-97.62691,27.87374],[-97.62641,27.88476],[-97.63194,27.89317],[-97.63016,27.89542],[-97.62734,27.89573],[-97.62277,27.89265],[-97.6127,27.8931],[-97.60928,27.89096],[-97.60889,27.87224],[-97.60688,27.87001],[-97.59906,27.86735],[-97.59069,27.85669],[-97.58444,27.85669],[-97.57471,27.86099],[-97.54417,27.85912],[-97.54154,27.85741],[-97.53915,27.85103],[-97.53569,27.84805],[-97.51423,27.84673],[-97.50669,27.84319],[-97.50233,27.84705],[-97.4967,27.84629],[-97.49143,27.84414],[-97.4884,27.8394],[-97.48732,27.84325],[-97.49416,27.8492],[-97.50869,27.85286],[-97.5151,27.85182],[-97.51439,27.85618],[-97.51979,27.86112],[-97.51434,27.86933],[-97.51626,27.87106],[-97.50952,27.87294],[-97.50648,27.87588],[-97.50743,27.87786],[-97.50367,27.87798],[-97.49432,27.88233],[-97.49173,27.88178],[-97.48398,27.87253],[-97.48286,27.86767],[-97.48532,27.86342],[-97.48479,27.86188],[-97.48383,27.8625],[-97.48556,27.86108],[-97.48099,27.85988],[-97.47268,27.86183],[-97.46947,27.86573],[-97.4714,27.86935],[-97.46861,27.87058],[-97.46213,27.86152],[-97.46006,27.8623],[-97.45984,27.86505],[-97.45676,27.86677],[-97.46137,27.87553],[-97.45943,27.87832],[-97.4567,27.87819],[-97.45204,27.87025],[-97.44736,27.86745],[-97.44534,27.8677],[-97.44304,27.87119],[-97.41609,27.87045],[-97.40006,27.87638],[-97.37742,27.87453],[-97.37115,27.87619],[-97.36922,27.87447],[-97.36451,27.87395],[-97.36024,27.87972],[-97.35721,27.88103],[-97.35486,27.88029],[-97.34745,27.88325],[-97.34456,27.8823],[-97.33839,27.88371],[-97.33114,27.87367],[-97.33462,27.8708],[-97.33733,27.87291],[-97.33909,27.87114],[-97.34338,27.87138],[-97.3415,27.87113],[-97.34421,27.86418],[-97.35029,27.86361],[-97.35071,27.86186],[-97.35422,27.8615],[-97.35566,27.85875],[-97.36145,27.85497],[-97.35619,27.85621],[-97.36113,27.85038],[-97.3548,27.85023],[-97.35083,27.85476],[-97.33899,27.86101],[-97.30783,27.87416],[-97.29198,27.8785],[-97.26937,27.88156],[-97.24895,27.87511],[-97.24582,27.87188],[-97.24292,27.86363],[-97.24485,27.85995],[-97.23977,27.85776],[-97.23526,27.85043],[-97.2269,27.84668],[-97.2265,27.84417],[-97.22065,27.83783],[-97.22311,27.832],[-97.2264,27.83106],[-97.22914,27.83123],[-97.23435,27.83629],[-97.23808,27.83518],[-97.24575,27.83726],[-97.24487,27.83488],[-97.23532,27.82832],[-97.22583,27.82668],[-97.21571,27.82239],[-97.20067,27.82096],[-97.18893,27.8244],[-97.1668,27.86094],[-97.16161,27.86279],[-97.15591,27.8699],[-97.15692,27.87336],[-97.15131,27.87876],[-97.14948,27.88441],[-97.13617,27.90442],[-97.13307,27.90002],[-97.1182,27.92573],[-97.0957,27.9578],[-97.05724,27.86534],[-97.06539,27.85182],[-97.0548,27.84235],[-97.04519,27.83725],[-97.04535,27.83521],[-97.08055,27.79843],[-97.1035,27.76952],[-97.12985,27.73295],[-97.16938,27.67194]]]]},"properties":{"fips":"48355","name":"Nueces","n":150,"mw":484.1,"first":2012,"last":2019,"hh":85.1,"projects":3}},{"type":"Feature","id":48189,"geometry":{"type":"MultiPolygon","coordinates":[[[[-102.0355,34.31312],[-101.56488,34.3126],[-101.5637,33.83044],[-102.08572,33.8246],[-102.09046,34.31308],[-102.0355,34.31312]]]]},"properties":{"fips":"48189","name":"Hale","n":239,"mw":478.0,"first":2019,"last":2019,"hh":92.7,"projects":1}},{"type":"Feature","id":48215,"geometry":{"type":"MultiPolygon","coordinates":[[[[-97.98553,26.78098],[-97.98535,26.6158],[-97.95715,26.61169],[-97.96419,26.56856],[-97.96805,26.5688],[-97.9687,26.55463],[-97.97002,26.55214],[-97.96386,26.53351],[-97.98423,26.53642],[-97.99226,26.49136],[-97.99648,26.49196],[-98.00426,26.44887],[-97.90816,26.43481],[-97.90846,26.43321],[-97.86184,26.43359],[-97.86179,26.0696],[-97.86394,26.06835],[-97.86871,26.05779],[-97.87126,26.05784],[-97.87566,26.06375],[-97.88152,26.06552],[-97.88093,26.06068],[-97.88239,26.05755],[-97.89432,26.05202],[-97.89987,26.05108],[-97.90326,26.05377],[-97.9021,26.05825],[-97.89873,26.05879],[-97.89336,26.05618],[-97.89026,26.0569],[-97.88543,26.06068],[-97.88467,26.06385],[-97.88594,26.06625],[-97.8877,26.06616],[-97.89204,26.06025],[-97.90117,26.06109],[-97.91109,26.05643],[-97.91998,26.0579],[-97.92688,26.05524],[-97.93136,26.06385],[-97.9335,26.06487],[-97.93684,26.06255],[-97.93209,26.05624],[-97.93393,26.05317],[-97.93722,26.05338],[-97.94414,26.05982],[-97.95047,26.06207],[-97.95647,26.06038],[-97.95948,26.05675],[-97.967,26.05218],[-97.97863,26.05994],[-97.98074,26.06737],[-97.98668,26.06591],[-97.98991,26.05981],[-97.99209,26.05883],[-97.9976,26.06451],[-98.00347,26.06465],[-98.01253,26.05649],[-98.01335,26.0579],[-98.01098,26.06283],[-98.01258,26.06617],[-98.01471,26.06548],[-98.01748,26.06051],[-98.02102,26.05935],[-98.02491,26.06504],[-98.02835,26.06663],[-98.03254,26.06279],[-98.03453,26.0511],[-98.03921,26.04083],[-98.0462,26.0444],[-98.06176,26.04611],[-98.06511,26.04494],[-98.07108,26.03712],[-98.07442,26.03641],[-98.07807,26.03738],[-98.07959,26.04188],[-98.07267,26.04378],[-98.07009,26.05114],[-98.07543,26.06116],[-98.07641,26.06771],[-98.07979,26.0708],[-98.0832,26.0712],[-98.08536,26.06979],[-98.08133,26.06538],[-98.08204,26.06376],[-98.08996,26.05952],[-98.09437,26.05905],[-98.0985,26.061],[-98.10488,26.06757],[-98.12765,26.06252],[-98.1308,26.06616],[-98.12865,26.07261],[-98.13072,26.07418],[-98.13309,26.0737],[-98.13692,26.06965],[-98.13798,26.06],[-98.14379,26.05053],[-98.14652,26.04931],[-98.14916,26.05099],[-98.14978,26.05615],[-98.15193,26.05807],[-98.15915,26.05395],[-98.16129,26.05428],[-98.16201,26.05645],[-98.15873,26.06022],[-98.15874,26.06364],[-98.1683,26.06372],[-98.17296,26.07228],[-98.17674,26.07474],[-98.17912,26.07403],[-98.18028,26.07069],[-98.17819,26.06089],[-98.18053,26.06053],[-98.18424,26.06378],[-98.18842,26.06291],[-98.19119,26.0553],[-98.19413,26.05325],[-98.19933,26.05635],[-98.20472,26.06615],[-98.21339,26.06964],[-98.22022,26.0763],[-98.23078,26.07705],[-98.24936,26.07219],[-98.25121,26.07411],[-98.25161,26.07895],[-98.26428,26.08533],[-98.26729,26.09229],[-98.27706,26.09886],[-98.28592,26.10234],[-98.28806,26.10543],[-98.28614,26.10699],[-98.27025,26.10691],[-98.27122,26.11336],[-98.26564,26.11797],[-98.26632,26.12067],[-98.27597,26.11595],[-98.2907,26.12081],[-98.29663,26.12026],[-98.29953,26.11795],[-98.30313,26.10984],[-98.29809,26.10335],[-98.3014,26.10208],[-98.30602,26.10374],[-98.3102,26.11421],[-98.32453,26.12217],[-98.33523,26.1378],[-98.33432,26.14123],[-98.32682,26.14291],[-98.32858,26.14489],[-98.33546,26.14641],[-98.33796,26.14946],[-98.33775,26.15344],[-98.33306,26.16],[-98.33389,26.16427],[-98.33588,26.16615],[-98.34044,26.16691],[-98.34654,26.16542],[-98.3485,26.16121],[-98.34896,26.15309],[-98.35146,26.15128],[-98.35422,26.15264],[-98.35756,26.15831],[-98.35749,26.16875],[-98.36042,26.17243],[-98.3669,26.16782],[-98.36519,26.16153],[-98.36733,26.15749],[-98.38659,26.15784],[-98.39278,26.16725],[-98.40234,26.17237],[-98.40222,26.17956],[-98.40396,26.18215],[-98.417,26.18417],[-98.42769,26.193],[-98.44258,26.19913],[-98.44457,26.20171],[-98.4443,26.20446],[-98.43947,26.21015],[-98.43884,26.21306],[-98.44017,26.21912],[-98.44435,26.22419],[-98.44944,26.22341],[-98.45486,26.21711],[-98.45739,26.22402],[-98.4609,26.22616],[-98.47065,26.22099],[-98.48117,26.21952],[-98.4831,26.2155],[-98.47866,26.20842],[-98.47789,26.20339],[-98.48157,26.20132],[-98.48332,26.20232],[-98.48223,26.20935],[-98.48664,26.21282],[-98.49257,26.2128],[-98.504,26.20878],[-98.50707,26.20957],[-98.50694,26.21272],[-98.50087,26.22151],[-98.50229,26.2237],[-98.51378,26.2272],[-98.51815,26.22525],[-98.52204,26.22082],[-98.5245,26.22144],[-98.52691,26.22664],[-98.52181,26.2325],[-98.52269,26.23521],[-98.52536,26.23447],[-98.53072,26.22688],[-98.53593,26.22602],[-98.54535,26.24489],[-98.55794,26.24677],[-98.55761,26.24381],[-98.54761,26.23984],[-98.54598,26.23761],[-98.54834,26.2339],[-98.5564,26.23144],[-98.56027,26.22503],[-98.56286,26.22499],[-98.56482,26.22691],[-98.56411,26.2355],[-98.56708,26.24183],[-98.57216,26.24021],[-98.57704,26.23428],[-98.57983,26.23496],[-98.584,26.24507],[-98.58011,26.25023],[-98.57961,26.25362],[-98.58658,26.25784],[-98.4633,26.50027],[-98.39671,26.62564],[-98.32072,26.783],[-97.98553,26.78098]]]]},"properties":{"fips":"48215","name":"Hidalgo","n":164,"mw":462.1,"first":2016,"last":2025,"hh":91.3,"projects":4}},{"type":"Feature","id":48097,"geometry":{"type":"MultiPolygon","coordinates":[[[[-96.97364,33.9357],[-96.94481,33.94911],[-96.94376,33.41622],[-97.37521,33.43013],[-97.38314,33.43044],[-97.38302,33.43285],[-97.48711,33.43372],[-97.48408,33.91523],[-97.46307,33.90438],[-97.45584,33.89812],[-97.45245,33.8928],[-97.45163,33.87399],[-97.46334,33.84271],[-97.45755,33.83161],[-97.45379,33.82834],[-97.43915,33.8219],[-97.41247,33.81716],[-97.37912,33.81723],[-97.36782,33.82189],[-97.35438,33.83406],[-97.34487,33.84818],[-97.33906,33.86108],[-97.33681,33.87476],[-97.33051,33.87425],[-97.33444,33.86204],[-97.3333,33.85599],[-97.3305,33.85461],[-97.3268,33.85599],[-97.31683,33.86423],[-97.31147,33.87086],[-97.30956,33.87597],[-97.30987,33.88674],[-97.30424,33.88524],[-97.28852,33.87039],[-97.2798,33.86461],[-97.27216,33.86246],[-97.25801,33.86252],[-97.25429,33.86466],[-97.24909,33.87492],[-97.245,33.901],[-97.24296,33.90403],[-97.23372,33.9073],[-97.22706,33.91341],[-97.21925,33.9142],[-97.20488,33.91026],[-97.19299,33.90472],[-97.18677,33.90055],[-97.18126,33.89309],[-97.1785,33.8785],[-97.16832,33.8548],[-97.16689,33.84369],[-97.168,33.84098],[-97.17407,33.83651],[-97.19718,33.83016],[-97.20532,33.81922],[-97.2053,33.80017],[-97.19657,33.78796],[-97.18981,33.77444],[-97.19031,33.76906],[-97.19439,33.76094],[-97.19159,33.758],[-97.181,33.75258],[-97.1765,33.74213],[-97.16723,33.73272],[-97.15773,33.72577],[-97.13793,33.71884],[-97.12119,33.7172],[-97.1108,33.71956],[-97.09934,33.72605],[-97.09287,33.73274],[-97.08646,33.7433],[-97.08467,33.75324],[-97.08505,33.76464],[-97.0944,33.79465],[-97.09145,33.80482],[-97.07761,33.8125],[-97.04791,33.81746],[-97.04841,33.82847],[-97.05457,33.83502],[-97.06528,33.83859],[-97.0892,33.84204],[-97.09038,33.84579],[-97.08772,33.85275],[-97.07393,33.85907],[-97.06671,33.86019],[-97.05726,33.85674],[-97.04626,33.83951],[-97.04221,33.83774],[-97.02424,33.84393],[-96.99784,33.86927],[-96.9884,33.88149],[-96.98406,33.89011],[-96.98512,33.90644],[-96.98829,33.91795],[-96.99531,33.93397],[-96.99612,33.94191],[-96.99483,33.94812],[-96.98838,33.95437],[-96.97921,33.95617],[-96.98088,33.95007],[-96.98011,33.94311],[-96.97785,33.9385],[-96.97364,33.9357]]]]},"properties":{"fips":"48097","name":"Cooke","n":179,"mw":425.7,"first":2008,"last":2021,"hh":80.5,"projects":3}},{"type":"Feature","id":48321,"geometry":{"type":"MultiPolygon","coordinates":[[[[-95.84101,29.17299],[-95.83944,29.1727],[-95.83983,29.16845],[-95.84681,29.16764],[-95.84681,29.16567],[-95.84905,29.16481],[-95.84781,29.16056],[-95.85029,29.15994],[-95.84909,29.15484],[-95.85085,29.15227],[-95.84808,29.14616],[-95.84476,29.1451],[-95.84339,29.14255],[-95.84001,29.14253],[-95.83775,29.13418],[-95.83747,29.13007],[-95.8408,29.12412],[-95.84054,29.12043],[-95.84238,29.11668],[-95.84082,29.11436],[-95.8434,29.11283],[-95.84643,29.10737],[-95.8434,29.10677],[-95.84313,29.10292],[-95.84083,29.10076],[-95.84169,29.09875],[-95.83915,29.09768],[-95.83657,29.09276],[-95.83376,29.09373],[-95.82964,29.08897],[-95.82234,29.09068],[-95.81777,29.08939],[-95.80582,29.09057],[-95.80358,29.08811],[-95.8016,29.08035],[-95.79707,29.07984],[-95.79356,29.07218],[-95.78112,29.06569],[-95.77385,29.06453],[-95.77078,29.06641],[-95.76931,29.06289],[-95.76505,29.0606],[-95.76768,29.05912],[-95.76599,29.05856],[-95.76757,29.05321],[-95.776,29.05204],[-95.77741,29.04444],[-95.78325,29.04348],[-95.78542,29.03912],[-95.7813,29.03772],[-95.78102,29.03527],[-95.77934,29.03453],[-95.78427,29.03038],[-95.78379,29.02798],[-95.78067,29.02811],[-95.77799,29.02469],[-95.77887,29.02257],[-95.78222,29.0211],[-95.77618,29.01812],[-95.77982,29.01667],[-95.77935,29.01078],[-95.78385,29.0102],[-95.7836,29.01234],[-95.78524,29.0121],[-95.78506,29.00834],[-95.78342,29.00644],[-95.77758,29.00904],[-95.76773,29.00364],[-95.7695,29.00295],[-95.77221,29.00549],[-95.77827,28.99718],[-95.77686,28.99489],[-95.77213,28.99451],[-95.76913,28.99157],[-95.76718,28.99196],[-95.76704,28.9889],[-95.7698,28.98888],[-95.77034,28.98522],[-95.77008,28.9832],[-95.76555,28.97972],[-95.77069,28.9754],[-95.76865,28.97019],[-95.76507,28.96731],[-95.69791,28.9685],[-95.6975,28.96615],[-95.69059,28.96498],[-95.68393,28.96062],[-95.67993,28.96561],[-95.67523,28.9643],[-95.66897,28.95635],[-95.65509,28.95167],[-95.64588,28.93915],[-95.65119,28.92849],[-95.65155,28.92036],[-95.64691,28.91597],[-95.64551,28.90987],[-95.6419,28.90394],[-95.63669,28.90326],[-95.63333,28.89738],[-95.62287,28.89348],[-95.61655,28.88515],[-95.60304,28.87837],[-95.60236,28.87651],[-95.59068,28.86995],[-95.58463,28.86188],[-95.57928,28.8599],[-95.57608,28.85316],[-95.57915,28.84067],[-95.57355,28.83282],[-95.56733,28.8297],[-95.55494,28.8305],[-95.5507,28.82881],[-95.54365,28.83251],[-95.5415,28.83046],[-95.53809,28.83291],[-95.53252,28.82952],[-95.52132,28.83395],[-95.50476,28.8379],[-95.50425,28.8283],[-95.50654,28.82744],[-95.5069,28.82454],[-95.52841,28.81253],[-95.62524,28.76172],[-95.64424,28.75017],[-95.68874,28.72885],[-95.74109,28.69965],[-95.80326,28.66857],[-95.89619,28.62844],[-96.00802,28.58566],[-96.06425,28.56235],[-96.19285,28.50324],[-96.27909,28.45684],[-96.30691,28.43903],[-96.32135,28.42535],[-96.33887,28.41911],[-96.369,28.39875],[-96.36725,28.38337],[-96.3804,28.38126],[-96.3227,28.64246],[-96.32354,28.67578],[-96.30893,28.96304],[-96.02103,29.11587],[-95.96522,29.14697],[-95.87388,29.22977],[-95.84472,29.20499],[-95.85777,29.19328],[-95.83833,29.1766],[-95.84101,29.17299]]]]},"properties":{"fips":"48321","name":"Matagorda","n":107,"mw":416.7,"first":2020,"last":2025,"hh":101.1,"projects":3}},{"type":"Feature","id":48505,"geometry":{"type":"MultiPolygon","coordinates":[[[[-99.35949,27.30545],[-99.3336,27.27338],[-98.95455,27.26942],[-98.95427,26.78569],[-99.01118,26.67496],[-99.16929,26.57172],[-99.17803,26.62049],[-99.20019,26.65592],[-99.20989,26.69397],[-99.20876,26.7248],[-99.24002,26.74575],[-99.24243,26.78804],[-99.26223,26.81574],[-99.26865,26.84332],[-99.28029,26.85796],[-99.29524,26.86549],[-99.3166,26.86572],[-99.32905,26.87995],[-99.32657,26.88453],[-99.32177,26.90682],[-99.32475,26.91602],[-99.33736,26.92279],[-99.35158,26.92509],[-99.361,26.92892],[-99.36667,26.9289],[-99.37907,26.93435],[-99.38816,26.94392],[-99.39383,26.96067],[-99.39012,26.9663],[-99.37726,26.97366],[-99.37649,26.97732],[-99.37841,26.98],[-99.3872,26.98238],[-99.40334,26.99709],[-99.40741,27.00586],[-99.41542,27.0171],[-99.41985,27.01673],[-99.42807,27.01148],[-99.43281,27.01081],[-99.43922,27.015],[-99.44676,27.02365],[-99.44383,27.03608],[-99.45096,27.05535],[-99.45241,27.06369],[-99.44871,27.06942],[-99.43514,27.07932],[-99.42909,27.09127],[-99.42982,27.09439],[-99.43805,27.10081],[-99.44215,27.10687],[-99.43072,27.12498],[-99.43124,27.13725],[-99.43839,27.14489],[-99.44004,27.15073],[-99.4372,27.15476],[-99.43001,27.15919],[-99.42643,27.17798],[-99.43285,27.20166],[-99.43348,27.21105],[-99.44247,27.21835],[-99.44524,27.22321],[-99.44135,27.23691],[-99.44163,27.25023],[-99.45373,27.26507],[-99.37048,27.31907],[-99.35949,27.30545]]]]},"properties":{"fips":"48505","name":"Zapata","n":110,"mw":398.0,"first":2015,"last":2021,"hh":114.6,"projects":3}},{"type":"Feature","id":48235,"geometry":{"type":"MultiPolygon","coordinates":[[[[-101.00801,31.5276],[-100.69315,31.52404],[-100.68845,31.08642],[-101.27487,31.07916],[-101.26804,31.52876],[-101.00801,31.5276]]]]},"properties":{"fips":"48235","name":"Irion","n":163,"mw":384.7,"first":2009,"last":2019,"hh":87.5,"projects":3}},{"type":"Feature","id":48227,"geometry":{"type":"MultiPolygon","coordinates":[[[[-101.66466,32.52516],[-101.17451,32.52388],[-101.1837,32.08697],[-101.69511,32.08752],[-101.68864,32.52519],[-101.66466,32.52516]]]]},"properties":{"fips":"48227","name":"Howard","n":217,"mw":370.5,"first":1999,"last":2016,"hh":76.9,"projects":7}},{"type":"Feature","id":48009,"geometry":{"type":"MultiPolygon","coordinates":[[[[-98.42341,33.58617],[-98.42086,33.39608],[-98.64084,33.39551],[-98.95411,33.3976],[-98.95317,33.83397],[-98.423,33.83587],[-98.42341,33.58617]]]]},"properties":{"fips":"48009","name":"Archer","n":188,"mw":358.4,"first":2012,"last":2014,"hh":80.0,"projects":3}},{"type":"Feature","id":48237,"geometry":{"type":"MultiPolygon","coordinates":[[[[-97.91818,33.43377],[-97.92154,33.00121],[-98.42692,33.00781],[-98.42103,33.27274],[-98.42158,33.46679],[-97.97899,33.46704],[-97.97903,33.4337],[-97.91818,33.43377]]]]},"properties":{"fips":"48237","name":"Jack","n":177,"mw":354.0,"first":2009,"last":2015,"hh":91.0,"projects":3}},{"type":"Feature","id":48481,"geometry":{"type":"MultiPolygon","coordinates":[[[[-96.17527,29.6338],[-96.16582,29.62743],[-96.15929,29.62951],[-96.15379,29.62866],[-96.14205,29.61972],[-96.13561,29.62008],[-96.13009,29.62284],[-96.12549,29.61911],[-96.12035,29.61853],[-96.11585,29.62331],[-96.1111,29.62306],[-96.0996,29.61393],[-96.09421,29.61226],[-96.09311,29.60366],[-96.081,29.5995],[-96.07041,29.59216],[-96.06274,29.5918],[-96.06001,29.58928],[-96.05985,29.58704],[-96.06284,29.58398],[-96.06204,29.57788],[-96.06324,29.57643],[-96.05992,29.56861],[-96.04479,29.56221],[-96.04502,29.55817],[-96.0418,29.55285],[-96.04292,29.55076],[-96.0412,29.54742],[-96.04361,29.54376],[-96.04111,29.542],[-96.04224,29.54044],[-96.04703,29.54032],[-96.04794,29.53834],[-96.05041,29.54074],[-96.05194,29.5382],[-96.05637,29.53937],[-96.05456,29.53687],[-96.05492,29.52731],[-96.05145,29.52356],[-96.05577,29.51912],[-96.05347,29.51662],[-96.05424,29.5123],[-96.04718,29.50979],[-96.03917,29.50924],[-96.0364,29.51078],[-96.03013,29.5077],[-96.02741,29.50895],[-96.02416,29.50674],[-96.02475,29.5035],[-96.02232,29.50244],[-96.02609,29.49747],[-96.02589,29.49525],[-96.03129,29.49544],[-96.03472,29.49242],[-96.04795,29.49137],[-96.05344,29.4942],[-96.05803,29.48998],[-96.05944,29.49205],[-96.06033,29.48748],[-96.05858,29.48566],[-96.05987,29.4836],[-96.05754,29.48166],[-96.06051,29.47736],[-96.05877,29.47491],[-96.05982,29.47359],[-96.04993,29.47219],[-96.04826,29.46217],[-96.04344,29.46146],[-96.04277,29.45747],[-96.03792,29.45814],[-96.03795,29.45335],[-96.03269,29.45417],[-96.02945,29.45226],[-96.02967,29.44939],[-96.03638,29.44586],[-96.03567,29.44336],[-96.0314,29.44107],[-96.02052,29.44123],[-96.01891,29.43778],[-96.01313,29.43559],[-96.00686,29.42901],[-96.00402,29.42887],[-96.00097,29.43131],[-95.99214,29.43396],[-95.98626,29.42314],[-95.9881,29.41799],[-95.98555,29.41738],[-95.98238,29.411],[-95.97328,29.41155],[-95.97073,29.40843],[-95.97258,29.40405],[-95.96969,29.3991],[-95.96947,29.3917],[-95.96719,29.3882],[-95.96844,29.38337],[-95.96445,29.38009],[-95.95994,29.38162],[-95.95456,29.3795],[-95.9542,29.37719],[-95.95051,29.37605],[-95.94726,29.37268],[-95.94802,29.3716],[-95.94499,29.36672],[-95.94421,29.36136],[-95.9367,29.35859],[-95.93894,29.35751],[-95.93979,29.35208],[-95.94591,29.35293],[-95.94681,29.34984],[-95.94926,29.35134],[-95.95022,29.34806],[-95.95258,29.34788],[-95.95335,29.34498],[-95.94983,29.3409],[-95.94961,29.33543],[-95.9447,29.33229],[-95.93274,29.32872],[-95.92318,29.32937],[-95.91905,29.32587],[-95.91656,29.31918],[-95.90442,29.31722],[-95.89872,29.31443],[-95.89424,29.315],[-95.89269,29.31149],[-95.89605,29.30707],[-95.89743,29.29898],[-95.89069,29.292],[-95.88952,29.28691],[-95.88476,29.27918],[-95.88485,29.27407],[-95.87997,29.2705],[-95.87933,29.2665],[-95.87281,29.26673],[-95.86879,29.26931],[-95.86485,29.26725],[-95.85724,29.2681],[-95.85387,29.26607],[-95.85072,29.26624],[-95.84193,29.25851],[-95.96522,29.14697],[-96.02103,29.11587],[-96.30893,28.96304],[-96.63809,29.24708],[-96.34863,29.40837],[-96.30766,29.51462],[-96.17527,29.6338]]]]},"properties":{"fips":"48481","name":"Wharton","n":88,"mw":343.2,"first":2024,"last":2025,"hh":115.2,"projects":2}},{"type":"Feature","id":48307,"geometry":{"type":"MultiPolygon","coordinates":[[[[-99.59116,31.48895],[-99.573,31.49355],[-99.55593,31.48903],[-99.54408,31.48377],[-99.53649,31.48325],[-99.5322,31.46618],[-99.52455,31.4519],[-99.51968,31.44654],[-99.51666,31.43217],[-99.51236,31.42449],[-99.50695,31.428],[-99.50389,31.43895],[-99.49606,31.44488],[-99.49318,31.44462],[-99.48431,31.43607],[-99.47986,31.43414],[-99.47777,31.42509],[-99.47184,31.42158],[-99.46831,31.42515],[-99.46979,31.42834],[-99.46876,31.43074],[-99.46538,31.43283],[-99.46246,31.43261],[-99.45356,31.44045],[-99.43669,31.44614],[-99.43534,31.44947],[-99.44593,31.45006],[-99.44985,31.45782],[-99.4496,31.46964],[-99.44657,31.47355],[-99.443,31.47521],[-99.43871,31.4741],[-99.4349,31.47002],[-99.42321,31.4636],[-99.4142,31.46095],[-99.40905,31.46216],[-99.40482,31.4596],[-99.39895,31.46011],[-99.39958,31.45517],[-99.40206,31.45441],[-99.40555,31.4497],[-99.40236,31.44624],[-99.38964,31.44314],[-99.38387,31.44371],[-99.37981,31.43985],[-99.36622,31.43752],[-99.35769,31.43094],[-99.35427,31.43244],[-99.35025,31.43872],[-99.34464,31.44354],[-99.34234,31.4405],[-99.34108,31.43331],[-99.34263,31.42908],[-99.34724,31.42475],[-99.34623,31.42181],[-99.33964,31.41756],[-99.33011,31.41485],[-99.32046,31.41518],[-99.3148,31.40977],[-99.31061,31.41213],[-99.30419,31.42045],[-99.30673,31.42731],[-99.30304,31.43233],[-99.29903,31.4323],[-99.29188,31.42879],[-99.28806,31.42902],[-99.28638,31.43289],[-99.2899,31.44086],[-99.28911,31.44387],[-99.28218,31.44729],[-99.27651,31.44546],[-99.27131,31.44703],[-99.27176,31.45559],[-99.25534,31.46952],[-99.25133,31.47715],[-99.23898,31.48302],[-99.23556,31.48227],[-99.23495,31.47942],[-99.23271,31.47784],[-99.22013,31.47579],[-99.20931,31.46537],[-99.20126,31.46797],[-99.19551,31.4735],[-99.18954,31.47084],[-99.18453,31.45987],[-99.18397,31.45379],[-99.17597,31.45747],[-99.17028,31.46388],[-99.15918,31.46821],[-99.15344,31.46785],[-99.15048,31.46566],[-99.14203,31.46714],[-99.13491,31.46559],[-99.12447,31.45659],[-99.11875,31.46109],[-99.1203,31.46534],[-99.11943,31.46775],[-99.10985,31.46632],[-99.1073,31.46359],[-99.10899,31.45588],[-99.09774,31.44815],[-99.09447,31.44991],[-99.09664,31.45661],[-99.09053,31.46091],[-99.09223,30.94089],[-99.60355,30.94069],[-99.60143,31.24704],[-99.60433,31.49371],[-99.59979,31.49097],[-99.59116,31.48895]]]]},"properties":{"fips":"48307","name":"McCulloch","n":128,"mw":339.9,"first":2018,"last":2020,"hh":89.5,"projects":2}},{"type":"Feature","id":48117,"geometry":{"type":"MultiPolygon","coordinates":[[[[-102.16743,35.1832],[-102.1689,34.74741],[-102.36465,34.74598],[-103.04299,34.74739],[-103.04247,35.18318],[-102.83776,35.18324],[-102.62554,35.18708],[-102.16743,35.1832]]]]},"properties":{"fips":"48117","name":"Deaf Smith","n":161,"mw":331.0,"first":2014,"last":2019,"hh":84.7,"projects":3}},{"type":"Feature","id":48011,"geometry":{"type":"MultiPolygon","coordinates":[[[[-101.62812,34.8191],[-101.62551,34.92641],[-101.62302,35.18328],[-101.08625,35.18213],[-101.0908,34.74839],[-101.62924,34.7484],[-101.62812,34.8191]]]]},"properties":{"fips":"48011","name":"Armstrong","n":93,"mw":324.5,"first":2015,"last":2023,"hh":81.3,"projects":3}},{"type":"Feature","id":48383,"geometry":{"type":"MultiPolygon","coordinates":[[[[-101.27385,31.15574],[-101.27487,31.07916],[-101.77606,31.07978],[-101.77577,31.65133],[-101.26687,31.65095],[-101.27385,31.15574]]]]},"properties":{"fips":"48383","name":"Reagan","n":105,"mw":262.5,"first":2018,"last":2018,"hh":90.0,"projects":1}},{"type":"Feature","id":48391,"geometry":{"type":"MultiPolygon","coordinates":[[[[-97.10348,28.55427],[-97.10343,28.55051],[-97.09897,28.55],[-97.10253,28.5476],[-97.09656,28.54773],[-97.09825,28.54453],[-97.09414,28.54464],[-97.09588,28.54282],[-97.09472,28.53846],[-97.09248,28.53804],[-97.0924,28.53989],[-97.09107,28.53985],[-97.09102,28.53523],[-97.08896,28.5338],[-97.08931,28.53653],[-97.08712,28.53627],[-97.08676,28.53261],[-97.08337,28.53492],[-97.08185,28.53248],[-97.0802,28.5355],[-97.07924,28.53363],[-97.07747,28.53392],[-97.07688,28.53771],[-97.07969,28.53715],[-97.08264,28.54223],[-97.07934,28.54542],[-97.07623,28.54382],[-97.07765,28.54047],[-97.07485,28.54102],[-97.07411,28.54262],[-97.07578,28.54384],[-97.07247,28.54697],[-97.06977,28.54482],[-97.07163,28.54274],[-97.06777,28.5444],[-97.06545,28.5425],[-97.06205,28.54402],[-97.06337,28.54158],[-97.06216,28.54089],[-97.05888,28.54233],[-97.06011,28.5437],[-97.05902,28.54491],[-97.06264,28.54726],[-97.05754,28.54728],[-97.05598,28.55009],[-97.05204,28.54875],[-97.05229,28.5464],[-97.05081,28.54577],[-97.04903,28.54985],[-97.04495,28.54985],[-97.04788,28.54731],[-97.04411,28.5422],[-97.04668,28.53966],[-97.04856,28.54016],[-97.04718,28.53736],[-97.05128,28.53697],[-97.05118,28.53496],[-97.04603,28.53534],[-97.04486,28.53213],[-97.04132,28.53147],[-97.03507,28.53812],[-97.03163,28.53927],[-97.03163,28.54149],[-97.02635,28.53998],[-97.02335,28.53713],[-97.02735,28.53577],[-97.02716,28.53271],[-97.02261,28.5257],[-97.02427,28.52367],[-97.02257,28.51697],[-97.02051,28.51753],[-97.01963,28.52019],[-97.00928,28.51479],[-97.00467,28.50894],[-96.99517,28.50931],[-96.99333,28.50361],[-96.98577,28.49998],[-96.98226,28.49964],[-96.97923,28.5029],[-96.96992,28.50511],[-96.96421,28.50463],[-96.96309,28.50309],[-96.95611,28.50447],[-96.95062,28.50115],[-96.94697,28.50129],[-96.93576,28.49744],[-96.92555,28.48848],[-96.91682,28.48774],[-96.9157,28.48575],[-96.9122,28.48927],[-96.91034,28.48872],[-96.91,28.49051],[-96.91151,28.49409],[-96.91603,28.49678],[-96.91614,28.49864],[-96.90649,28.50603],[-96.90316,28.50659],[-96.90186,28.50962],[-96.89691,28.50892],[-96.8923,28.50577],[-96.89104,28.50737],[-96.88284,28.50538],[-96.88012,28.50305],[-96.88072,28.49821],[-96.87948,28.49637],[-96.86428,28.4897],[-96.86156,28.47636],[-96.85532,28.47418],[-96.84884,28.47654],[-96.84859,28.47251],[-96.84395,28.47093],[-96.84116,28.46705],[-96.83933,28.45772],[-96.83415,28.45417],[-96.82974,28.44824],[-96.82265,28.44464],[-96.81431,28.43052],[-96.80777,28.43196],[-96.79926,28.4389],[-96.79785,28.4422],[-96.79017,28.44698],[-96.78359,28.44718],[-96.78093,28.44484],[-96.77798,28.43682],[-96.77301,28.43278],[-96.77129,28.42924],[-96.76303,28.42619],[-96.76618,28.41967],[-96.7638,28.41195],[-96.77659,28.40506],[-96.77854,28.40007],[-96.78055,28.39892],[-96.7921,28.40476],[-96.81825,28.42543],[-96.82515,28.42829],[-96.82879,28.42709],[-96.83824,28.43318],[-96.85085,28.42646],[-96.84979,28.42231],[-96.85279,28.42478],[-96.85498,28.42303],[-96.85822,28.41928],[-96.86001,28.41383],[-96.85766,28.41157],[-96.85697,28.40792],[-96.85059,28.40417],[-96.83732,28.38856],[-96.82789,28.3801],[-96.80865,28.369],[-96.7989,28.36461],[-96.79488,28.36438],[-96.79136,28.35748],[-96.79415,28.35124],[-96.79474,28.3445],[-96.79055,28.32882],[-96.7903,28.31923],[-97.12365,28.2726],[-97.124,28.2711],[-97.12076,28.2695],[-97.12108,28.26459],[-97.11753,28.25946],[-97.11921,28.2563],[-97.12418,28.25595],[-97.12559,28.25347],[-97.12006,28.25122],[-97.11799,28.24689],[-97.11243,28.24615],[-97.11264,28.24281],[-97.10854,28.24027],[-97.10818,28.23675],[-97.10466,28.2364],[-97.10343,28.23313],[-97.10201,28.23425],[-97.09806,28.23239],[-97.09801,28.2307],[-97.10238,28.22786],[-97.10226,28.22652],[-97.09224,28.22364],[-97.0884,28.22075],[-97.07528,28.21953],[-97.07064,28.21429],[-97.06484,28.21429],[-97.06513,28.21113],[-97.06199,28.20622],[-97.05452,28.20376],[-97.04943,28.20676],[-97.04695,28.20605],[-97.04768,28.20813],[-97.04397,28.20743],[-97.04313,28.20892],[-97.03874,28.20687],[-97.03922,28.20436],[-97.03731,28.20126],[-97.02838,28.2032],[-97.01752,28.20276],[-97.02349,28.18767],[-97.14477,28.10265],[-97.22114,28.07439],[-97.23444,28.06225],[-97.23726,28.06152],[-97.24041,28.06152],[-97.26075,28.07571],[-97.2632,28.0811],[-97.26056,28.08369],[-97.26243,28.08805],[-97.28384,28.09099],[-97.28445,28.10013],[-97.28754,28.11147],[-97.28982,28.11443],[-97.29445,28.11488],[-97.29519,28.10662],[-97.30105,28.1038],[-97.31649,28.10974],[-97.31808,28.1127],[-97.31709,28.11555],[-97.31124,28.11525],[-97.30894,28.11927],[-97.31414,28.13265],[-97.31768,28.13743],[-97.32749,28.13324],[-97.32554,28.13146],[-97.32073,28.13353],[-97.31768,28.13196],[-97.31879,28.12647],[-97.3253,28.11943],[-97.32802,28.11854],[-97.33076,28.11992],[-97.325,28.12409],[-97.32515,28.12643],[-97.33617,28.12932],[-97.34086,28.13221],[-97.34307,28.13097],[-97.34384,28.1207],[-97.3458,28.11837],[-97.35094,28.12336],[-97.35635,28.1231],[-97.36767,28.129],[-97.37898,28.13896],[-97.38199,28.12621],[-97.38463,28.12401],[-97.38678,28.12475],[-97.38859,28.12938],[-97.40365,28.13049],[-97.40539,28.12336],[-97.3963,28.11877],[-97.40074,28.11952],[-97.40079,28.112],[-97.40475,28.109],[-97.4058,28.11946],[-97.41796,28.12203],[-97.42081,28.12093],[-97.42255,28.11778],[-97.42672,28.11721],[-97.42798,28.12819],[-97.43518,28.12963],[-97.42324,28.1353],[-97.42246,28.14278],[-97.42848,28.13935],[-97.43904,28.13879],[-97.44101,28.13203],[-97.44273,28.13186],[-97.44754,28.13453],[-97.44618,28.13851],[-97.44215,28.14265],[-97.44273,28.14719],[-97.44091,28.15119],[-97.44223,28.15409],[-97.44497,28.15335],[-97.44689,28.14871],[-97.45037,28.14785],[-97.45342,28.15403],[-97.45788,28.1557],[-97.45648,28.16056],[-97.46905,28.15453],[-97.47301,28.15601],[-97.47514,28.16335],[-97.47344,28.17632],[-97.47506,28.17916],[-97.47797,28.17808],[-97.48223,28.1687],[-97.49473,28.16588],[-97.50824,28.15914],[-97.51427,28.15359],[-97.52106,28.15131],[-97.52334,28.15228],[-97.52768,28.16069],[-97.54047,28.1643],[-97.37536,28.38891],[-97.16069,28.55342],[-97.16059,28.55051],[-97.15672,28.5512],[-97.15574,28.54786],[-97.14878,28.55302],[-97.1483,28.54983],[-97.15164,28.54963],[-97.14798,28.54638],[-97.14634,28.54959],[-97.14301,28.5484],[-97.13917,28.55395],[-97.13555,28.5495],[-97.13225,28.55121],[-97.12836,28.54557],[-97.12577,28.54876],[-97.12545,28.54611],[-97.12372,28.54534],[-97.12244,28.54582],[-97.12268,28.54907],[-97.11928,28.54638],[-97.1181,28.54869],[-97.11503,28.54923],[-97.11063,28.55345],[-97.10348,28.55427]]]]},"properties":{"fips":"48391","name":"Refugio","n":108,"mw":258.4,"first":2020,"last":2022,"hh":93.2,"projects":2}},{"type":"Feature","id":48335,"geometry":{"type":"MultiPolygon","coordinates":[[[[-100.66022,32.52565],[-100.66524,32.08541],[-101.1837,32.08697],[-101.17447,32.52778],[-100.66022,32.52565]]]]},"properties":{"fips":"48335","name":"Mitchell","n":206,"mw":257.3,"first":2008,"last":2011,"hh":74.4,"projects":5}},{"type":"Feature","id":48197,"geometry":{"type":"MultiPolygon","coordinates":[[[[-99.47521,34.33114],[-99.47573,34.08445],[-99.47992,34.08244],[-99.48415,34.07587],[-99.49098,34.07029],[-99.4982,34.06574],[-99.50288,34.06583],[-99.50864,34.06843],[-99.52423,34.07114],[-99.53546,34.06267],[-99.55203,34.05707],[-99.56898,34.06009],[-99.59316,34.07327],[-99.60558,34.07529],[-99.61004,34.0794],[-99.62532,34.08568],[-99.63291,34.09521],[-99.64844,34.10023],[-99.6662,34.09513],[-99.67341,34.09651],[-99.67866,34.08494],[-99.68443,34.08508],[-99.69099,34.09061],[-99.70252,34.09542],[-99.77186,34.09315],[-99.99774,34.22438],[-99.99761,34.56064],[-99.99258,34.55951],[-99.9719,34.56209],[-99.95907,34.57131],[-99.9547,34.57819],[-99.94566,34.57919],[-99.92401,34.57555],[-99.91767,34.56772],[-99.8866,34.54895],[-99.8804,34.54192],[-99.87666,34.53987],[-99.87327,34.53279],[-99.86587,34.52384],[-99.85338,34.51172],[-99.83473,34.50174],[-99.82631,34.49058],[-99.8234,34.48333],[-99.81231,34.47348],[-99.80131,34.45753],[-99.75934,34.42396],[-99.74649,34.41656],[-99.72753,34.40959],[-99.71987,34.4052],[-99.71786,34.40328],[-99.71278,34.38841],[-99.70578,34.38559],[-99.69646,34.37785],[-99.67944,34.37782],[-99.66541,34.37338],[-99.653,34.37562],[-99.65081,34.37288],[-99.64162,34.37418],[-99.6312,34.37093],[-99.61914,34.37133],[-99.61669,34.37071],[-99.61664,34.3694],[-99.60958,34.3692],[-99.5964,34.37666],[-99.58604,34.38726],[-99.58279,34.39501],[-99.58336,34.40787],[-99.57917,34.4163],[-99.57271,34.41719],[-99.54914,34.41251],[-99.53314,34.41154],[-99.52583,34.41289],[-99.5033,34.41026],[-99.48917,34.39851],[-99.47487,34.39502],[-99.47521,34.33114]]]]},"properties":{"fips":"48197","name":"Hardeman","n":103,"mw":252.7,"first":2018,"last":2019,"hh":88.5,"projects":2}},{"type":"Feature","id":48045,"geometry":{"type":"MultiPolygon","coordinates":[[[[-101.37491,34.74837],[-100.94489,34.74833],[-100.94609,34.31281],[-101.47167,34.31234],[-101.47164,34.74835],[-101.37491,34.74837]]]]},"properties":{"fips":"48045","name":"Briscoe","n":123,"mw":233.8,"first":2015,"last":2015,"hh":80.0,"projects":2}},{"type":"Feature","id":48369,"geometry":{"type":"MultiPolygon","coordinates":[[[[-102.52539,34.7469],[-102.52586,34.3131],[-103.04377,34.31212],[-103.04299,34.74739],[-102.52539,34.7469]]]]},"properties":{"fips":"48369","name":"Parmer","n":96,"mw":230.4,"first":2016,"last":2016,"hh":80.0,"projects":1}},{"type":"Feature","id":48107,"geometry":{"type":"MultiPolygon","coordinates":[[[[-101.03882,33.39716],[-101.55678,33.39514],[-101.5637,33.83044],[-101.04126,33.83364],[-101.03882,33.39716]]]]},"properties":{"fips":"48107","name":"Crosby","n":120,"mw":226.9,"first":2011,"last":2018,"hh":80.0,"projects":4}},{"type":"Feature","id":48413,"geometry":{"type":"MultiPolygon","coordinates":[[[[-100.11539,31.08806],[-100.11624,30.71043],[-100.69025,30.7048],[-100.96057,30.706],[-100.96033,30.94306],[-100.96249,31.08228],[-100.57676,31.08723],[-100.11539,31.08806]]]]},"properties":{"fips":"48413","name":"Schleicher","n":92,"mw":225.1,"first":2009,"last":2018,"hh":84.1,"projects":2}},{"type":"Feature","id":48093,"geometry":{"type":"MultiPolygon","coordinates":[[[[-98.32727,31.94133],[-98.25117,31.98013],[-98.15653,31.84171],[-98.46355,31.6841],[-98.4926,31.72341],[-98.66852,31.70089],[-98.92433,32.07799],[-98.54829,32.26262],[-98.32727,31.94133]]]]},"properties":{"fips":"48093","name":"Comanche","n":99,"mw":224.1,"first":2015,"last":2018,"hh":81.8,"projects":2}},{"type":"Feature","id":48357,"geometry":{"type":"MultiPolygon","coordinates":[[[[-100.87047,36.49997],[-100.54613,36.49994],[-100.5463,36.05603],[-101.05865,36.05793],[-101.08578,36.05518],[-101.08518,36.49987],[-100.87047,36.49997]]]]},"properties":{"fips":"48357","name":"Ochiltree","n":123,"mw":209.1,"first":2014,"last":2014,"hh":80.0,"projects":1}},{"type":"Feature","id":48077,"geometry":{"type":"MultiPolygon","coordinates":[[[[-98.11289,34.15445],[-98.10777,34.15232],[-98.10383,34.14808],[-98.10735,34.1329],[-98.10595,34.12873],[-98.10703,34.12417],[-98.10381,34.11208],[-98.11911,34.09349],[-98.12125,34.08151],[-98.12037,34.07331],[-98.1174,34.06582],[-98.10741,34.05466],[-98.10033,34.04978],[-98.09007,34.04594],[-98.09459,34.04159],[-98.10477,34.03937],[-98.10783,34.03603],[-98.10087,34.02276],[-98.09476,34.01675],[-98.09328,34.01184],[-98.08874,34.00563],[-98.08379,34.00256],[-98.0395,33.99337],[-98.01519,33.99426],[-97.98087,34.00225],[-97.97723,34.00041],[-97.96747,33.98834],[-97.96322,33.98765],[-97.95194,33.99094],[-97.94785,33.98639],[-97.95811,33.95771],[-97.96313,33.95093],[-97.97435,33.94401],[-97.97418,33.93998],[-97.97176,33.93739],[-97.96295,33.93623],[-97.95449,33.93238],[-97.95341,33.92895],[-97.95484,33.9219],[-97.95904,33.91555],[-97.96405,33.91234],[-97.97903,33.91152],[-97.98396,33.90384],[-97.98527,33.89894],[-97.97788,33.88969],[-97.97899,33.46704],[-98.42158,33.46679],[-98.4234,33.5694],[-98.42203,34.08294],[-98.41764,34.08297],[-98.41085,34.08885],[-98.4095,34.09407],[-98.41153,34.09864],[-98.41055,34.10095],[-98.4076,34.10154],[-98.40322,34.09901],[-98.40003,34.0992],[-98.3984,34.10447],[-98.39804,34.12516],[-98.39212,34.1288],[-98.38501,34.12816],[-98.38112,34.12997],[-98.38301,34.13805],[-98.37824,34.14515],[-98.37164,34.1506],[-98.37069,34.15526],[-98.35944,34.15614],[-98.33423,34.15198],[-98.32388,34.14857],[-98.31207,34.14082],[-98.28949,34.13241],[-98.27314,34.13297],[-98.26686,34.12984],[-98.26053,34.12892],[-98.23887,34.13325],[-98.20224,34.1169],[-98.17141,34.1142],[-98.16847,34.11442],[-98.15403,34.12292],[-98.13125,34.14835],[-98.12061,34.15456],[-98.11289,34.15445]]]]},"properties":{"fips":"48077","name":"Clay","n":119,"mw":204.1,"first":2015,"last":2015,"hh":80.0,"projects":1}},{"type":"Feature","id":48115,"geometry":{"type":"MultiPolygon","coordinates":[[[[-102.19494,32.95895],[-101.69134,32.96202],[-101.68864,32.52519],[-102.20266,32.5232],[-102.20844,32.95888],[-102.19494,32.95895]]]]},"properties":{"fips":"48115","name":"Dawson","n":111,"mw":198.7,"first":2015,"last":2015,"hh":80.0,"projects":1}},{"type":"Feature","id":48349,"geometry":{"type":"MultiPolygon","coordinates":[[[[-96.36471,32.31639],[-96.35772,32.31592],[-96.35375,32.3117],[-96.34889,32.31342],[-96.34545,32.3128],[-96.34385,32.31067],[-96.34579,32.30978],[-96.34485,32.30879],[-96.33946,32.30849],[-96.33943,32.30626],[-96.33082,32.30339],[-96.32423,32.30314],[-96.32379,32.30621],[-96.31593,32.30301],[-96.31749,32.30115],[-96.31622,32.30021],[-96.31234,32.30286],[-96.30961,32.30009],[-96.31118,32.29895],[-96.31005,32.29823],[-96.30739,32.29871],[-96.30762,32.30049],[-96.30515,32.30213],[-96.30431,32.29785],[-96.30213,32.2976],[-96.30068,32.30101],[-96.29897,32.30111],[-96.29672,32.29785],[-96.30035,32.2942],[-96.28898,32.29321],[-96.29377,32.28996],[-96.2885,32.28734],[-96.28377,32.27904],[-96.28464,32.27195],[-96.28816,32.27131],[-96.29016,32.26885],[-96.28469,32.26501],[-96.28528,32.2547],[-96.28078,32.25398],[-96.28234,32.25772],[-96.2778,32.26052],[-96.27643,32.25535],[-96.273,32.25249],[-96.27254,32.25551],[-96.26784,32.25916],[-96.26478,32.25243],[-96.2619,32.24956],[-96.25994,32.25142],[-96.25694,32.24509],[-96.25113,32.24681],[-96.25533,32.24919],[-96.25404,32.25066],[-96.23504,32.25073],[-96.23298,32.24376],[-96.23627,32.24235],[-96.23034,32.23888],[-96.22738,32.24095],[-96.22374,32.2406],[-96.22986,32.23669],[-96.22115,32.233],[-96.21751,32.2335],[-96.21569,32.22833],[-96.21613,32.22451],[-96.21084,32.22618],[-96.20812,32.22191],[-96.20983,32.22028],[-96.20914,32.2187],[-96.20439,32.21814],[-96.20394,32.2148],[-96.2011,32.21429],[-96.19774,32.21507],[-96.19769,32.21974],[-96.19632,32.21978],[-96.19384,32.21608],[-96.19653,32.21329],[-96.19425,32.2113],[-96.1972,32.20957],[-96.19717,32.20729],[-96.19154,32.20288],[-96.18368,32.20175],[-96.18118,32.20455],[-96.17565,32.20385],[-96.17531,32.20648],[-96.17073,32.20686],[-96.16661,32.21027],[-96.15604,32.21487],[-96.15016,32.21406],[-96.14664,32.21181],[-96.1479,32.20695],[-96.15768,32.20571],[-96.16047,32.20394],[-96.16055,32.20097],[-96.15562,32.20034],[-96.15745,32.19746],[-96.15599,32.19517],[-96.15795,32.1911],[-96.16334,32.19041],[-96.16483,32.18905],[-96.16395,32.18739],[-96.16789,32.18709],[-96.16656,32.1829],[-96.1714,32.18509],[-96.17596,32.18184],[-96.17689,32.17949],[-96.17543,32.17405],[-96.173,32.17085],[-96.17594,32.16832],[-96.17199,32.16866],[-96.16682,32.16646],[-96.16555,32.16274],[-96.16677,32.15825],[-96.15972,32.15475],[-96.15237,32.15835],[-96.14532,32.1526],[-96.14077,32.15315],[-96.13899,32.15122],[-96.1215,32.15621],[-96.11777,32.15979],[-96.11406,32.16094],[-96.11275,32.15685],[-96.10447,32.15254],[-96.10247,32.1498],[-96.10229,32.14246],[-96.10574,32.13545],[-96.11173,32.13155],[-96.11459,32.12683],[-96.11417,32.11954],[-96.11156,32.11599],[-96.11721,32.10404],[-96.1177,32.09455],[-96.11087,32.0891],[-96.10808,32.08352],[-96.10904,32.07665],[-96.10634,32.07535],[-96.10052,32.07734],[-96.09929,32.08153],[-96.08227,32.08127],[-96.06758,32.08603],[-96.06556,32.08541],[-96.0627,32.07732],[-96.06875,32.07714],[-96.07027,32.07457],[-96.06693,32.07146],[-96.06867,32.06645],[-96.06389,32.06496],[-96.06249,32.06274],[-96.06698,32.05889],[-96.06405,32.05137],[-96.06625,32.0486],[-96.06469,32.04507],[-96.06599,32.03642],[-96.06343,32.03346],[-96.06247,32.02598],[-96.05785,32.02073],[-96.05085,32.01659],[-96.05491,32.01547],[-96.05478,32.01256],[-96.49676,31.79629],[-96.71914,31.81488],[-96.89614,32.07385],[-96.62263,32.20791],[-96.38327,32.32923],[-96.37532,32.32512],[-96.36471,32.31639]]]]},"properties":{"fips":"48349","name":"Navarro","n":58,"mw":193.8,"first":2022,"last":2022,"hh":117.0,"projects":2}},{"type":"Feature","id":48133,"geometry":{"type":"MultiPolygon","coordinates":[[[[-98.56819,32.51494],[-98.47521,32.51296],[-98.47482,32.29901],[-98.92433,32.07799],[-99.11889,32.07971],[-99.1144,32.51493],[-98.56819,32.51494]]]]},"properties":{"fips":"48133","name":"Eastland","n":72,"mw":190.3,"first":2006,"last":2024,"hh":106.4,"projects":4}},{"type":"Feature","id":48393,"geometry":{"type":"MultiPolygon","coordinates":[[[[-100.72353,36.05685],[-100.54021,36.056],[-100.53951,35.94135],[-100.54128,35.74595],[-100.54008,35.61972],[-100.69638,35.62073],[-101.08606,35.61917],[-101.08578,36.05518],[-101.05865,36.05793],[-100.72353,36.05685]]]]},"properties":{"fips":"48393","name":"Roberts","n":95,"mw":175.7,"first":2014,"last":2014,"hh":80.0,"projects":1}},{"type":"Feature","id":48381,"geometry":{"type":"MultiPolygon","coordinates":[[[[-101.62302,35.18328],[-101.62551,34.92641],[-101.62924,34.7484],[-102.1689,34.74741],[-102.16743,35.1832],[-101.62302,35.18328]]]]},"properties":{"fips":"48381","name":"Randall","n":70,"mw":166.9,"first":2015,"last":2018,"hh":80.1,"projects":2}},{"type":"Feature","id":48003,"geometry":{"type":"MultiPolygon","coordinates":[[[[-102.87823,32.52308],[-102.21114,32.52322],[-102.21121,32.08687],[-103.06476,32.08697],[-103.0648,32.52297],[-102.87823,32.52308]]]]},"properties":{"fips":"48003","name":"Andrews","n":57,"mw":160.7,"first":2020,"last":2020,"hh":89.0,"projects":1}},{"type":"Feature","id":48263,"geometry":{"type":"MultiPolygon","coordinates":[[[[-101.02318,33.3972],[-100.51752,33.3977],[-100.52696,32.96339],[-100.6559,32.96328],[-101.03857,32.97019],[-101.03882,33.39716],[-101.02318,33.3972]]]]},"properties":{"fips":"48263","name":"Kent","n":58,"mw":154.7,"first":2012,"last":2020,"hh":87.4,"projects":3}},{"type":"Feature","id":48169,"geometry":{"type":"MultiPolygon","coordinates":[[[[-101.54625,33.39517],[-101.03882,33.39716],[-101.03857,32.97019],[-101.17344,32.96361],[-101.55754,32.96105],[-101.55678,33.39514],[-101.54625,33.39517]]]]},"properties":{"fips":"48169","name":"Garza","n":67,"mw":154.6,"first":2006,"last":2020,"hh":85.5,"projects":2}},{"type":"Feature","id":48079,"geometry":{"type":"MultiPolygon","coordinates":[[[[-102.63259,33.8251],[-102.61552,33.82515],[-102.59472,33.38835],[-103.05676,33.38839],[-103.04758,33.82474],[-102.63259,33.8251]]]]},"properties":{"fips":"48079","name":"Cochran","n":67,"mw":150.6,"first":2018,"last":2018,"hh":80.0,"projects":1}},{"type":"Feature","id":48125,"geometry":{"type":"MultiPolygon","coordinates":[[[[-101.0002,33.8338],[-100.51868,33.83575],[-100.51752,33.3977],[-101.03882,33.39716],[-101.04126,33.83364],[-101.0002,33.8338]]]]},"properties":{"fips":"48125","name":"Dickens","n":100,"mw":150.0,"first":2008,"last":2008,"hh":80.0,"projects":1}},{"type":"Feature","id":48465,"geometry":{"type":"MultiPolygon","coordinates":[[[[-100.98289,30.28767],[-100.70037,30.28824],[-100.6992,29.41973],[-100.70236,29.41005],[-100.70191,29.40506],[-100.7054,29.40326],[-100.7073,29.39962],[-100.70719,29.37923],[-100.71036,29.37785],[-100.71072,29.37046],[-100.70633,29.36438],[-100.70868,29.35935],[-100.70867,29.35449],[-100.71071,29.35246],[-100.71086,29.33972],[-100.71736,29.33487],[-100.7212,29.33501],[-100.73542,29.32946],[-100.74318,29.32945],[-100.7465,29.32541],[-100.74622,29.32103],[-100.74355,29.31608],[-100.74777,29.30779],[-100.74835,29.30219],[-100.74553,29.29856],[-100.74526,29.29496],[-100.73911,29.29027],[-100.73806,29.28244],[-100.74267,29.27931],[-100.74369,29.27388],[-100.74253,29.26962],[-100.74597,29.2645],[-100.74621,29.25569],[-100.74845,29.254],[-100.7556,29.25597],[-100.76284,29.25024],[-100.76303,29.24789],[-100.75989,29.24582],[-100.75759,29.24156],[-100.75775,29.23902],[-100.75968,29.23779],[-100.76415,29.23819],[-100.77473,29.2457],[-100.77888,29.24672],[-100.79001,29.24518],[-100.79441,29.24194],[-100.79644,29.24596],[-100.80145,29.24995],[-100.80751,29.25295],[-100.81648,29.25393],[-100.81316,29.26191],[-100.81518,29.26407],[-100.82456,29.2616],[-100.83417,29.26139],[-100.84081,29.26438],[-100.84913,29.27176],[-100.85333,29.27236],[-100.85632,29.27585],[-100.86629,29.27667],[-100.8767,29.27997],[-100.8787,29.28165],[-100.88013,29.28671],[-100.88182,29.29934],[-100.88644,29.30771],[-100.89417,29.31049],[-100.89669,29.30915],[-100.90024,29.31006],[-100.90624,29.31317],[-100.90888,29.31722],[-100.91793,29.32016],[-100.91993,29.32593],[-100.92808,29.32665],[-100.94062,29.33289],[-100.94324,29.34221],[-100.94919,29.34734],[-100.9642,29.34718],[-100.97121,29.3512],[-100.97302,29.35471],[-100.98319,29.35967],[-101.00957,29.36809],[-101.01411,29.37404],[-101.0135,29.38062],[-101.01741,29.38813],[-101.03729,29.40661],[-101.03882,29.411],[-101.03786,29.41469],[-101.04328,29.42961],[-101.05739,29.44094],[-101.05731,29.4471],[-101.06039,29.45851],[-101.08826,29.4697],[-101.10226,29.47062],[-101.11541,29.46834],[-101.12981,29.47854],[-101.14171,29.47319],[-101.15263,29.47894],[-101.17174,29.50394],[-101.1744,29.5145],[-101.18111,29.51681],[-101.19408,29.51984],[-101.22706,29.52203],[-101.2364,29.52394],[-101.25505,29.52015],[-101.26123,29.53028],[-101.2611,29.53753],[-101.24911,29.55884],[-101.24159,29.56491],[-101.25238,29.60398],[-101.24751,29.61818],[-101.25147,29.62517],[-101.26306,29.63036],[-101.27073,29.62838],[-101.27765,29.62087],[-101.27984,29.61624],[-101.27752,29.59779],[-101.27874,29.59024],[-101.28135,29.58503],[-101.28904,29.57553],[-101.29389,29.57239],[-101.29783,29.57285],[-101.30342,29.57649],[-101.31006,29.58663],[-101.3136,29.60184],[-101.3122,29.61323],[-101.30102,29.63739],[-101.3006,29.64406],[-101.30316,29.65139],[-101.30778,29.6559],[-101.31618,29.65936],[-101.34753,29.66219],[-101.35009,29.66089],[-101.35608,29.6502],[-101.35956,29.6491],[-101.36196,29.65081],[-101.36618,29.66863],[-101.37342,29.68043],[-101.37186,29.69311],[-101.37289,29.69902],[-101.3961,29.71304],[-101.39865,29.71865],[-101.39616,29.72902],[-101.39739,29.73546],[-101.40105,29.73842],[-101.41213,29.7428],[-101.41571,29.74679],[-101.41482,29.75243],[-101.40319,29.75809],[-101.39956,29.76162],[-101.39887,29.76781],[-101.40254,29.77134],[-101.40606,29.77182],[-101.41198,29.76959],[-101.43703,29.75139],[-101.44759,29.75053],[-101.45085,29.75342],[-101.45566,29.77191],[-101.45356,29.7857],[-101.45674,29.78861],[-101.46241,29.78973],[-101.47965,29.78382],[-101.48569,29.77528],[-101.50177,29.765],[-101.51729,29.76495],[-101.53138,29.75909],[-101.53641,29.75874],[-101.53903,29.76067],[-101.53973,29.76462],[-101.53826,29.78728],[-101.53549,29.79887],[-101.54094,29.80903],[-101.54466,29.81152],[-101.55411,29.80348],[-101.56876,29.79766],[-101.57433,29.78808],[-101.57271,29.77361],[-101.57539,29.76946],[-101.59044,29.77087],[-101.60375,29.77426],[-101.61805,29.76987],[-101.62737,29.77068],[-101.63061,29.7682],[-101.63425,29.75947],[-101.64513,29.75426],[-101.65172,29.75823],[-101.65443,29.76512],[-101.65947,29.76739],[-101.66222,29.7711],[-101.67178,29.7682],[-101.67451,29.76539],[-101.67504,29.76145],[-101.67744,29.76042],[-101.68159,29.76109],[-101.686,29.76851],[-101.68971,29.77106],[-101.69778,29.76584],[-101.7098,29.76172],[-101.71266,29.76357],[-101.71468,29.76882],[-101.72036,29.77603],[-101.72374,29.77627],[-101.72923,29.77216],[-101.73426,29.77138],[-101.7388,29.77307],[-101.74232,29.7788],[-101.75396,29.77747],[-101.76071,29.78181],[-101.75835,30.28904],[-100.98289,30.28767]]]]},"properties":{"fips":"48465","name":"Val Verde","n":69,"mw":149.3,"first":2017,"last":2017,"hh":80.0,"projects":1}},{"type":"Feature","id":48329,"geometry":{"type":"MultiPolygon","coordinates":[[[[-101.77577,31.67769],[-101.77577,31.65133],[-102.28729,31.65133],[-102.28697,32.087],[-101.77595,32.08696],[-101.77577,31.67769]]]]},"properties":{"fips":"48329","name":"Midland","n":51,"mw":140.2,"first":2024,"last":2024,"hh":110.7,"projects":1}},{"type":"Feature","id":48495,"geometry":{"type":"MultiPolygon","coordinates":[[[[-102.79851,32.08708],[-102.79911,31.65136],[-103.32756,31.65147],[-103.32688,32.00027],[-103.06465,32.00042],[-103.06476,32.08697],[-102.79851,32.08708]]]]},"properties":{"fips":"48495","name":"Winkler","n":87,"mw":139.1,"first":2009,"last":2009,"hh":80.0,"projects":1}},{"type":"Feature","id":48131,"geometry":{"type":"MultiPolygon","coordinates":[[[[-98.23539,28.02675],[-98.23227,27.26245],[-98.52329,27.26507],[-98.52234,27.34328],[-98.55246,27.34374],[-98.55261,27.35906],[-98.58952,27.35862],[-98.58956,27.33821],[-98.62478,27.33788],[-98.62513,27.35769],[-98.74921,27.35651],[-98.74923,27.35445],[-98.79846,27.35386],[-98.80231,27.75025],[-98.80338,28.05747],[-98.23546,28.05789],[-98.23539,28.02675]]]]},"properties":{"fips":"48131","name":"Duval","n":53,"mw":132.5,"first":2018,"last":2018,"hh":89.0,"projects":1}},{"type":"Feature","id":48179,"geometry":{"type":"MultiPolygon","coordinates":[[[[-100.54008,35.61972],[-100.53889,35.18292],[-101.08625,35.18213],[-101.08606,35.61917],[-100.69638,35.62073],[-100.54008,35.61972]]]]},"properties":{"fips":"48179","name":"Gray","n":69,"mw":128.6,"first":2016,"last":2016,"hh":80.0,"projects":2}},{"type":"Feature","id":48217,"geometry":{"type":"MultiPolygon","coordinates":[[[[-97.02215,32.17112],[-96.94071,32.05204],[-96.89614,32.07385],[-96.71914,31.81488],[-96.93223,31.70894],[-97.03733,31.86315],[-97.27716,31.74543],[-97.30868,31.76051],[-97.32408,31.77921],[-97.3261,31.79067],[-97.30761,31.80139],[-97.29316,31.8164],[-97.27994,31.82534],[-97.27661,31.83233],[-97.27912,31.84111],[-97.28422,31.84356],[-97.30435,31.84804],[-97.31062,31.84752],[-97.32571,31.84182],[-97.32945,31.842],[-97.3376,31.85072],[-97.35493,31.86141],[-97.38178,31.87042],[-97.38382,31.87216],[-97.38542,31.87764],[-97.38305,31.88309],[-97.37864,31.8848],[-97.36523,31.88523],[-97.36017,31.88785],[-97.3599,31.89021],[-97.39693,31.9094],[-97.4102,31.9084],[-97.422,31.92269],[-97.4328,31.92496],[-97.43913,31.92945],[-97.43764,31.93456],[-97.42565,31.94312],[-97.39974,31.95662],[-97.38148,31.97118],[-97.37699,31.97788],[-97.37875,31.98299],[-97.3815,31.98567],[-97.40476,31.98697],[-97.41172,31.99555],[-97.42089,32.00298],[-97.42283,32.00805],[-97.42315,32.02169],[-97.42552,32.02816],[-97.42892,32.02922],[-97.43442,32.02615],[-97.44096,32.01514],[-97.44901,32.01235],[-97.47531,32.01024],[-97.4812,32.01311],[-97.48598,32.0183],[-97.48532,32.04184],[-97.49184,32.05778],[-97.49183,32.06146],[-97.46971,32.08892],[-97.47177,32.09714],[-97.48457,32.10952],[-97.4957,32.12804],[-97.49695,32.13553],[-97.49386,32.13971],[-97.46922,32.14825],[-97.46561,32.1551],[-97.45644,32.16452],[-97.45757,32.1686],[-97.46089,32.17179],[-97.47606,32.17344],[-97.47183,32.17551],[-97.47598,32.1817],[-97.0869,32.2667],[-97.02215,32.17112]]]]},"properties":{"fips":"48217","name":"Hill","n":46,"mw":128.1,"first":2021,"last":2021,"hh":89.9,"projects":1}},{"type":"Feature","id":48129,"geometry":{"type":"MultiPolygon","coordinates":[[[[-100.94967,35.18314],[-100.53889,35.18292],[-100.54089,34.7478],[-101.0908,34.74839],[-101.08625,35.18213],[-100.94967,35.18314]]]]},"properties":{"fips":"48129","name":"Donley","n":63,"mw":126.0,"first":2016,"last":2016,"hh":80.0,"projects":1}},{"type":"Feature","id":48017,"geometry":{"type":"MultiPolygon","coordinates":[[[[-102.61558,33.83249],[-102.61552,33.82515],[-103.04758,33.82474],[-103.04368,34.00015],[-103.04377,34.31212],[-102.61525,34.31298],[-102.61558,33.83249]]]]},"properties":{"fips":"48017","name":"Bailey","n":35,"mw":120.8,"first":2018,"last":2018,"hh":87.0,"projects":1}},{"type":"Feature","id":48317,"geometry":{"type":"MultiPolygon","coordinates":[[[[-102.03885,32.52382],[-101.68864,32.52519],[-101.69511,32.08752],[-102.21121,32.08687],[-102.21114,32.52322],[-102.03885,32.52382]]]]},"properties":{"fips":"48317","name":"Martin","n":80,"mw":120.0,"first":2008,"last":2008,"hh":80.0,"projects":1}},{"type":"Feature","id":48143,"geometry":{"type":"MultiPolygon","coordinates":[[[[-98.45274,32.51289],[-98.06851,32.51158],[-98.00026,32.3601],[-97.94095,32.22253],[-97.86489,32.0873],[-98.2087,31.91735],[-98.25117,31.98013],[-98.32745,31.94124],[-98.54829,32.26262],[-98.47476,32.29909],[-98.47521,32.51296],[-98.45274,32.51289]]]]},"properties":{"fips":"48143","name":"Erath","n":37,"mw":116.1,"first":2008,"last":2017,"hh":85.5,"projects":2}},{"type":"Feature","id":48211,"geometry":{"type":"MultiPolygon","coordinates":[[[[-100.29549,36.05576],[-100.00038,36.0557],[-100.00041,35.61906],[-100.54008,35.61972],[-100.54128,35.74595],[-100.53951,35.94135],[-100.54021,36.056],[-100.29549,36.05576]]]]},"properties":{"fips":"48211","name":"Hemphill","n":61,"mw":112.8,"first":2014,"last":2014,"hh":80.0,"projects":1}},{"type":"Feature","id":48271,"geometry":{"type":"MultiPolygon","coordinates":[[[[-100.11205,29.62344],[-100.11112,29.08625],[-100.66729,29.08413],[-100.67492,29.10059],[-100.68343,29.11034],[-100.69474,29.11595],[-100.71026,29.1199],[-100.72553,29.12791],[-100.73864,29.14013],[-100.73711,29.14777],[-100.73814,29.14919],[-100.74548,29.15405],[-100.75949,29.15699],[-100.76345,29.16011],[-100.76361,29.16495],[-100.77197,29.16784],[-100.7759,29.1727],[-100.76593,29.18508],[-100.76622,29.19356],[-100.76943,29.19924],[-100.77616,29.20088],[-100.77687,29.20441],[-100.77403,29.21107],[-100.78163,29.22035],[-100.78491,29.2277],[-100.78688,29.22848],[-100.78986,29.22596],[-100.79252,29.22591],[-100.79586,29.22885],[-100.79716,29.23415],[-100.79441,29.24194],[-100.79001,29.24518],[-100.77888,29.24672],[-100.77473,29.2457],[-100.76403,29.23814],[-100.7578,29.23894],[-100.7579,29.24269],[-100.76303,29.24789],[-100.76284,29.25024],[-100.7556,29.25597],[-100.74845,29.254],[-100.74621,29.25569],[-100.74597,29.2645],[-100.74253,29.26962],[-100.74369,29.27388],[-100.74267,29.27931],[-100.73805,29.28251],[-100.73911,29.29027],[-100.74526,29.29496],[-100.74553,29.29856],[-100.74835,29.30219],[-100.74777,29.30779],[-100.74355,29.31608],[-100.74622,29.32103],[-100.7465,29.32541],[-100.74318,29.32945],[-100.73542,29.32946],[-100.7217,29.33486],[-100.71627,29.33526],[-100.71164,29.33843],[-100.71071,29.35246],[-100.70867,29.35449],[-100.70868,29.35935],[-100.70633,29.36438],[-100.71057,29.36953],[-100.7105,29.37708],[-100.70719,29.37923],[-100.7073,29.39962],[-100.7054,29.40326],[-100.70191,29.40506],[-100.70236,29.41005],[-100.6992,29.41973],[-100.69998,29.62147],[-100.50047,29.62376],[-100.11205,29.62344]]]]},"properties":{"fips":"48271","name":"Kinney","n":55,"mw":99.0,"first":2012,"last":2012,"hh":80.0,"projects":1}},{"type":"Feature","id":48341,"geometry":{"type":"MultiPolygon","coordinates":[[[[-102.13873,36.05529],[-101.62346,36.0554],[-101.62281,35.62006],[-102.16289,35.62019],[-102.16289,36.0548],[-102.13873,36.05529]]]]},"properties":{"fips":"48341","name":"Moore","n":72,"mw":98.2,"first":2008,"last":2009,"hh":76.5,"projects":7}},{"type":"Feature","id":48451,"geometry":{"type":"MultiPolygon","coordinates":[[[[-100.82542,31.69613],[-100.64014,31.6939],[-100.23575,31.69303],[-100.23469,31.5814],[-100.11123,31.58056],[-100.11539,31.08806],[-100.68845,31.08642],[-100.69315,31.52404],[-100.99911,31.52769],[-101.26804,31.52876],[-101.26777,31.55636],[-100.86543,31.56242],[-100.86118,31.70545],[-100.82542,31.69613]]]]},"properties":{"fips":"48451","name":"Tom Green","n":56,"mw":89.6,"first":2009,"last":2009,"hh":80.0,"projects":1}},{"type":"Feature","id":48247,"geometry":{"type":"MultiPolygon","coordinates":[[[[-98.55246,27.34374],[-98.52234,27.34328],[-98.52329,27.26507],[-98.53668,27.26524],[-98.53128,27.25415],[-98.52233,27.25402],[-98.51894,27.25037],[-98.51234,27.25126],[-98.51048,27.24906],[-98.50965,27.24352],[-98.50594,27.23858],[-98.49604,27.2369],[-98.49299,27.23499],[-98.49295,27.14198],[-98.4673,27.14199],[-98.46662,27.05463],[-98.41793,27.0553],[-98.42258,26.78352],[-98.95427,26.78569],[-98.95455,27.26942],[-98.79809,27.26798],[-98.79846,27.35386],[-98.74923,27.35445],[-98.74921,27.35651],[-98.62513,27.35769],[-98.62478,27.33788],[-98.58956,27.33821],[-98.58952,27.35862],[-98.55261,27.35906],[-98.55246,27.34374]]]]},"properties":{"fips":"48247","name":"Jim Hogg","n":35,"mw":70.0,"first":2015,"last":2015,"hh":80.0,"projects":1}},{"type":"Feature","id":48433,"geometry":{"type":"MultiPolygon","coordinates":[[[[-100.16314,33.39757],[-99.99101,33.39723],[-99.98913,33.25042],[-99.98891,32.96031],[-100.14173,32.95967],[-100.52696,32.96339],[-100.51752,33.3977],[-100.16314,33.39757]]]]},"properties":{"fips":"48433","name":"Stonewall","n":18,"mw":50.1,"first":2012,"last":2020,"hh":88.0,"projects":2}},{"type":"Feature","id":48421,"geometry":{"type":"MultiPolygon","coordinates":[[[[-101.62346,36.06749],[-101.62346,36.0554],[-102.16289,36.0548],[-102.16277,36.50022],[-101.62397,36.4997],[-101.62346,36.06749]]]]},"properties":{"fips":"48421","name":"Sherman","n":26,"mw":48.2,"first":2006,"last":2022,"hh":78.8,"projects":4}},{"type":"Feature","id":48281,"geometry":{"type":"MultiPolygon","coordinates":[[[[-98.17956,31.46386],[-97.90695,31.06953],[-97.91373,31.06596],[-97.91161,31.03502],[-98.43984,31.02965],[-98.4476,31.04141],[-98.47495,31.05281],[-98.48269,31.0597],[-98.48405,31.06302],[-98.48348,31.06797],[-98.47622,31.07064],[-98.4726,31.07641],[-98.46202,31.07612],[-98.45629,31.07904],[-98.45785,31.08873],[-98.46863,31.09212],[-98.47055,31.09466],[-98.45575,31.10723],[-98.45645,31.11178],[-98.45975,31.11199],[-98.46919,31.10672],[-98.47415,31.10969],[-98.48067,31.119],[-98.48794,31.11399],[-98.49381,31.11839],[-98.49878,31.1186],[-98.50084,31.11742],[-98.50536,31.1087],[-98.51226,31.10598],[-98.5183,31.09271],[-98.52362,31.0888],[-98.52717,31.09074],[-98.52957,31.095],[-98.5308,31.10263],[-98.53827,31.1138],[-98.54727,31.1226],[-98.54798,31.1277],[-98.54693,31.12942],[-98.53681,31.13248],[-98.52783,31.13749],[-98.5271,31.14212],[-98.52941,31.15227],[-98.52812,31.15502],[-98.52546,31.15609],[-98.51128,31.15516],[-98.50487,31.16166],[-98.50393,31.16539],[-98.50596,31.16734],[-98.51417,31.1648],[-98.51959,31.16493],[-98.53016,31.17364],[-98.54298,31.17488],[-98.54439,31.17947],[-98.53548,31.18604],[-98.53943,31.19253],[-98.54393,31.19468],[-98.5569,31.19212],[-98.56882,31.19841],[-98.56963,31.20446],[-98.56364,31.22082],[-98.56268,31.23049],[-98.26682,31.41055],[-98.27103,31.41647],[-98.17956,31.46386]]]]},"properties":{"fips":"48281","name":"Lampasas","n":9,"mw":43.2,"first":2023,"last":2023,"hh":108.0,"projects":1}},{"type":"Feature","id":48309,"geometry":{"type":"MultiPolygon","coordinates":[[[[-97.31591,31.25904],[-97.34334,31.24415],[-97.4188,31.32013],[-97.60514,31.58764],[-97.26603,31.75075],[-97.03733,31.86315],[-96.97271,31.76717],[-96.80112,31.52214],[-96.98141,31.42901],[-97.27804,31.27971],[-97.31591,31.25904]]]]},"properties":{"fips":"48309","name":"McLennan","n":14,"mw":42.0,"first":2020,"last":2020,"hh":82.0,"projects":1}},{"type":"Feature","id":48279,"geometry":{"type":"MultiPolygon","coordinates":[[[[-102.09046,34.31308],[-102.08572,33.8246],[-102.61552,33.82515],[-102.61525,34.31298],[-102.09046,34.31308]]]]},"properties":{"fips":"48279","name":"Lamb","n":8,"mw":27.6,"first":2018,"last":2018,"hh":87.0,"projects":1}},{"type":"Feature","id":48233,"geometry":{"type":"MultiPolygon","coordinates":[[[[-101.08604,35.6998],[-101.08607,35.62532],[-101.62278,35.62417],[-101.62346,36.0554],[-101.08578,36.05518],[-101.08604,35.6998]]]]},"properties":{"fips":"48233","name":"Hutchinson","n":10,"mw":20.0,"first":2010,"last":2010,"hh":80.0,"projects":2}},{"type":"Feature","id":48303,"geometry":{"type":"MultiPolygon","coordinates":[[[[-101.8926,33.82678],[-101.5637,33.83044],[-101.55678,33.39514],[-102.07591,33.38884],[-102.08572,33.8246],[-101.8926,33.82678]]]]},"properties":{"fips":"48303","name":"Lubbock","n":20,"mw":18.2,"first":2005,"last":2021,"hh":70.7,"projects":4}},{"type":"Feature","id":48135,"geometry":{"type":"MultiPolygon","coordinates":[[[[-102.28729,31.65389],[-102.28729,31.65133],[-102.79911,31.65136],[-102.79851,32.08708],[-102.28697,32.087],[-102.28729,31.65389]]]]},"properties":{"fips":"48135","name":"Ector","n":9,"mw":13.5,"first":2009,"last":2009,"hh":80.0,"projects":1}},{"type":"Feature","id":48375,"geometry":{"type":"MultiPolygon","coordinates":[[[[-101.62281,35.62006],[-101.62302,35.18328],[-102.16743,35.1832],[-102.16289,35.62019],[-101.62281,35.62006]]]]},"properties":{"fips":"48375","name":"Potter","n":5,"mw":11.5,"first":2011,"last":2011,"hh":80.0,"projects":1}},{"type":"Feature","id":48205,"geometry":{"type":"MultiPolygon","coordinates":[[[[-103.02535,36.05526],[-102.16289,36.0548],[-102.16287,35.62758],[-103.04174,35.62243],[-103.04103,36.05523],[-103.02535,36.05526]]]]},"properties":{"fips":"48205","name":"Hartley","n":2,"mw":4.2,"first":2011,"last":2011,"hh":90.0,"projects":1}},{"type":"Feature","id":48165,"geometry":{"type":"MultiPolygon","coordinates":[[[[-102.3886,32.95875],[-102.20844,32.95888],[-102.20266,32.5232],[-103.0648,32.52297],[-103.0648,32.95911],[-102.3886,32.95875]]]]},"properties":{"fips":"48165","name":"Gaines","n":1,"mw":2.0,"first":2012,"last":2012,"hh":78.0,"projects":1}},{"type":"Feature","id":48121,"geometry":{"type":"MultiPolygon","coordinates":[[[[-96.94376,33.41622],[-96.84125,33.41348],[-96.84135,33.40553],[-96.83403,33.40534],[-96.84399,32.98746],[-97.39853,32.99173],[-97.39068,33.25007],[-97.38314,33.43044],[-96.94376,33.41622]]]]},"properties":{"fips":"48121","name":"Denton","n":3,"mw":0.3,"first":2012,"last":2012,"hh":37.0,"projects":1}},{"type":"Feature","id":48139,"geometry":{"type":"MultiPolygon","coordinates":[[[[-96.52901,32.54126],[-96.52781,32.53959],[-96.52404,32.54118],[-96.5244,32.53671],[-96.52,32.53531],[-96.52045,32.53275],[-96.51898,32.53149],[-96.51532,32.53176],[-96.5144,32.53618],[-96.51117,32.53566],[-96.50726,32.53277],[-96.51017,32.53037],[-96.50969,32.5267],[-96.50605,32.52481],[-96.50492,32.52707],[-96.50325,32.52602],[-96.50495,32.51816],[-96.50754,32.51732],[-96.504,32.51582],[-96.50142,32.51251],[-96.50348,32.51173],[-96.50701,32.51324],[-96.50943,32.51128],[-96.51227,32.51332],[-96.51321,32.51189],[-96.50903,32.50159],[-96.50496,32.50201],[-96.50062,32.49585],[-96.50298,32.49384],[-96.50548,32.49772],[-96.50822,32.49525],[-96.50868,32.49198],[-96.50267,32.48978],[-96.50213,32.48814],[-96.51037,32.48264],[-96.50445,32.47757],[-96.50118,32.46979],[-96.49329,32.46648],[-96.49493,32.461],[-96.49346,32.45706],[-96.49806,32.45328],[-96.48803,32.45088],[-96.48494,32.45168],[-96.48326,32.44713],[-96.48446,32.44409],[-96.47777,32.43465],[-96.45715,32.4244],[-96.45091,32.42487],[-96.44941,32.42204],[-96.4412,32.41644],[-96.43871,32.41248],[-96.43457,32.41114],[-96.4376,32.40799],[-96.43658,32.40459],[-96.43986,32.4002],[-96.43456,32.38956],[-96.43878,32.3892],[-96.43574,32.38695],[-96.43904,32.38322],[-96.43754,32.3789],[-96.44471,32.37841],[-96.44549,32.37542],[-96.44851,32.37622],[-96.44763,32.37264],[-96.44397,32.37016],[-96.44606,32.36907],[-96.44831,32.37077],[-96.44768,32.36706],[-96.45143,32.36833],[-96.45119,32.37109],[-96.45391,32.368],[-96.45018,32.36466],[-96.45454,32.36193],[-96.45239,32.35944],[-96.45357,32.35729],[-96.44849,32.35428],[-96.44974,32.35101],[-96.45469,32.35272],[-96.45167,32.34493],[-96.44344,32.34523],[-96.44225,32.34662],[-96.44118,32.34398],[-96.43883,32.3458],[-96.43647,32.3454],[-96.43667,32.34157],[-96.43403,32.34116],[-96.43308,32.339],[-96.43046,32.33922],[-96.43012,32.33236],[-96.42495,32.33597],[-96.42144,32.33242],[-96.41982,32.33302],[-96.42029,32.33496],[-96.4171,32.33532],[-96.41667,32.33341],[-96.41156,32.33257],[-96.40738,32.328],[-96.40056,32.32879],[-96.39091,32.33364],[-96.38559,32.3323],[-96.38327,32.32923],[-96.62263,32.20791],[-96.94071,32.05204],[-97.0869,32.2667],[-97.08697,32.54926],[-96.52988,32.54539],[-96.52901,32.54126]]]]},"properties":{"fips":"48139","name":"Ellis","n":1,"mw":0.1,"first":2010,"last":2010,"hh":null,"projects":1}},{"type":"Feature","id":48463,"geometry":{"type":"MultiPolygon","coordinates":[[[[-99.50031,29.08711],[-100.11112,29.08625],[-100.11205,29.62344],[-99.41179,29.6281],[-99.41388,29.08749],[-99.50031,29.08711]]]]},"properties":{"fips":"48463","name":"Uvalde","n":0,"mw":0.0,"first":null,"last":null,"hh":null,"projects":0}},{"type":"Feature","id":48285,"geometry":{"type":"MultiPolygon","coordinates":[[[[-96.86553,29.63014],[-96.85899,29.62664],[-96.8581,29.6237],[-96.84781,29.6209],[-96.8486,29.61807],[-96.84297,29.61624],[-96.84235,29.61268],[-96.84425,29.6091],[-96.83813,29.60391],[-96.83702,29.59875],[-96.83336,29.59594],[-96.8391,29.58514],[-96.83275,29.57692],[-96.79302,29.57734],[-96.56055,29.33543],[-96.6574,29.26419],[-96.87348,29.11123],[-96.93873,29.06317],[-97.11632,29.2558],[-97.24011,29.38455],[-97.20378,29.50231],[-97.20494,29.57988],[-97.14333,29.62809],[-96.86793,29.6328],[-96.86491,29.6328],[-96.86553,29.63014]]]]},"properties":{"fips":"48285","name":"Lavaca","n":0,"mw":0.0,"first":null,"last":null,"hh":null,"projects":0}},{"type":"Feature","id":48039,"geometry":{"type":"MultiPolygon","coordinates":[[[[-95.28413,29.59773],[-95.28003,29.59552],[-95.26605,29.59459],[-95.26123,29.59282],[-95.2603,29.58986],[-95.26204,29.58698],[-95.2601,29.58373],[-95.2611,29.5812],[-95.25872,29.57774],[-95.25963,29.57457],[-95.2524,29.56068],[-95.25264,29.55763],[-95.25516,29.55686],[-95.25372,29.55375],[-95.25069,29.55562],[-95.2481,29.5556],[-95.24751,29.55314],[-95.24265,29.55515],[-95.24184,29.5587],[-95.24348,29.55912],[-95.24014,29.56057],[-95.2402,29.56252],[-95.23348,29.55711],[-95.23235,29.55907],[-95.23076,29.55798],[-95.22824,29.56145],[-95.22667,29.55982],[-95.22473,29.56058],[-95.22449,29.55928],[-95.222,29.56009],[-95.22125,29.55557],[-95.21998,29.55795],[-95.21851,29.5577],[-95.21755,29.56082],[-95.21465,29.55713],[-95.21644,29.55624],[-95.23313,29.46556],[-95.05589,29.19934],[-95.13067,29.08452],[-95.12294,29.08085],[-95.1259,29.07764],[-95.12304,29.07328],[-95.12405,29.06856],[-95.13072,29.06548],[-95.1981,29.01856],[-95.26354,28.97016],[-95.28469,28.94946],[-95.29651,28.93516],[-95.32521,28.9179],[-95.36553,28.88727],[-95.38066,28.87461],[-95.38518,28.86606],[-95.40393,28.86084],[-95.44219,28.85796],[-95.46226,28.84891],[-95.5069,28.82454],[-95.50654,28.82744],[-95.50417,28.82843],[-95.50476,28.8379],[-95.52132,28.83395],[-95.53252,28.82952],[-95.53809,28.83291],[-95.5415,28.83046],[-95.54365,28.83251],[-95.5507,28.82881],[-95.55494,28.8305],[-95.56758,28.82975],[-95.57355,28.83282],[-95.57882,28.83944],[-95.57923,28.84272],[-95.57608,28.85316],[-95.57928,28.8599],[-95.58463,28.86188],[-95.59068,28.86995],[-95.60236,28.87651],[-95.60304,28.87837],[-95.61655,28.88515],[-95.62287,28.89348],[-95.63333,28.89738],[-95.63669,28.90326],[-95.64222,28.90432],[-95.64691,28.91597],[-95.65155,28.92036],[-95.65119,28.92849],[-95.64574,28.93872],[-95.65509,28.95167],[-95.66897,28.95635],[-95.6751,28.9642],[-95.67898,28.96575],[-95.68393,28.96062],[-95.69059,28.96498],[-95.6975,28.96615],[-95.69791,28.9685],[-95.76507,28.96731],[-95.76986,28.97169],[-95.77031,28.97629],[-95.76555,28.97972],[-95.77024,28.9836],[-95.76997,28.98858],[-95.76704,28.9889],[-95.76718,28.99196],[-95.76913,28.99157],[-95.77213,28.99451],[-95.77686,28.99489],[-95.77827,28.99718],[-95.77221,29.00549],[-95.7695,29.00295],[-95.76773,29.00364],[-95.77758,29.00904],[-95.78342,29.00644],[-95.78506,29.00834],[-95.78524,29.0121],[-95.7836,29.01234],[-95.78385,29.0102],[-95.77935,29.01078],[-95.77982,29.01667],[-95.77618,29.01812],[-95.78222,29.0211],[-95.77887,29.02257],[-95.77799,29.02469],[-95.78067,29.02811],[-95.78379,29.02798],[-95.78427,29.03038],[-95.77934,29.03453],[-95.78102,29.03527],[-95.7813,29.03772],[-95.78542,29.03912],[-95.78325,29.04348],[-95.77741,29.04444],[-95.776,29.05204],[-95.76757,29.05321],[-95.76599,29.05856],[-95.76768,29.05912],[-95.76505,29.0606],[-95.76931,29.06289],[-95.77078,29.06641],[-95.77385,29.06453],[-95.78112,29.06569],[-95.79356,29.07218],[-95.79707,29.07984],[-95.8016,29.08035],[-95.80358,29.08811],[-95.80582,29.09057],[-95.81777,29.08939],[-95.82234,29.09068],[-95.82964,29.08897],[-95.83376,29.09373],[-95.83657,29.09276],[-95.83915,29.09768],[-95.84169,29.09875],[-95.84083,29.10076],[-95.84313,29.10292],[-95.8434,29.10677],[-95.84643,29.10737],[-95.8434,29.11283],[-95.84082,29.11436],[-95.84238,29.11668],[-95.84054,29.12043],[-95.8408,29.12412],[-95.83747,29.13007],[-95.83775,29.13418],[-95.84001,29.14253],[-95.84339,29.14255],[-95.84476,29.1451],[-95.84808,29.14616],[-95.85085,29.15227],[-95.84909,29.15484],[-95.85029,29.15994],[-95.84781,29.16056],[-95.84905,29.16481],[-95.84681,29.16567],[-95.84681,29.16764],[-95.8392,29.16911],[-95.84045,29.17118],[-95.83944,29.1727],[-95.8416,29.17363],[-95.83833,29.1766],[-95.85777,29.19328],[-95.84472,29.20499],[-95.87388,29.22977],[-95.84193,29.25851],[-95.84754,29.26257],[-95.7978,29.30797],[-95.78391,29.29626],[-95.75285,29.32458],[-95.6699,29.29888],[-95.66524,29.29895],[-95.66263,29.29497],[-95.65519,29.29107],[-95.65212,29.29482],[-95.64403,29.29382],[-95.63874,29.29717],[-95.63236,29.29309],[-95.628,29.2942],[-95.62634,29.29323],[-95.621,29.30003],[-95.62221,29.30502],[-95.62831,29.3095],[-95.62677,29.31205],[-95.61627,29.31945],[-95.6147,29.32317],[-95.60506,29.3307],[-95.60244,29.32787],[-95.59237,29.32773],[-95.58877,29.33033],[-95.58754,29.33666],[-95.57882,29.34131],[-95.57878,29.34413],[-95.58237,29.35095],[-95.58095,29.35294],[-95.57497,29.35378],[-95.57373,29.35576],[-95.58111,29.3624],[-95.57827,29.36506],[-95.57212,29.38412],[-95.56633,29.39057],[-95.55835,29.39045],[-95.54505,29.39913],[-95.55067,29.40561],[-95.54661,29.40821],[-95.54566,29.41066],[-95.55024,29.41494],[-95.55189,29.41979],[-95.55648,29.42483],[-95.55545,29.42702],[-95.55192,29.42819],[-95.54927,29.43841],[-95.46239,29.43923],[-95.42332,29.58306],[-95.39278,29.58179],[-95.38828,29.58569],[-95.3759,29.58849],[-95.36815,29.58479],[-95.3644,29.58609],[-95.3602,29.58506],[-95.35617,29.58705],[-95.35279,29.58547],[-95.34649,29.58564],[-95.34046,29.59346],[-95.33779,29.59361],[-95.33152,29.59916],[-95.32223,29.59675],[-95.31565,29.59833],[-95.30895,29.59501],[-95.28413,29.59773]]]]},"properties":{"fips":"48039","name":"Brazoria","n":0,"mw":0.0,"first":null,"last":null,"hh":null,"projects":0}},{"type":"Feature","id":48325,"geometry":{"type":"MultiPolygon","coordinates":[[[[-99.41315,29.17354],[-99.41179,29.6281],[-98.98377,29.62341],[-98.97683,29.61466],[-98.97568,29.61027],[-98.97842,29.59918],[-98.98678,29.5866],[-98.98635,29.58251],[-98.97992,29.57936],[-98.97883,29.57687],[-98.9805,29.57382],[-98.98544,29.57048],[-98.9858,29.56628],[-98.97899,29.55493],[-98.97238,29.55167],[-98.96927,29.55303],[-98.96584,29.5581],[-98.96164,29.56012],[-98.94388,29.55798],[-98.933,29.56337],[-98.9272,29.56221],[-98.8065,29.69072],[-98.80492,29.09038],[-99.41388,29.08749],[-99.41315,29.17354]]]]},"properties":{"fips":"48325","name":"Medina","n":0,"mw":0.0,"first":null,"last":null,"hh":null,"projects":0}},{"type":"Feature","id":48167,"geometry":{"type":"MultiPolygon","coordinates":[[[[-94.37217,29.59623],[-94.37071,29.55437],[-94.49994,29.50683],[-94.58287,29.47331],[-94.62958,29.45241],[-94.68042,29.42487],[-94.69486,29.41529],[-94.70713,29.40443],[-94.71544,29.3958],[-94.72436,29.38306],[-94.72813,29.37531],[-94.73082,29.33215],[-94.73277,29.33053],[-94.79901,29.28213],[-94.86173,29.2451],[-94.86976,29.24179],[-95.01405,29.15574],[-95.06306,29.12432],[-95.1161,29.0871],[-95.12294,29.08085],[-95.13067,29.08452],[-95.05589,29.19934],[-95.23313,29.46556],[-95.21655,29.5555],[-95.21307,29.55584],[-95.2134,29.55885],[-95.21018,29.55846],[-95.20873,29.55999],[-95.20683,29.55902],[-95.20758,29.5578],[-95.2058,29.55774],[-95.20575,29.55923],[-95.20422,29.55821],[-95.20105,29.56323],[-95.1992,29.55882],[-95.1935,29.55993],[-95.1946,29.55603],[-95.19568,29.55779],[-95.19762,29.55735],[-95.19587,29.5531],[-95.19872,29.55465],[-95.20061,29.55279],[-95.19618,29.54799],[-95.19984,29.54648],[-95.20004,29.54461],[-95.19756,29.5421],[-95.19422,29.5433],[-95.1946,29.54097],[-95.19274,29.54147],[-95.19214,29.53908],[-95.19458,29.53832],[-95.19418,29.53676],[-95.18905,29.53608],[-95.1873,29.53415],[-95.19046,29.5305],[-95.18747,29.52816],[-95.18982,29.52748],[-95.1868,29.52738],[-95.18777,29.52432],[-95.18464,29.52313],[-95.18511,29.52152],[-95.18284,29.52029],[-95.18312,29.51903],[-95.18007,29.51839],[-95.17968,29.51995],[-95.17874,29.51748],[-95.17654,29.51685],[-95.17459,29.51824],[-95.17385,29.51479],[-95.17003,29.51513],[-95.16741,29.51242],[-95.17099,29.51009],[-95.17094,29.50771],[-95.16737,29.50587],[-95.16865,29.50431],[-95.16713,29.50419],[-95.16702,29.50243],[-95.16322,29.5019],[-95.16416,29.49846],[-95.16259,29.49744],[-95.15645,29.49818],[-95.15226,29.50051],[-95.14909,29.49847],[-95.14738,29.5018],[-95.14123,29.50649],[-95.12973,29.50506],[-95.12816,29.50897],[-95.12436,29.51047],[-95.12127,29.51012],[-95.11871,29.50709],[-95.1131,29.51086],[-95.10859,29.50961],[-95.1043,29.51073],[-95.10616,29.51644],[-95.1031,29.51831],[-95.10312,29.52094],[-95.10112,29.52134],[-95.09803,29.5179],[-95.09402,29.52451],[-95.09675,29.53449],[-95.09307,29.53483],[-95.08995,29.5311],[-95.08574,29.53486],[-95.0797,29.53437],[-95.07845,29.53713],[-95.08024,29.54028],[-95.07902,29.54392],[-95.07284,29.54995],[-95.06961,29.5565],[-95.06662,29.55844],[-95.05875,29.55952],[-95.04879,29.55841],[-95.04185,29.55485],[-95.02985,29.55209],[-95.02837,29.54746],[-95.02376,29.54953],[-95.01763,29.54836],[-95.0176,29.55021],[-95.02073,29.55273],[-95.01802,29.5549],[-95.0163,29.55155],[-95.01695,29.54701],[-95.01536,29.54029],[-95.00912,29.53431],[-95.00833,29.53171],[-94.99464,29.52002],[-94.98181,29.5131],[-94.96109,29.50693],[-94.91218,29.49635],[-94.90764,29.49771],[-94.89173,29.50895],[-94.8748,29.51467],[-94.85903,29.51666],[-94.83198,29.51694],[-94.82646,29.51841],[-94.81562,29.52688],[-94.80418,29.54482],[-94.79362,29.55096],[-94.79115,29.54971],[-94.78403,29.53847],[-94.78428,29.53581],[-94.77961,29.53012],[-94.76415,29.5245],[-94.7559,29.52476],[-94.74672,29.52759],[-94.74077,29.52635],[-94.70897,29.53727],[-94.68619,29.53819],[-94.66767,29.54341],[-94.66166,29.54656],[-94.63784,29.54986],[-94.62888,29.55309],[-94.61622,29.5549],[-94.57842,29.56769],[-94.56967,29.57335],[-94.55568,29.5746],[-94.54542,29.57213],[-94.53877,29.56276],[-94.52906,29.55646],[-94.52434,29.55053],[-94.52356,29.54113],[-94.52083,29.54081],[-94.49864,29.54434],[-94.49465,29.55036],[-94.48133,29.55451],[-94.47438,29.55854],[-94.47038,29.55702],[-94.44859,29.56413],[-94.44319,29.56293],[-94.43869,29.56557],[-94.43614,29.56441],[-94.4287,29.56522],[-94.42702,29.56689],[-94.42253,29.56678],[-94.42143,29.56987],[-94.41763,29.56919],[-94.41621,29.57315],[-94.41237,29.57323],[-94.41417,29.57712],[-94.41745,29.57848],[-94.41325,29.5808],[-94.41675,29.58478],[-94.4123,29.58674],[-94.41335,29.58793],[-94.41481,29.58613],[-94.41882,29.58605],[-94.41918,29.589],[-94.41733,29.59242],[-94.41434,29.59055],[-94.41309,29.59338],[-94.40926,29.5952],[-94.40889,29.59749],[-94.40773,29.59645],[-94.4057,29.59831],[-94.40505,29.59631],[-94.40165,29.59664],[-94.39906,29.59475],[-94.3984,29.59717],[-94.39512,29.59698],[-94.39391,29.59471],[-94.39247,29.59623],[-94.39022,29.59492],[-94.389,29.59664],[-94.38724,29.59442],[-94.38643,29.59596],[-94.38079,29.59469],[-94.37897,29.59635],[-94.37816,29.59381],[-94.37541,29.59532],[-94.37511,29.59718],[-94.37287,29.5957],[-94.37302,29.59756],[-94.37217,29.59623]]]]},"properties":{"fips":"48167","name":"Galveston","n":0,"mw":0.0,"first":null,"last":null,"hh":null,"projects":0}},{"type":"Feature","id":48029,"geometry":{"type":"MultiPolygon","coordinates":[[[[-98.65823,29.20051],[-98.80466,29.2505],[-98.8065,29.69072],[-98.77897,29.7201],[-98.77023,29.72143],[-98.76679,29.71953],[-98.76003,29.72225],[-98.74875,29.72057],[-98.74373,29.71631],[-98.73838,29.71664],[-98.73442,29.72112],[-98.72907,29.72252],[-98.73394,29.72947],[-98.72582,29.72769],[-98.72275,29.72945],[-98.71757,29.72526],[-98.70794,29.73235],[-98.70019,29.7326],[-98.70119,29.73587],[-98.70014,29.73747],[-98.69256,29.73524],[-98.68526,29.7393],[-98.67614,29.73736],[-98.67392,29.74208],[-98.66945,29.74352],[-98.66083,29.74128],[-98.65983,29.74292],[-98.66356,29.74509],[-98.66337,29.74704],[-98.66104,29.74916],[-98.65699,29.74773],[-98.6531,29.7488],[-98.65311,29.75277],[-98.65139,29.75389],[-98.64553,29.74799],[-98.64598,29.74355],[-98.64334,29.74025],[-98.63341,29.74179],[-98.6284,29.74432],[-98.61859,29.74401],[-98.61688,29.74276],[-98.61731,29.73942],[-98.61444,29.73737],[-98.6121,29.74003],[-98.60057,29.74117],[-98.60043,29.7436],[-98.60472,29.74709],[-98.60239,29.74985],[-98.59349,29.74568],[-98.58848,29.74761],[-98.58658,29.74236],[-98.58268,29.74113],[-98.57881,29.7437],[-98.57924,29.74573],[-98.57623,29.74731],[-98.57484,29.75027],[-98.56877,29.74822],[-98.56609,29.7526],[-98.5592,29.75149],[-98.55513,29.75529],[-98.55476,29.75915],[-98.54912,29.76039],[-98.54709,29.75875],[-98.54709,29.7535],[-98.54117,29.75163],[-98.53417,29.75237],[-98.53417,29.74689],[-98.5286,29.74406],[-98.52661,29.7402],[-98.525,29.74087],[-98.5259,29.74372],[-98.52183,29.74517],[-98.50435,29.7384],[-98.49694,29.73841],[-98.49097,29.73549],[-98.48555,29.73582],[-98.47769,29.73375],[-98.46636,29.7385],[-98.45834,29.73178],[-98.45338,29.73266],[-98.44768,29.73601],[-98.44527,29.73565],[-98.44272,29.7326],[-98.4446,29.72698],[-98.44402,29.71983],[-98.43799,29.71581],[-98.42711,29.71725],[-98.42986,29.72383],[-98.41712,29.73121],[-98.4211,29.73437],[-98.42097,29.74326],[-98.41601,29.74657],[-98.40781,29.74859],[-98.40262,29.74824],[-98.39843,29.74278],[-98.39975,29.73909],[-98.39859,29.7377],[-98.39077,29.73642],[-98.38811,29.73381],[-98.38345,29.73512],[-98.37464,29.73158],[-98.37324,29.72753],[-98.37591,29.72266],[-98.37521,29.72],[-98.36953,29.72088],[-98.35942,29.72901],[-98.3561,29.73385],[-98.35247,29.73433],[-98.34929,29.72756],[-98.33858,29.72169],[-98.34124,29.70981],[-98.35441,29.7039],[-98.36254,29.70593],[-98.3705,29.70494],[-98.37492,29.70637],[-98.38038,29.70366],[-98.38076,29.6955],[-98.37671,29.68909],[-98.37658,29.68583],[-98.37737,29.68284],[-98.38411,29.67852],[-98.38434,29.677],[-98.3815,29.67397],[-98.37876,29.66256],[-98.36362,29.66667],[-98.36087,29.6653],[-98.35668,29.65863],[-98.34288,29.65365],[-98.34774,29.64472],[-98.34048,29.62957],[-98.34274,29.62204],[-98.34553,29.61984],[-98.34486,29.61822],[-98.33804,29.61236],[-98.32866,29.61036],[-98.32794,29.60606],[-98.32547,29.60367],[-98.31228,29.60164],[-98.31101,29.59733],[-98.3122,29.59095],[-98.3043,29.58524],[-98.30598,29.57799],[-98.30294,29.57454],[-98.30296,29.571],[-98.2994,29.56613],[-98.2987,29.5612],[-98.29367,29.56125],[-98.28813,29.55912],[-98.28362,29.55164],[-98.27386,29.55103],[-98.2693,29.54469],[-98.256,29.54011],[-98.25345,29.54274],[-98.25963,29.54764],[-98.25994,29.55164],[-98.25833,29.55469],[-98.25507,29.55383],[-98.25426,29.55037],[-98.25181,29.5496],[-98.24914,29.5512],[-98.24774,29.55571],[-98.23895,29.55646],[-98.23232,29.55366],[-98.22958,29.54649],[-98.22723,29.54703],[-98.22607,29.5496],[-98.22219,29.54858],[-98.22174,29.54411],[-98.22977,29.54265],[-98.22248,29.53859],[-98.21908,29.52414],[-98.20542,29.52207],[-98.20264,29.52019],[-98.20197,29.51707],[-98.1988,29.51728],[-98.19697,29.51561],[-98.20029,29.51226],[-98.19933,29.50981],[-98.19546,29.5106],[-98.19107,29.50934],[-98.18987,29.5047],[-98.18658,29.5015],[-98.19019,29.49362],[-98.18642,29.48694],[-98.18307,29.48497],[-98.17736,29.48468],[-98.18002,29.49248],[-98.18472,29.49296],[-98.18371,29.49598],[-98.17843,29.49764],[-98.17379,29.4966],[-98.17302,29.49437],[-98.17023,29.49787],[-98.16833,29.49617],[-98.16837,29.49125],[-98.16695,29.49012],[-98.16859,29.48687],[-98.16675,29.4798],[-98.16473,29.47804],[-98.15436,29.47774],[-98.15087,29.48055],[-98.15076,29.47614],[-98.14864,29.47612],[-98.14323,29.47908],[-98.14266,29.48217],[-98.14471,29.48365],[-98.14286,29.48409],[-98.14273,29.48653],[-98.13942,29.48553],[-98.13963,29.48265],[-98.13556,29.48421],[-98.13688,29.48138],[-98.13498,29.47889],[-98.12881,29.48253],[-98.12614,29.48205],[-98.12214,29.47753],[-98.12472,29.47614],[-98.12405,29.47396],[-98.12083,29.47326],[-98.11706,29.46402],[-98.11992,29.45771],[-98.12672,29.45732],[-98.12643,29.45469],[-98.12057,29.44993],[-98.1207,29.44668],[-98.12819,29.44553],[-98.13385,29.44203],[-98.13248,29.44016],[-98.13517,29.43872],[-98.4072,29.11428],[-98.65823,29.20051]]]]},"properties":{"fips":"48029","name":"Bexar","n":0,"mw":0.0,"first":null,"last":null,"hh":null,"projects":0}},{"type":"Feature","id":48177,"geometry":{"type":"MultiPolygon","coordinates":[[[[-97.14333,29.62809],[-97.20494,29.57988],[-97.20378,29.50231],[-97.24011,29.38455],[-97.6138,29.11039],[-97.72847,29.21969],[-97.85853,29.35097],[-97.63322,29.64985],[-97.63395,29.64746],[-97.63028,29.64711],[-97.63108,29.64576],[-97.62905,29.63969],[-97.62734,29.64046],[-97.6277,29.64248],[-97.61685,29.64474],[-97.61618,29.64105],[-97.6188,29.63561],[-97.61836,29.63353],[-97.61138,29.63713],[-97.60594,29.63503],[-97.60462,29.63625],[-97.60656,29.64017],[-97.60404,29.64179],[-97.59986,29.6373],[-97.60079,29.63587],[-97.59844,29.63484],[-97.60002,29.63145],[-97.5978,29.63084],[-97.31784,29.78461],[-97.13052,29.64327],[-97.14333,29.62809]]]]},"properties":{"fips":"48177","name":"Gonzales","n":0,"mw":0.0,"first":null,"last":null,"hh":null,"projects":0}},{"type":"Feature","id":48157,"geometry":{"type":"MultiPolygon","coordinates":[[[[-95.78398,29.765],[-95.60584,29.66463],[-95.42401,29.58059],[-95.46239,29.43923],[-95.54927,29.43841],[-95.55192,29.42819],[-95.55526,29.42716],[-95.55648,29.42483],[-95.55189,29.41979],[-95.55024,29.41494],[-95.54566,29.41066],[-95.54661,29.40821],[-95.55067,29.40561],[-95.54505,29.39913],[-95.55835,29.39045],[-95.56633,29.39057],[-95.57212,29.38412],[-95.57827,29.36506],[-95.58111,29.3624],[-95.57373,29.35576],[-95.57497,29.35378],[-95.58095,29.35294],[-95.58237,29.35095],[-95.57878,29.34413],[-95.57882,29.34131],[-95.58754,29.33666],[-95.58877,29.33033],[-95.59237,29.32773],[-95.60244,29.32787],[-95.60506,29.3307],[-95.6147,29.32317],[-95.61627,29.31945],[-95.62677,29.31205],[-95.62831,29.3095],[-95.62221,29.30502],[-95.621,29.30003],[-95.62634,29.29323],[-95.628,29.2942],[-95.63236,29.29309],[-95.63874,29.29717],[-95.64403,29.29382],[-95.65212,29.29482],[-95.65519,29.29107],[-95.66263,29.29497],[-95.66524,29.29895],[-95.6699,29.29888],[-95.75285,29.32458],[-95.78391,29.29626],[-95.7978,29.30797],[-95.84754,29.26257],[-95.85072,29.26624],[-95.85387,29.26607],[-95.85768,29.26816],[-95.86485,29.26725],[-95.86879,29.26931],[-95.87219,29.26694],[-95.87797,29.26591],[-95.87963,29.26694],[-95.87997,29.2705],[-95.88446,29.27324],[-95.88476,29.27918],[-95.88952,29.28691],[-95.89084,29.29226],[-95.89743,29.29898],[-95.89605,29.30707],[-95.89269,29.31149],[-95.89424,29.315],[-95.89872,29.31443],[-95.90442,29.31722],[-95.91656,29.31918],[-95.91905,29.32587],[-95.92318,29.32937],[-95.93173,29.32859],[-95.93806,29.33008],[-95.9447,29.33229],[-95.95041,29.33641],[-95.94972,29.34053],[-95.95275,29.34316],[-95.95258,29.34788],[-95.95022,29.34806],[-95.94926,29.35134],[-95.94681,29.34984],[-95.94591,29.35293],[-95.93979,29.35208],[-95.93894,29.35751],[-95.9367,29.35859],[-95.94421,29.36136],[-95.94499,29.36672],[-95.94802,29.3716],[-95.94726,29.37268],[-95.95051,29.37605],[-95.9542,29.37719],[-95.95456,29.3795],[-95.95994,29.38162],[-95.96445,29.38009],[-95.96844,29.38337],[-95.96719,29.3882],[-95.96947,29.3917],[-95.96969,29.3991],[-95.97258,29.40405],[-95.97058,29.40814],[-95.97328,29.41155],[-95.98238,29.411],[-95.98555,29.41738],[-95.9881,29.41799],[-95.98626,29.42314],[-95.99197,29.43384],[-96.00097,29.43131],[-96.00402,29.42887],[-96.00686,29.42901],[-96.01313,29.43559],[-96.01891,29.43778],[-96.02052,29.44123],[-96.0314,29.44107],[-96.03567,29.44336],[-96.03638,29.44586],[-96.02967,29.44939],[-96.02945,29.45226],[-96.03269,29.45417],[-96.03795,29.45335],[-96.03792,29.45814],[-96.04277,29.45747],[-96.04344,29.46146],[-96.04826,29.46217],[-96.04993,29.47219],[-96.05982,29.47359],[-96.05877,29.47491],[-96.06051,29.47736],[-96.05754,29.48166],[-96.05987,29.4836],[-96.05858,29.48566],[-96.06033,29.48748],[-96.05944,29.49205],[-96.05803,29.48998],[-96.05344,29.4942],[-96.04795,29.49137],[-96.03472,29.49242],[-96.03129,29.49544],[-96.02589,29.49525],[-96.02609,29.49747],[-96.02235,29.50259],[-96.02475,29.5035],[-96.02416,29.50674],[-96.02741,29.50895],[-96.02989,29.50766],[-96.03455,29.51048],[-96.04718,29.50979],[-96.05417,29.51218],[-96.05347,29.51662],[-96.05577,29.51912],[-96.05145,29.52356],[-96.05492,29.52731],[-96.05456,29.53687],[-96.05637,29.53937],[-96.05194,29.5382],[-96.05041,29.54074],[-96.04794,29.53834],[-96.04703,29.54032],[-96.04128,29.54139],[-96.04358,29.54357],[-96.0412,29.54742],[-96.04292,29.55076],[-96.0418,29.55285],[-96.04502,29.55817],[-96.04466,29.562],[-96.05981,29.56841],[-96.06324,29.57643],[-96.06204,29.57788],[-96.06284,29.58398],[-96.05965,29.58818],[-96.06213,29.59139],[-96.07026,29.5921],[-96.081,29.5995],[-96.08918,29.60189],[-96.02487,29.60303],[-96.02381,29.62313],[-96.01701,29.62619],[-96.01924,29.6364],[-96.01454,29.64144],[-96.03204,29.65805],[-96.02993,29.66077],[-96.02221,29.65971],[-96.01875,29.66098],[-96.01672,29.66498],[-96.0175,29.66847],[-96.02025,29.67106],[-96.03048,29.67528],[-96.03594,29.67291],[-96.04416,29.66574],[-96.04624,29.6657],[-96.05086,29.66843],[-96.05942,29.67763],[-96.05773,29.68083],[-96.05151,29.68484],[-96.04511,29.68466],[-96.03868,29.6878],[-96.027,29.68567],[-96.01926,29.67988],[-96.01471,29.6824],[-96.01527,29.6952],[-96.02132,29.70589],[-96.01809,29.70763],[-96.01245,29.7048],[-96.00676,29.7049],[-96.00462,29.7071],[-96.005,29.71002],[-96.00887,29.71809],[-96.01196,29.71995],[-96.02604,29.71748],[-96.03364,29.7188],[-96.03275,29.72799],[-95.97078,29.72859],[-95.97105,29.74067],[-95.95074,29.74096],[-95.82596,29.78858],[-95.78398,29.765]]]]},"properties":{"fips":"48157","name":"Fort Bend","n":0,"mw":0.0,"first":null,"last":null,"hh":null,"projects":0}},{"type":"Feature","id":48187,"geometry":{"type":"MultiPolygon","coordinates":[[[[-97.87508,29.85808],[-97.87251,29.85283],[-97.86893,29.85138],[-97.86456,29.85606],[-97.86128,29.85498],[-97.85611,29.84878],[-97.85526,29.84371],[-97.84697,29.8422],[-97.84469,29.83912],[-97.84364,29.83278],[-97.83684,29.82775],[-97.83679,29.82511],[-97.84248,29.82412],[-97.84194,29.82135],[-97.83977,29.82029],[-97.84052,29.81589],[-97.84642,29.80881],[-97.84568,29.80749],[-97.84187,29.80756],[-97.84257,29.79942],[-97.83688,29.79512],[-97.83015,29.7953],[-97.83001,29.78995],[-97.83234,29.78452],[-97.82924,29.77955],[-97.82771,29.77913],[-97.82823,29.78145],[-97.8243,29.78127],[-97.82623,29.78438],[-97.82343,29.78541],[-97.82387,29.78335],[-97.82192,29.78258],[-97.81959,29.78916],[-97.81687,29.79014],[-97.81439,29.78474],[-97.81206,29.78378],[-97.81481,29.78026],[-97.81264,29.77833],[-97.81136,29.7801],[-97.80858,29.77967],[-97.80551,29.77709],[-97.80556,29.77302],[-97.81078,29.7746],[-97.81059,29.77307],[-97.80538,29.76734],[-97.80012,29.7657],[-97.80063,29.75961],[-97.80372,29.75731],[-97.80343,29.75368],[-97.80156,29.75407],[-97.79949,29.75213],[-97.79445,29.75262],[-97.79298,29.75396],[-97.79283,29.75908],[-97.78709,29.76085],[-97.78039,29.75875],[-97.78163,29.75791],[-97.77962,29.75449],[-97.78113,29.75266],[-97.77954,29.74812],[-97.78206,29.74804],[-97.77757,29.74697],[-97.77409,29.74387],[-97.77412,29.74175],[-97.76839,29.7414],[-97.77057,29.73848],[-97.77049,29.73347],[-97.77226,29.73392],[-97.75872,29.72542],[-97.75928,29.72382],[-97.76635,29.72193],[-97.76675,29.72011],[-97.76852,29.71991],[-97.76445,29.71638],[-97.76335,29.71316],[-97.75893,29.71454],[-97.75649,29.71781],[-97.74716,29.71413],[-97.74815,29.71111],[-97.73855,29.71297],[-97.73659,29.71075],[-97.73584,29.7053],[-97.73675,29.70215],[-97.74221,29.6991],[-97.74312,29.69696],[-97.73772,29.69611],[-97.73545,29.69387],[-97.73542,29.69122],[-97.72258,29.68538],[-97.72261,29.68211],[-97.71865,29.68353],[-97.71706,29.68165],[-97.71185,29.68138],[-97.70856,29.68334],[-97.70424,29.68228],[-97.7063,29.67676],[-97.7048,29.67637],[-97.70557,29.67497],[-97.7037,29.67399],[-97.70244,29.66901],[-97.69902,29.66711],[-97.69267,29.6732],[-97.69074,29.67318],[-97.69085,29.67164],[-97.68811,29.6723],[-97.68508,29.66587],[-97.68339,29.66711],[-97.68197,29.66616],[-97.6839,29.66427],[-97.68068,29.66355],[-97.67654,29.66689],[-97.67771,29.66862],[-97.67395,29.66833],[-97.67505,29.6655],[-97.67338,29.66308],[-97.67099,29.66413],[-97.67094,29.66693],[-97.66562,29.66682],[-97.66491,29.66864],[-97.66307,29.66687],[-97.66146,29.66855],[-97.65895,29.66354],[-97.6568,29.66256],[-97.65689,29.66449],[-97.6527,29.6678],[-97.64763,29.66129],[-97.64851,29.657],[-97.65028,29.66138],[-97.652,29.66179],[-97.65351,29.65993],[-97.654,29.65719],[-97.65168,29.65405],[-97.65018,29.6552],[-97.64273,29.65462],[-97.64032,29.65194],[-97.63573,29.65515],[-97.63109,29.65359],[-97.63108,29.651],[-97.63304,29.65078],[-97.84006,29.37501],[-98.08484,29.37995],[-98.11304,29.36544],[-98.11515,29.37101],[-98.12247,29.37849],[-98.1193,29.38306],[-98.1216,29.38774],[-98.12603,29.39065],[-98.12649,29.39497],[-98.13042,29.39798],[-98.12816,29.39784],[-98.12698,29.40079],[-98.12803,29.40419],[-98.13022,29.40552],[-98.12804,29.41137],[-98.13206,29.41214],[-98.13335,29.41434],[-98.1302,29.41834],[-98.13339,29.42701],[-98.13645,29.42986],[-98.13556,29.43189],[-98.13154,29.43299],[-98.13517,29.43872],[-98.13242,29.44029],[-98.13385,29.44203],[-98.12819,29.44553],[-98.12063,29.44685],[-98.12057,29.44993],[-98.12678,29.45591],[-98.12581,29.45813],[-98.12021,29.45752],[-98.11719,29.46164],[-98.11779,29.46709],[-98.12083,29.47326],[-98.12301,29.47318],[-98.12478,29.47572],[-98.1225,29.47668],[-98.12253,29.47823],[-98.128,29.48262],[-98.13605,29.4792],[-98.1369,29.48187],[-98.13556,29.48421],[-98.13963,29.48265],[-98.13942,29.48553],[-98.14263,29.48654],[-98.14374,29.48588],[-98.14286,29.48409],[-98.14471,29.48365],[-98.14266,29.48217],[-98.14323,29.47908],[-98.14864,29.47612],[-98.15076,29.47614],[-98.15087,29.48055],[-98.15436,29.47774],[-98.16473,29.47804],[-98.16667,29.47959],[-98.16832,29.48572],[-98.16691,29.48984],[-98.16994,29.49784],[-98.17302,29.49437],[-98.17379,29.4966],[-98.17843,29.49764],[-98.18325,29.49654],[-98.18472,29.49296],[-98.18002,29.49248],[-98.17696,29.48537],[-98.18015,29.48453],[-98.18526,29.48622],[-98.19016,29.49316],[-98.18958,29.49706],[-98.18655,29.50117],[-98.18997,29.50488],[-98.19107,29.50934],[-98.19546,29.5106],[-98.19933,29.50981],[-98.20029,29.51226],[-98.19697,29.51561],[-98.1988,29.51728],[-98.20197,29.51707],[-98.20264,29.52019],[-98.20542,29.52207],[-98.21908,29.52414],[-98.22248,29.53859],[-98.22977,29.54265],[-98.22174,29.54411],[-98.22219,29.54858],[-98.22607,29.5496],[-98.22723,29.54703],[-98.22958,29.54649],[-98.23232,29.55366],[-98.23895,29.55646],[-98.24774,29.55571],[-98.24914,29.5512],[-98.25181,29.5496],[-98.25426,29.55037],[-98.25507,29.55383],[-98.25833,29.55469],[-98.25994,29.55164],[-98.25963,29.54764],[-98.25345,29.54274],[-98.256,29.54011],[-98.2693,29.54469],[-98.27386,29.55103],[-98.28362,29.55164],[-98.28813,29.55912],[-98.29367,29.56125],[-98.2987,29.5612],[-98.2994,29.56613],[-98.30296,29.571],[-98.30294,29.57454],[-98.30598,29.57799],[-98.3043,29.58524],[-98.31193,29.59032],[-98.31114,29.59436],[-98.19853,29.63766],[-98.09049,29.68317],[-97.99922,29.75242],[-97.94396,29.80651],[-97.87508,29.85808]]]]},"properties":{"fips":"48187","name":"Guadalupe","n":0,"mw":0.0,"first":null,"last":null,"hh":null,"projects":0}},{"type":"Feature","id":48019,"geometry":{"type":"MultiPolygon","coordinates":[[[[-99.49464,29.90678],[-99.27866,29.90424],[-99.1763,29.89502],[-99.10721,29.8659],[-98.77897,29.7201],[-98.9272,29.56221],[-98.933,29.56337],[-98.94388,29.55798],[-98.96164,29.56012],[-98.96584,29.5581],[-98.96927,29.55303],[-98.97238,29.55167],[-98.97899,29.55493],[-98.9858,29.56628],[-98.98544,29.57048],[-98.9805,29.57382],[-98.97883,29.57687],[-98.97992,29.57936],[-98.98635,29.58251],[-98.98678,29.5866],[-98.97842,29.59918],[-98.97568,29.61027],[-98.97683,29.61466],[-98.98377,29.62341],[-99.41179,29.6281],[-99.60343,29.62687],[-99.60258,29.90769],[-99.49464,29.90678]]]]},"properties":{"fips":"48019","name":"Bandera","n":0,"mw":0.0,"first":null,"last":null,"hh":null,"projects":0}},{"type":"Feature","id":48089,"geometry":{"type":"MultiPolygon","coordinates":[[[[-96.48565,29.86781],[-96.47883,29.86912],[-96.47381,29.86722],[-96.46905,29.86144],[-96.46475,29.86071],[-96.46023,29.85462],[-96.44986,29.85635],[-96.44102,29.85385],[-96.43964,29.85039],[-96.43477,29.84782],[-96.43447,29.84167],[-96.42605,29.83947],[-96.42384,29.83465],[-96.4218,29.83411],[-96.42109,29.82935],[-96.41574,29.82796],[-96.41245,29.82454],[-96.40979,29.82542],[-96.40807,29.82382],[-96.40524,29.82548],[-96.3966,29.82254],[-96.39441,29.82409],[-96.39376,29.82209],[-96.38963,29.82131],[-96.37976,29.82527],[-96.37826,29.82338],[-96.36971,29.82356],[-96.36645,29.82168],[-96.36711,29.82001],[-96.36377,29.81873],[-96.36207,29.82003],[-96.35919,29.81885],[-96.35298,29.82425],[-96.35191,29.82755],[-96.343,29.82963],[-96.34224,29.82445],[-96.33074,29.81462],[-96.33151,29.80381],[-96.33631,29.80324],[-96.33729,29.80132],[-96.33407,29.80089],[-96.33144,29.79765],[-96.32813,29.79879],[-96.32215,29.79242],[-96.31835,29.79164],[-96.31469,29.78627],[-96.31508,29.77963],[-96.31968,29.77532],[-96.3141,29.77116],[-96.31429,29.76508],[-96.31169,29.75617],[-96.29745,29.74952],[-96.29634,29.74315],[-96.29846,29.73813],[-96.2909,29.73405],[-96.29144,29.72899],[-96.28201,29.72694],[-96.27139,29.71709],[-96.27036,29.7069],[-96.27479,29.70262],[-96.27543,29.69948],[-96.27174,29.69168],[-96.2622,29.68008],[-96.26221,29.67467],[-96.2587,29.66784],[-96.24822,29.66503],[-96.23989,29.65896],[-96.22634,29.66486],[-96.21459,29.6615],[-96.20855,29.65662],[-96.20098,29.65715],[-96.19671,29.65464],[-96.18908,29.64417],[-96.18224,29.64159],[-96.17543,29.63394],[-96.30766,29.51462],[-96.34863,29.40837],[-96.63809,29.24708],[-96.65724,29.26435],[-96.56055,29.33543],[-96.79302,29.57734],[-96.83275,29.57692],[-96.8391,29.58514],[-96.83336,29.59594],[-96.83702,29.59875],[-96.83813,29.60391],[-96.84425,29.6091],[-96.84235,29.61268],[-96.84297,29.61624],[-96.8486,29.61807],[-96.84781,29.6209],[-96.85879,29.6242],[-96.85899,29.62664],[-96.86593,29.63038],[-96.86491,29.6328],[-96.87428,29.63272],[-96.7151,29.79486],[-96.5693,29.96221],[-96.53562,29.9071],[-96.48565,29.86781]]]]},"properties":{"fips":"48089","name":"Colorado","n":0,"mw":0.0,"first":null,"last":null,"hh":null,"projects":0}},{"type":"Feature","id":48071,"geometry":{"type":"MultiPolygon","coordinates":[[[[-94.35798,29.88355],[-94.35403,29.56043],[-94.37071,29.55437],[-94.37146,29.5973],[-94.37205,29.59621],[-94.37315,29.59752],[-94.37301,29.59569],[-94.37511,29.59718],[-94.37541,29.59532],[-94.37816,29.59381],[-94.37897,29.59635],[-94.38068,29.5947],[-94.38643,29.59596],[-94.38745,29.59446],[-94.38918,29.59666],[-94.39022,29.59492],[-94.39247,29.59623],[-94.39391,29.59471],[-94.39641,29.59716],[-94.39885,29.59704],[-94.39928,29.59476],[-94.40165,29.59664],[-94.40505,29.59631],[-94.40591,29.59832],[-94.40773,29.59645],[-94.4096,29.59705],[-94.40926,29.5952],[-94.41309,29.59338],[-94.41434,29.59055],[-94.41687,29.5924],[-94.41824,29.59166],[-94.41905,29.58615],[-94.41481,29.58613],[-94.41335,29.58793],[-94.4123,29.58674],[-94.41675,29.58478],[-94.41325,29.5808],[-94.41731,29.57783],[-94.41417,29.57712],[-94.41232,29.57359],[-94.41621,29.57315],[-94.41738,29.56933],[-94.42143,29.56987],[-94.42253,29.56678],[-94.42702,29.56689],[-94.4287,29.56522],[-94.43614,29.56441],[-94.43869,29.56557],[-94.44319,29.56293],[-94.44859,29.56413],[-94.47038,29.55702],[-94.47438,29.55854],[-94.48133,29.55451],[-94.49465,29.55036],[-94.49787,29.54482],[-94.50111,29.5438],[-94.52339,29.54103],[-94.52339,29.54742],[-94.52583,29.55317],[-94.53877,29.56276],[-94.54542,29.57213],[-94.55568,29.5746],[-94.56967,29.57335],[-94.57842,29.56769],[-94.61622,29.5549],[-94.62888,29.55309],[-94.63784,29.54986],[-94.66166,29.54656],[-94.66767,29.54341],[-94.68619,29.53819],[-94.70897,29.53727],[-94.74077,29.52635],[-94.74672,29.52759],[-94.7559,29.52476],[-94.76415,29.5245],[-94.77961,29.53012],[-94.78428,29.53581],[-94.78403,29.53847],[-94.79115,29.54971],[-94.79332,29.551],[-94.80418,29.54482],[-94.81562,29.52688],[-94.82646,29.51841],[-94.83198,29.51694],[-94.85903,29.51666],[-94.8748,29.51467],[-94.89173,29.50895],[-94.90764,29.49771],[-94.91218,29.49635],[-94.96109,29.50693],[-94.98181,29.5131],[-95.00316,29.52609],[-95.01514,29.53979],[-95.01695,29.54701],[-95.0163,29.55155],[-95.01802,29.55501],[-95.01126,29.56968],[-94.99912,29.58431],[-94.99382,29.58815],[-94.99429,29.59008],[-94.98757,29.59411],[-94.9879,29.59612],[-94.98547,29.59702],[-94.9827,29.60107],[-94.98362,29.60454],[-94.98596,29.60542],[-94.98903,29.6103],[-95.0087,29.6239],[-95.01499,29.63274],[-95.01566,29.63851],[-95.00695,29.65733],[-94.99995,29.6655],[-94.96957,29.68285],[-94.92988,29.6735],[-94.92756,29.68038],[-94.91995,29.68618],[-94.92162,29.69285],[-94.91553,29.69738],[-94.91602,29.69887],[-94.9208,29.69961],[-94.92686,29.69654],[-94.92989,29.69739],[-94.93006,29.69951],[-94.92506,29.70321],[-94.93338,29.70568],[-94.93452,29.71019],[-94.93253,29.7143],[-94.93523,29.71502],[-94.94214,29.71326],[-94.9454,29.71713],[-94.93597,29.73158],[-94.9286,29.73767],[-94.92934,29.75083],[-94.92315,29.75524],[-94.91887,29.75552],[-94.91772,29.76114],[-94.91907,29.76515],[-94.913,29.76731],[-94.91392,29.76915],[-94.91975,29.7716],[-94.91628,29.77321],[-94.92029,29.77554],[-94.91972,29.78057],[-94.92129,29.782],[-94.91852,29.78335],[-94.91694,29.78663],[-94.92149,29.79209],[-94.91929,29.7945],[-94.92419,29.79561],[-94.92203,29.79721],[-94.92329,29.79818],[-94.92269,29.80285],[-94.91699,29.80315],[-94.91601,29.80655],[-94.91244,29.80855],[-94.91315,29.81293],[-94.91175,29.81401],[-94.91046,29.81196],[-94.91079,29.81395],[-94.90904,29.81375],[-94.90841,29.81508],[-94.91046,29.81554],[-94.91103,29.81812],[-94.90958,29.82513],[-94.90743,29.82481],[-94.90792,29.82677],[-94.9157,29.83134],[-94.91827,29.83145],[-94.91687,29.83043],[-94.91756,29.82919],[-94.91963,29.83097],[-94.92092,29.83019],[-94.92283,29.83467],[-94.92592,29.83219],[-94.9268,29.83367],[-94.92854,29.83281],[-94.92968,29.83577],[-94.93141,29.83629],[-94.93529,29.83239],[-94.93723,29.83359],[-94.93491,29.83681],[-94.93596,29.83897],[-94.93746,29.83895],[-94.93812,29.83633],[-94.94165,29.83658],[-94.94116,29.84011],[-94.9386,29.84201],[-94.9451,29.84304],[-94.94363,29.84486],[-94.94557,29.84545],[-94.9465,29.85015],[-94.94881,29.85109],[-94.95006,29.85454],[-94.95414,29.85419],[-94.95631,29.85648],[-94.96663,29.85834],[-94.97706,29.86821],[-94.9764,29.87697],[-94.97904,29.87832],[-94.97591,29.87951],[-94.97867,29.8797],[-94.97735,29.88275],[-94.9819,29.8812],[-94.98277,29.88443],[-94.4423,29.89036],[-94.44222,29.88703],[-94.35793,29.88754],[-94.35798,29.88355]]]]},"properties":{"fips":"48071","name":"Chambers","n":0,"mw":0.0,"first":null,"last":null,"hh":null,"projects":0}},{"type":"Feature","id":48091,"geometry":{"type":"MultiPolygon","coordinates":[[[[-97.9995,29.7535],[-97.99922,29.75242],[-98.09049,29.68317],[-98.19853,29.63766],[-98.31114,29.59436],[-98.31253,29.6019],[-98.32088,29.60202],[-98.32547,29.60367],[-98.32794,29.60606],[-98.32866,29.61036],[-98.33804,29.61236],[-98.34556,29.61917],[-98.34274,29.62204],[-98.34044,29.62916],[-98.34773,29.64452],[-98.34288,29.65365],[-98.35668,29.65863],[-98.36087,29.6653],[-98.36362,29.66667],[-98.37876,29.66256],[-98.3815,29.67397],[-98.38419,29.6763],[-98.38411,29.67852],[-98.37737,29.68284],[-98.37655,29.68604],[-98.37671,29.68909],[-98.38076,29.6955],[-98.38038,29.70366],[-98.37492,29.70637],[-98.3705,29.70494],[-98.36254,29.70593],[-98.35441,29.7039],[-98.34124,29.70981],[-98.33858,29.72169],[-98.34929,29.72756],[-98.35247,29.73433],[-98.3561,29.73385],[-98.35942,29.72901],[-98.36953,29.72088],[-98.37521,29.72],[-98.37591,29.72266],[-98.37324,29.72753],[-98.37464,29.73158],[-98.38345,29.73512],[-98.38811,29.73381],[-98.39077,29.73642],[-98.39859,29.7377],[-98.39975,29.73909],[-98.39843,29.74278],[-98.40262,29.74824],[-98.40781,29.74859],[-98.41601,29.74657],[-98.42097,29.74326],[-98.4211,29.73437],[-98.41712,29.73121],[-98.42986,29.72383],[-98.42711,29.71725],[-98.43799,29.71581],[-98.44402,29.71983],[-98.4446,29.72698],[-98.44272,29.7326],[-98.44527,29.73565],[-98.44768,29.73601],[-98.45338,29.73266],[-98.45834,29.73178],[-98.46636,29.7385],[-98.47769,29.73375],[-98.48555,29.73582],[-98.49097,29.73549],[-98.49694,29.73841],[-98.50435,29.7384],[-98.52183,29.74517],[-98.5259,29.74372],[-98.525,29.74087],[-98.52661,29.7402],[-98.5286,29.74406],[-98.53417,29.74689],[-98.53417,29.75237],[-98.54117,29.75163],[-98.54709,29.7535],[-98.54725,29.75915],[-98.55081,29.76069],[-98.55487,29.75904],[-98.55513,29.75529],[-98.5592,29.75149],[-98.56609,29.7526],[-98.56877,29.74822],[-98.57484,29.75027],[-98.57623,29.74731],[-98.57924,29.74573],[-98.57881,29.7437],[-98.58268,29.74113],[-98.58658,29.74236],[-98.58848,29.74761],[-98.59349,29.74568],[-98.60045,29.75003],[-98.60364,29.74931],[-98.60474,29.74729],[-98.60016,29.74313],[-98.60122,29.74055],[-98.6121,29.74003],[-98.61444,29.73737],[-98.61731,29.73942],[-98.61688,29.74276],[-98.61815,29.7439],[-98.6284,29.74432],[-98.642,29.74009],[-98.64512,29.74155],[-98.64621,29.74535],[-98.47408,29.88568],[-98.29755,30.03792],[-98.03051,29.84854],[-97.9995,29.7535]]]]},"properties":{"fips":"48091","name":"Comal","n":0,"mw":0.0,"first":null,"last":null,"hh":null,"projects":0}},{"type":"Feature","id":48385,"geometry":{"type":"MultiPolygon","coordinates":[[[[-99.91815,30.07365],[-99.68992,30.07395],[-99.69126,29.9086],[-99.60258,29.90769],[-99.60343,29.62687],[-100.01424,29.62372],[-100.01363,29.62617],[-100.01121,29.62691],[-100.0072,29.63243],[-100.01019,29.63917],[-100.01475,29.64202],[-100.02255,29.65516],[-100.02667,29.6577],[-100.03048,29.66462],[-100.03017,29.66636],[-100.02029,29.67088],[-100.01713,29.67663],[-100.02356,29.68008],[-100.0253,29.68358],[-100.02955,29.68459],[-100.0307,29.6882],[-100.03939,29.68991],[-100.04164,29.69376],[-100.04572,29.69494],[-100.04734,29.70273],[-100.04646,29.70752],[-100.064,29.71111],[-100.03968,29.71871],[-100.0377,29.72109],[-100.03027,29.7212],[-100.02568,29.72412],[-100.02515,29.72901],[-100.02942,29.73401],[-100.02917,29.73918],[-100.02791,29.74154],[-100.02254,29.74371],[-100.02222,29.74632],[-100.0252,29.74885],[-100.02454,29.75457],[-100.02611,29.75809],[-100.02919,29.76011],[-100.03143,29.7704],[-100.03541,29.77394],[-100.03633,29.77741],[-100.03593,29.77928],[-100.03008,29.78155],[-100.02799,29.78604],[-100.02937,29.78756],[-100.02856,29.7894],[-100.01642,29.79193],[-100.01269,29.79631],[-100.01623,29.80051],[-100.01476,29.80305],[-100.0176,29.81281],[-100.01998,29.81562],[-100.02395,29.81637],[-100.02692,29.82437],[-100.02544,29.82873],[-100.02817,29.8351],[-100.03148,29.83726],[-100.03192,29.84123],[-100.03453,29.84511],[-100.03129,29.84795],[-100.02424,29.84927],[-100.02275,29.85259],[-100.02174,29.86265],[-100.01933,29.86725],[-100.02366,29.87507],[-100.02358,29.88361],[-100.00866,29.89714],[-100.00228,29.89683],[-99.98973,30.02577],[-99.97313,30.02459],[-99.9678,30.0824],[-99.91759,30.07862],[-99.91815,30.07365]]]]},"properties":{"fips":"48385","name":"Real","n":0,"mw":0.0,"first":null,"last":null,"hh":null,"projects":0}},{"type":"Feature","id":48055,"geometry":{"type":"MultiPolygon","coordinates":[[[[-97.56979,30.00023],[-97.31582,29.78654],[-97.598,29.63079],[-97.60008,29.63158],[-97.5986,29.63516],[-97.60079,29.63587],[-97.59986,29.6373],[-97.60385,29.64176],[-97.60656,29.64017],[-97.60462,29.63625],[-97.60594,29.63503],[-97.61138,29.63713],[-97.61796,29.63346],[-97.6188,29.63561],[-97.61618,29.64105],[-97.61717,29.64494],[-97.6277,29.64248],[-97.62734,29.64046],[-97.62905,29.63969],[-97.63108,29.64576],[-97.63028,29.64711],[-97.63418,29.64786],[-97.63288,29.65097],[-97.63115,29.65087],[-97.63109,29.65359],[-97.636,29.65517],[-97.64032,29.65194],[-97.64273,29.65462],[-97.65018,29.6552],[-97.65168,29.65405],[-97.654,29.65719],[-97.65351,29.65993],[-97.652,29.66179],[-97.65028,29.66138],[-97.64851,29.657],[-97.64763,29.66129],[-97.65263,29.66778],[-97.65689,29.66449],[-97.6568,29.66256],[-97.65895,29.66354],[-97.66146,29.66855],[-97.66307,29.66687],[-97.66491,29.66864],[-97.66562,29.66682],[-97.67094,29.66693],[-97.67099,29.66413],[-97.67338,29.66308],[-97.67505,29.6655],[-97.67395,29.66833],[-97.67771,29.66862],[-97.67654,29.66689],[-97.68068,29.66355],[-97.6839,29.66427],[-97.68197,29.66616],[-97.68339,29.66711],[-97.68508,29.66587],[-97.68811,29.6723],[-97.69085,29.67164],[-97.69074,29.67318],[-97.69267,29.6732],[-97.69902,29.66711],[-97.70244,29.66901],[-97.7037,29.67399],[-97.70557,29.67497],[-97.7048,29.67637],[-97.7063,29.67676],[-97.70424,29.68228],[-97.70856,29.68334],[-97.71185,29.68138],[-97.71706,29.68165],[-97.71865,29.68353],[-97.72261,29.68211],[-97.72258,29.68538],[-97.73542,29.69122],[-97.73545,29.69387],[-97.73772,29.69611],[-97.74312,29.69696],[-97.74221,29.6991],[-97.73675,29.70215],[-97.73682,29.71124],[-97.73874,29.713],[-97.74827,29.71115],[-97.74716,29.71413],[-97.75649,29.71781],[-97.75893,29.71454],[-97.76369,29.71348],[-97.76445,29.71638],[-97.76852,29.71991],[-97.76675,29.72011],[-97.76635,29.72193],[-97.75928,29.72382],[-97.75872,29.72542],[-97.77226,29.73392],[-97.77049,29.73347],[-97.77057,29.73848],[-97.76839,29.7414],[-97.77412,29.74175],[-97.77409,29.74387],[-97.77757,29.74697],[-97.78206,29.74804],[-97.77954,29.74812],[-97.78113,29.75266],[-97.77962,29.75449],[-97.78163,29.75791],[-97.78097,29.75937],[-97.78709,29.76085],[-97.7924,29.75938],[-97.79298,29.75396],[-97.79578,29.75223],[-97.80343,29.75368],[-97.80372,29.75731],[-97.80063,29.75961],[-97.80012,29.7657],[-97.80538,29.76734],[-97.81059,29.77307],[-97.81078,29.7746],[-97.80556,29.77302],[-97.80551,29.77709],[-97.80858,29.77967],[-97.81136,29.7801],[-97.81264,29.77833],[-97.81481,29.78026],[-97.81206,29.78378],[-97.81439,29.78474],[-97.81687,29.79014],[-97.81959,29.78916],[-97.82192,29.78258],[-97.82387,29.78335],[-97.82273,29.78444],[-97.82372,29.78541],[-97.8263,29.78431],[-97.82455,29.78105],[-97.82848,29.78131],[-97.82789,29.77908],[-97.82993,29.78041],[-97.83234,29.78452],[-97.83001,29.78995],[-97.83015,29.7953],[-97.83688,29.79512],[-97.84257,29.79942],[-97.84187,29.80756],[-97.84568,29.80749],[-97.84642,29.80881],[-97.84052,29.81589],[-97.83977,29.82029],[-97.84194,29.82135],[-97.84248,29.82412],[-97.83679,29.82511],[-97.83659,29.82683],[-97.84112,29.83201],[-97.84364,29.83278],[-97.84469,29.83912],[-97.84697,29.8422],[-97.85526,29.84371],[-97.85611,29.84878],[-97.8632,29.85592],[-97.86664,29.85479],[-97.86785,29.85163],[-97.87202,29.85245],[-97.87541,29.86057],[-97.88705,29.86277],[-97.88757,29.85807],[-97.88964,29.85641],[-97.89923,29.85749],[-97.89335,29.88403],[-97.84989,29.91564],[-97.83656,29.92227],[-97.81776,29.93442],[-97.79232,29.94515],[-97.78811,29.95447],[-97.77683,29.9636],[-97.76527,29.97931],[-97.76125,29.98758],[-97.75321,29.99397],[-97.74668,29.99571],[-97.70872,30.02328],[-97.65333,30.07139],[-97.56979,30.00023]]]]},"properties":{"fips":"48055","name":"Caldwell","n":0,"mw":0.0,"first":null,"last":null,"hh":null,"projects":0}},{"type":"Feature","id":48259,"geometry":{"type":"MultiPolygon","coordinates":[[[[-98.80888,30.13812],[-98.58796,30.13889],[-98.41403,29.9376],[-98.47408,29.88568],[-98.64611,29.74535],[-98.64553,29.74799],[-98.65139,29.75389],[-98.65311,29.75277],[-98.6531,29.7488],[-98.65699,29.74773],[-98.66104,29.74916],[-98.66337,29.74704],[-98.66356,29.74509],[-98.65983,29.74292],[-98.66083,29.74128],[-98.66945,29.74352],[-98.67392,29.74208],[-98.67614,29.73736],[-98.68526,29.7393],[-98.69256,29.73524],[-98.70014,29.73747],[-98.70119,29.73587],[-98.70019,29.7326],[-98.70794,29.73235],[-98.71757,29.72526],[-98.72275,29.72945],[-98.72582,29.72769],[-98.73394,29.72947],[-98.72907,29.72252],[-98.73442,29.72112],[-98.73838,29.71664],[-98.74373,29.71631],[-98.74875,29.72057],[-98.76003,29.72225],[-98.76679,29.71953],[-98.77023,29.72143],[-98.77897,29.7201],[-98.91771,29.7814],[-98.92009,29.88651],[-98.92019,30.13833],[-98.80888,30.13812]]]]},"properties":{"fips":"48259","name":"Kendall","n":0,"mw":0.0,"first":null,"last":null,"hh":null,"projects":0}},{"type":"Feature","id":48015,"geometry":{"type":"MultiPolygon","coordinates":[[[[-96.14533,30.06845],[-96.146,30.06556],[-96.14083,30.0578],[-96.1215,30.05074],[-96.1128,30.04921],[-96.10671,30.03582],[-96.10841,30.03398],[-96.1144,30.03252],[-96.11326,30.02834],[-96.10885,30.02547],[-96.0968,30.02758],[-96.08449,30.0052],[-96.08515,30.00189],[-96.08963,29.99863],[-96.09418,29.9996],[-96.09938,30.00393],[-96.10157,30.00311],[-96.10415,29.99835],[-96.10208,29.98723],[-96.09574,29.97789],[-96.10308,29.96757],[-96.09344,29.96362],[-96.0929,29.96133],[-96.09588,29.95988],[-96.11059,29.96156],[-96.12204,29.96834],[-96.12592,29.96595],[-96.12346,29.9576],[-96.1215,29.95555],[-96.11703,29.95458],[-96.10911,29.95615],[-96.10529,29.95411],[-96.10126,29.94346],[-96.10336,29.94034],[-96.10791,29.9401],[-96.12158,29.94922],[-96.13117,29.93818],[-96.1317,29.93545],[-96.13002,29.93234],[-96.11763,29.92779],[-96.11335,29.91455],[-96.11473,29.91178],[-96.12407,29.907],[-96.126,29.90321],[-96.1259,29.89789],[-96.12179,29.89306],[-96.10987,29.88894],[-96.10459,29.88318],[-96.09471,29.88379],[-96.0922,29.88111],[-96.09386,29.87773],[-96.09873,29.8752],[-96.10952,29.87395],[-96.11229,29.8723],[-96.11013,29.85853],[-96.10086,29.85296],[-96.10334,29.85063],[-96.11044,29.85002],[-96.11831,29.84591],[-96.12209,29.84051],[-96.1214,29.83639],[-96.10871,29.82232],[-96.10599,29.82241],[-96.09993,29.82717],[-96.09819,29.82671],[-96.09864,29.82086],[-96.10337,29.81259],[-96.10228,29.80947],[-96.09289,29.80846],[-96.08102,29.8045],[-96.06845,29.80706],[-96.0636,29.80665],[-96.05747,29.79942],[-96.05158,29.80372],[-96.04753,29.80176],[-96.04132,29.79276],[-96.04285,29.77849],[-96.037,29.77326],[-96.02928,29.75399],[-96.03099,29.74605],[-96.04009,29.7387],[-96.03297,29.72919],[-96.03434,29.71977],[-96.02723,29.71745],[-96.01135,29.71975],[-96.00846,29.71747],[-96.00459,29.70893],[-96.00523,29.70581],[-96.00783,29.70464],[-96.01245,29.7048],[-96.01809,29.70763],[-96.02132,29.70589],[-96.01527,29.6952],[-96.01431,29.68353],[-96.01592,29.68087],[-96.01952,29.67995],[-96.027,29.68567],[-96.03824,29.68784],[-96.04511,29.68466],[-96.05151,29.68484],[-96.05751,29.68102],[-96.05938,29.67805],[-96.05086,29.66843],[-96.04624,29.6657],[-96.04416,29.66574],[-96.03594,29.67291],[-96.03048,29.67528],[-96.02025,29.67106],[-96.0175,29.66847],[-96.01672,29.66498],[-96.01875,29.66098],[-96.02221,29.65971],[-96.02993,29.66077],[-96.03204,29.65805],[-96.01454,29.64144],[-96.01924,29.6364],[-96.01701,29.62619],[-96.02381,29.62313],[-96.02498,29.60292],[-96.08985,29.60202],[-96.09378,29.60432],[-96.09421,29.61226],[-96.0996,29.61393],[-96.1111,29.62306],[-96.11585,29.62331],[-96.12035,29.61853],[-96.12549,29.61911],[-96.13009,29.62284],[-96.13561,29.62008],[-96.14221,29.61976],[-96.15379,29.62866],[-96.15929,29.62951],[-96.16501,29.62734],[-96.16926,29.62896],[-96.18224,29.64159],[-96.18908,29.64417],[-96.19671,29.65464],[-96.20098,29.65715],[-96.20855,29.65662],[-96.21459,29.6615],[-96.22634,29.66486],[-96.23989,29.65896],[-96.24822,29.66503],[-96.25805,29.66729],[-96.26221,29.67467],[-96.2622,29.68008],[-96.27174,29.69168],[-96.27543,29.69948],[-96.27479,29.70262],[-96.27036,29.7069],[-96.27139,29.71709],[-96.28201,29.72694],[-96.29144,29.72899],[-96.2909,29.73405],[-96.29846,29.73813],[-96.29634,29.74315],[-96.29745,29.74952],[-96.31169,29.75617],[-96.31429,29.76508],[-96.3141,29.77116],[-96.31968,29.77532],[-96.31508,29.77963],[-96.31469,29.78627],[-96.31835,29.79164],[-96.32215,29.79242],[-96.32813,29.79879],[-96.33144,29.79765],[-96.33407,29.80089],[-96.33729,29.80132],[-96.33631,29.80324],[-96.33151,29.80381],[-96.33074,29.81462],[-96.34224,29.82445],[-96.343,29.82963],[-96.35191,29.82755],[-96.35298,29.82425],[-96.35919,29.81885],[-96.36207,29.82003],[-96.36377,29.81873],[-96.36711,29.82001],[-96.36645,29.82168],[-96.36971,29.82356],[-96.37826,29.82338],[-96.37976,29.82527],[-96.38963,29.82131],[-96.39376,29.82209],[-96.39441,29.82409],[-96.3966,29.82254],[-96.40524,29.82548],[-96.40807,29.82382],[-96.40979,29.82542],[-96.41245,29.82454],[-96.41574,29.82796],[-96.42109,29.82935],[-96.4218,29.83411],[-96.42384,29.83465],[-96.42605,29.83947],[-96.43447,29.84167],[-96.43477,29.84782],[-96.43964,29.85039],[-96.44102,29.85385],[-96.44986,29.85635],[-96.46023,29.85462],[-96.46475,29.86071],[-96.46905,29.86144],[-96.47381,29.86722],[-96.47883,29.86912],[-96.48507,29.86734],[-96.53562,29.9071],[-96.62216,30.04416],[-96.59402,30.07111],[-96.58606,30.06476],[-96.51882,30.06519],[-96.28854,30.09683],[-96.28301,30.09379],[-96.27978,30.09422],[-96.27623,30.0925],[-96.27124,30.09407],[-96.26782,30.0832],[-96.26443,30.08148],[-96.26398,30.07834],[-96.26083,30.07802],[-96.25952,30.07574],[-96.25423,30.07464],[-96.25294,30.07578],[-96.25105,30.07413],[-96.24739,30.07529],[-96.24275,30.07442],[-96.23955,30.07663],[-96.22877,30.07569],[-96.22483,30.07229],[-96.21977,30.07261],[-96.2187,30.07079],[-96.21422,30.06933],[-96.21396,30.06637],[-96.20958,30.06228],[-96.20673,30.06686],[-96.19011,30.06482],[-96.1858,30.06247],[-96.18011,30.06212],[-96.17348,30.05659],[-96.16879,30.05631],[-96.16879,30.05448],[-96.16567,30.05329],[-96.15761,30.05518],[-96.1558,30.05893],[-96.15712,30.06182],[-96.15448,30.0655],[-96.15529,30.06707],[-96.1492,30.06804],[-96.14675,30.07022],[-96.14533,30.06845]]]]},"properties":{"fips":"48015","name":"Austin","n":0,"mw":0.0,"first":null,"last":null,"hh":null,"projects":0}},{"type":"Feature","id":48149,"geometry":{"type":"MultiPolygon","coordinates":[[[[-96.68666,30.16261],[-96.68341,30.15109],[-96.66194,30.14906],[-96.647,30.1451],[-96.65312,30.13005],[-96.64051,30.12031],[-96.63365,30.10616],[-96.63235,30.08406],[-96.63422,30.07561],[-96.6307,30.07024],[-96.62394,30.06671],[-96.62216,30.04416],[-96.5693,29.96221],[-96.7151,29.79486],[-96.87428,29.63272],[-97.14333,29.62809],[-97.13052,29.64327],[-97.31784,29.78461],[-97.02438,30.05131],[-97.01912,30.03205],[-97.01813,30.03244],[-96.84583,30.11598],[-96.79442,30.16057],[-96.7805,30.15212],[-96.7729,30.14948],[-96.76681,30.1387],[-96.73551,30.14738],[-96.715,30.14505],[-96.70205,30.15776],[-96.68719,30.16449],[-96.68666,30.16261]]]]},"properties":{"fips":"48149","name":"Fayette","n":0,"mw":0.0,"first":null,"last":null,"hh":null,"projects":0}},{"type":"Feature","id":48201,"geometry":{"type":"MultiPolygon","coordinates":[[[[-95.04396,30.02689],[-95.03111,29.99347],[-95.02449,29.99769],[-95.01626,29.99671],[-95.01457,29.994],[-95.01209,29.99536],[-95.01224,29.99376],[-95.00983,29.99242],[-95.00404,29.99503],[-95.00274,29.9924],[-94.99984,29.99148],[-95.00017,29.98954],[-94.99826,29.98857],[-94.99945,29.98692],[-94.99692,29.98735],[-94.99436,29.98336],[-94.99693,29.98149],[-94.99534,29.97814],[-94.98964,29.97665],[-94.99024,29.97451],[-94.9858,29.97281],[-94.98626,29.97078],[-94.98377,29.96783],[-94.98493,29.96553],[-94.98035,29.96343],[-94.98363,29.95907],[-94.98077,29.95889],[-94.97958,29.95638],[-94.98157,29.95409],[-94.98453,29.95507],[-94.98844,29.95314],[-94.98821,29.94811],[-94.99136,29.94676],[-94.99174,29.94463],[-94.98934,29.94352],[-94.99574,29.93637],[-94.9951,29.93235],[-94.99657,29.93086],[-94.99527,29.92813],[-94.9927,29.92942],[-94.99194,29.92718],[-94.99875,29.92026],[-94.99619,29.91962],[-94.99703,29.91764],[-94.99559,29.91442],[-94.99053,29.90945],[-94.99046,29.90741],[-94.98811,29.90803],[-94.98634,29.90612],[-94.98845,29.90397],[-94.9859,29.902],[-94.98689,29.89845],[-94.98424,29.89666],[-94.98605,29.89105],[-94.98394,29.88962],[-94.98528,29.88731],[-94.98002,29.8847],[-94.98343,29.88392],[-94.9819,29.8812],[-94.97735,29.88275],[-94.97867,29.8797],[-94.97591,29.87951],[-94.97904,29.87832],[-94.9764,29.87697],[-94.97706,29.86821],[-94.96663,29.85834],[-94.95631,29.85648],[-94.95414,29.85419],[-94.95006,29.85454],[-94.94881,29.85109],[-94.9465,29.85015],[-94.94557,29.84545],[-94.94363,29.84486],[-94.9451,29.84304],[-94.9386,29.84201],[-94.94116,29.84011],[-94.94183,29.83674],[-94.93827,29.83628],[-94.9374,29.83901],[-94.93568,29.83869],[-94.93491,29.83681],[-94.93656,29.83299],[-94.93444,29.83249],[-94.93141,29.83629],[-94.92968,29.83577],[-94.92854,29.83281],[-94.9268,29.83367],[-94.92592,29.83219],[-94.92283,29.83467],[-94.92092,29.83019],[-94.91963,29.83097],[-94.91756,29.82919],[-94.91687,29.83043],[-94.91827,29.83145],[-94.9157,29.83134],[-94.90792,29.82677],[-94.90743,29.82481],[-94.90958,29.82513],[-94.91103,29.81812],[-94.91046,29.81554],[-94.90841,29.81508],[-94.90904,29.81375],[-94.91079,29.81395],[-94.91046,29.81196],[-94.91175,29.81401],[-94.91315,29.81293],[-94.91244,29.80855],[-94.91601,29.80655],[-94.91699,29.80315],[-94.92269,29.80285],[-94.92329,29.79818],[-94.92203,29.79721],[-94.92419,29.79561],[-94.91929,29.7945],[-94.92149,29.79209],[-94.91694,29.78663],[-94.91852,29.78335],[-94.92129,29.782],[-94.91972,29.78057],[-94.92029,29.77554],[-94.91628,29.77321],[-94.91975,29.7716],[-94.91392,29.76915],[-94.913,29.76731],[-94.91907,29.76515],[-94.91772,29.76114],[-94.91887,29.75552],[-94.92315,29.75524],[-94.92934,29.75083],[-94.9286,29.73767],[-94.93597,29.73158],[-94.9454,29.71713],[-94.94214,29.71326],[-94.93523,29.71502],[-94.93253,29.7143],[-94.93452,29.71019],[-94.93338,29.70568],[-94.92506,29.70321],[-94.93006,29.69951],[-94.92989,29.69739],[-94.92686,29.69654],[-94.9208,29.69961],[-94.91602,29.69887],[-94.91553,29.69738],[-94.92162,29.69285],[-94.91995,29.68618],[-94.92756,29.68038],[-94.92988,29.6735],[-94.96957,29.68285],[-94.99427,29.66925],[-95.00167,29.66421],[-95.00559,29.65934],[-95.01303,29.64641],[-95.0124,29.64413],[-95.01345,29.64439],[-95.01587,29.6375],[-95.01499,29.63274],[-95.0087,29.6239],[-94.98903,29.6103],[-94.98596,29.60542],[-94.98362,29.60454],[-94.9827,29.60107],[-94.98547,29.59702],[-94.9879,29.59612],[-94.98757,29.59411],[-94.99429,29.59008],[-94.99382,29.58815],[-94.99912,29.58431],[-95.01126,29.56968],[-95.01637,29.55752],[-95.02073,29.55295],[-95.0176,29.55021],[-95.01763,29.54836],[-95.02376,29.54953],[-95.02857,29.5475],[-95.02939,29.55189],[-95.04185,29.55485],[-95.05097,29.5589],[-95.0671,29.55828],[-95.07893,29.5441],[-95.08024,29.54028],[-95.07845,29.53713],[-95.0797,29.53437],[-95.08574,29.53486],[-95.08972,29.5311],[-95.09307,29.53483],[-95.09688,29.53435],[-95.09385,29.52505],[-95.09778,29.51801],[-95.10112,29.52134],[-95.10312,29.52094],[-95.1031,29.51831],[-95.10616,29.51644],[-95.1043,29.51073],[-95.10859,29.50961],[-95.1131,29.51086],[-95.11871,29.50709],[-95.12127,29.51012],[-95.12436,29.51047],[-95.12816,29.50897],[-95.12973,29.50506],[-95.14123,29.50649],[-95.14738,29.5018],[-95.14909,29.49847],[-95.15226,29.50051],[-95.16154,29.49723],[-95.16416,29.49846],[-95.16322,29.5019],[-95.16678,29.50226],[-95.16713,29.50419],[-95.16865,29.50431],[-95.16737,29.50587],[-95.17079,29.50726],[-95.17124,29.50974],[-95.16741,29.51242],[-95.17003,29.51513],[-95.17385,29.51479],[-95.17459,29.51824],[-95.17654,29.51685],[-95.17874,29.51748],[-95.17968,29.51995],[-95.18007,29.51839],[-95.18312,29.51903],[-95.18284,29.52029],[-95.18511,29.52152],[-95.18464,29.52313],[-95.18777,29.52432],[-95.1868,29.52738],[-95.18982,29.52748],[-95.18747,29.52816],[-95.19046,29.5305],[-95.1873,29.53415],[-95.18905,29.53608],[-95.19418,29.53676],[-95.19458,29.53832],[-95.19214,29.53908],[-95.19274,29.54147],[-95.1946,29.54097],[-95.19422,29.5433],[-95.19756,29.5421],[-95.20004,29.54461],[-95.19984,29.54648],[-95.19618,29.54799],[-95.20061,29.55279],[-95.19872,29.55465],[-95.19587,29.5531],[-95.19762,29.55735],[-95.19568,29.55779],[-95.1946,29.55603],[-95.1935,29.55993],[-95.1992,29.55882],[-95.20105,29.56323],[-95.20422,29.55821],[-95.20575,29.55923],[-95.2058,29.55774],[-95.20758,29.5578],[-95.20683,29.55902],[-95.20873,29.55999],[-95.21018,29.55846],[-95.21323,29.55891],[-95.21299,29.55594],[-95.21597,29.55483],[-95.21628,29.55666],[-95.21459,29.55697],[-95.21742,29.56083],[-95.22125,29.55557],[-95.22218,29.56022],[-95.22449,29.55928],[-95.22473,29.56058],[-95.22667,29.55982],[-95.22839,29.56143],[-95.22822,29.56009],[-95.23088,29.55794],[-95.23235,29.55907],[-95.23348,29.55711],[-95.2402,29.56252],[-95.24014,29.56057],[-95.24348,29.55912],[-95.24184,29.5587],[-95.24265,29.55515],[-95.24751,29.55314],[-95.2481,29.5556],[-95.25069,29.55562],[-95.25372,29.55375],[-95.25516,29.55686],[-95.25264,29.55763],[-95.2524,29.56068],[-95.25963,29.57457],[-95.25872,29.57774],[-95.2611,29.5812],[-95.2601,29.58373],[-95.26204,29.58698],[-95.26029,29.59012],[-95.26241,29.59361],[-95.28003,29.59552],[-95.28508,29.598],[-95.30895,29.59501],[-95.31565,29.59833],[-95.32223,29.59675],[-95.33152,29.59916],[-95.33779,29.59361],[-95.34046,29.59346],[-95.34629,29.58568],[-95.35279,29.58547],[-95.35617,29.58705],[-95.3602,29.58506],[-95.3644,29.58609],[-95.36815,29.58479],[-95.3759,29.58849],[-95.38828,29.58569],[-95.39271,29.5818],[-95.42011,29.58381],[-95.42332,29.58306],[-95.42401,29.58059],[-95.60584,29.66463],[-95.82596,29.78858],[-95.96083,30.16338],[-95.94687,30.15429],[-95.94536,30.14912],[-95.94068,30.14572],[-95.94089,30.14442],[-95.93742,30.14543],[-95.93248,30.14321],[-95.92881,30.14407],[-95.92665,30.14166],[-95.92436,30.1423],[-95.9245,30.1395],[-95.92167,30.13858],[-95.92183,30.13641],[-95.91901,30.13538],[-95.91582,30.13107],[-95.91279,30.13113],[-95.91095,30.12798],[-95.90511,30.12727],[-95.8989,30.12106],[-95.89671,30.12272],[-95.89037,30.11894],[-95.88678,30.12081],[-95.88303,30.11977],[-95.8812,30.12318],[-95.87879,30.12034],[-95.87375,30.12204],[-95.87202,30.1204],[-95.87258,30.11825],[-95.86865,30.11774],[-95.86815,30.11556],[-95.86248,30.11138],[-95.86348,30.10699],[-95.86191,30.10562],[-95.85762,30.1045],[-95.85675,30.10178],[-95.85082,30.10215],[-95.84925,30.1002],[-95.84648,30.10044],[-95.84603,30.09735],[-95.84277,30.09476],[-95.84441,30.08792],[-95.83886,30.08323],[-95.83291,30.08513],[-95.82907,30.08196],[-95.81942,30.08302],[-95.81741,30.08183],[-95.816,30.08526],[-95.81291,30.08444],[-95.80934,30.08593],[-95.8092,30.08837],[-95.80091,30.09138],[-95.79927,30.09001],[-95.78885,30.09203],[-95.78931,30.09454],[-95.7854,30.09381],[-95.78022,30.09012],[-95.7745,30.09113],[-95.7711,30.08749],[-95.76514,30.08851],[-95.76106,30.08635],[-95.75982,30.08995],[-95.7495,30.09551],[-95.74396,30.09496],[-95.7422,30.0965],[-95.73421,30.0935],[-95.72876,30.09508],[-95.72278,30.09975],[-95.71751,30.09892],[-95.7147,30.10217],[-95.70694,30.10274],[-95.70123,30.09836],[-95.69105,30.09878],[-95.68699,30.10125],[-95.68679,30.10328],[-95.68812,30.10374],[-95.68397,30.10733],[-95.66959,30.10124],[-95.6677,30.10217],[-95.66733,30.10565],[-95.66188,30.1086],[-95.66117,30.1119],[-95.65847,30.11275],[-95.6582,30.11071],[-95.65397,30.10927],[-95.65463,30.11085],[-95.65218,30.11409],[-95.64703,30.11876],[-95.63912,30.1223],[-95.63675,30.12639],[-95.63475,30.12553],[-95.6293,30.12785],[-95.62369,30.12697],[-95.62535,30.12992],[-95.62279,30.13608],[-95.61038,30.13531],[-95.60102,30.1327],[-95.59069,30.13602],[-95.58821,30.13784],[-95.58422,30.14664],[-95.58048,30.14985],[-95.57063,30.15258],[-95.57047,30.15595],[-95.56802,30.15912],[-95.56288,30.16042],[-95.56033,30.15842],[-95.55676,30.16081],[-95.55925,30.16314],[-95.55847,30.16526],[-95.55237,30.17036],[-95.54997,30.17087],[-95.54768,30.16906],[-95.54553,30.16943],[-95.54617,30.16856],[-95.54186,30.17052],[-95.53876,30.16833],[-95.53461,30.16813],[-95.53126,30.16431],[-95.52975,30.16545],[-95.52582,30.16313],[-95.52638,30.16223],[-95.52481,30.16294],[-95.52316,30.15942],[-95.52408,30.15861],[-95.5227,30.15868],[-95.52325,30.15723],[-95.51899,30.15232],[-95.51716,30.15405],[-95.50679,30.14559],[-95.49983,30.14341],[-95.49578,30.13184],[-95.49786,30.12358],[-95.49177,30.11507],[-95.49122,30.10992],[-95.48826,30.10805],[-95.47969,30.10642],[-95.47937,30.10477],[-95.47475,30.10318],[-95.47235,30.1051],[-95.46753,30.10351],[-95.46178,30.10558],[-95.4545,30.10444],[-95.45027,30.10903],[-95.44445,30.10996],[-95.44316,30.1086],[-95.43992,30.10885],[-95.43931,30.11029],[-95.43703,30.10998],[-95.43519,30.113],[-95.42437,30.11565],[-95.42262,30.11017],[-95.4169,30.10619],[-95.41894,30.1053],[-95.41821,30.10421],[-95.41077,30.09928],[-95.41277,30.09574],[-95.40992,30.09263],[-95.40197,30.09165],[-95.39808,30.0856],[-95.39171,30.08275],[-95.39009,30.08493],[-95.38565,30.08515],[-95.38472,30.08793],[-95.37965,30.08763],[-95.37424,30.0862],[-95.37377,30.08],[-95.37085,30.07817],[-95.36708,30.07812],[-95.36528,30.07654],[-95.36197,30.07875],[-95.35981,30.07652],[-95.35643,30.07761],[-95.35335,30.07599],[-95.34988,30.07647],[-95.34974,30.07343],[-95.3448,30.07209],[-95.34304,30.06792],[-95.33779,30.06623],[-95.33676,30.06281],[-95.33252,30.06357],[-95.32865,30.06226],[-95.3277,30.05869],[-95.32334,30.0561],[-95.32192,30.05281],[-95.31681,30.05438],[-95.31532,30.05338],[-95.31187,30.04705],[-95.30895,30.04504],[-95.31272,30.03832],[-95.3116,30.03329],[-95.30493,30.02932],[-95.3022,30.03293],[-95.29796,30.03207],[-95.29095,30.02638],[-95.28284,30.0306],[-95.2722,30.03272],[-95.26331,30.03222],[-95.09664,30.16736],[-95.04396,30.02689]]]]},"properties":{"fips":"48201","name":"Harris","n":0,"mw":0.0,"first":null,"last":null,"hh":null,"projects":0}},{"type":"Feature","id":48137,"geometry":{"type":"MultiPolygon","coordinates":[[[[-99.75765,30.07421],[-99.91815,30.07365],[-99.91759,30.07862],[-99.9678,30.0824],[-99.97313,30.02459],[-99.98973,30.02577],[-100.00228,29.89683],[-100.00866,29.89714],[-100.02358,29.88361],[-100.02366,29.87507],[-100.01933,29.86725],[-100.02174,29.86265],[-100.02275,29.85259],[-100.02424,29.84927],[-100.03129,29.84795],[-100.03453,29.84511],[-100.03192,29.84123],[-100.03148,29.83726],[-100.02817,29.8351],[-100.02544,29.82873],[-100.02692,29.82437],[-100.02395,29.81637],[-100.01998,29.81562],[-100.0176,29.81281],[-100.01476,29.80305],[-100.01623,29.80051],[-100.01269,29.79631],[-100.01642,29.79193],[-100.02856,29.7894],[-100.02937,29.78756],[-100.02799,29.78604],[-100.03008,29.78155],[-100.03593,29.77928],[-100.03633,29.77741],[-100.03541,29.77394],[-100.03143,29.7704],[-100.02919,29.76011],[-100.02611,29.75809],[-100.02454,29.75457],[-100.0252,29.74885],[-100.02222,29.74632],[-100.02254,29.74371],[-100.02791,29.74154],[-100.02917,29.73918],[-100.02942,29.73401],[-100.02515,29.72901],[-100.02568,29.72412],[-100.03027,29.7212],[-100.0377,29.72109],[-100.03968,29.71871],[-100.064,29.71111],[-100.04646,29.70752],[-100.04734,29.70273],[-100.04572,29.69494],[-100.04164,29.69376],[-100.03939,29.68991],[-100.0307,29.6882],[-100.02955,29.68459],[-100.0253,29.68358],[-100.02356,29.68008],[-100.01713,29.67663],[-100.02029,29.67088],[-100.03017,29.66636],[-100.03048,29.66462],[-100.02667,29.6577],[-100.02255,29.65516],[-100.01475,29.64202],[-100.01019,29.63917],[-100.0072,29.63243],[-100.01121,29.62691],[-100.01363,29.62617],[-100.01424,29.62372],[-100.50047,29.62376],[-100.69998,29.62147],[-100.70037,30.28824],[-99.75414,30.29066],[-99.75765,30.07421]]]]},"properties":{"fips":"48137","name":"Edwards","n":0,"mw":0.0,"first":null,"last":null,"hh":null,"projects":0}},{"type":"Feature","id":48265,"geometry":{"type":"MultiPolygon","coordinates":[[[[-99.74302,30.29056],[-99.30174,30.28669],[-99.30097,30.13434],[-98.92019,30.13833],[-98.92009,29.88651],[-98.91771,29.7814],[-99.10721,29.8659],[-99.1763,29.89502],[-99.27866,29.90424],[-99.69126,29.9086],[-99.68992,30.07395],[-99.75765,30.07421],[-99.75414,30.29066],[-99.74302,30.29056]]]]},"properties":{"fips":"48265","name":"Kerr","n":0,"mw":0.0,"first":null,"last":null,"hh":null,"projects":0}},{"type":"Feature","id":48473,"geometry":{"type":"MultiPolygon","coordinates":[[[[-95.80414,30.24319],[-95.80336,30.0901],[-95.8092,30.08837],[-95.80974,30.08563],[-95.81291,30.08444],[-95.816,30.08526],[-95.81741,30.08183],[-95.81942,30.08302],[-95.82907,30.08196],[-95.83291,30.08513],[-95.83886,30.08323],[-95.84441,30.08792],[-95.84277,30.09476],[-95.84603,30.09735],[-95.84648,30.10044],[-95.84925,30.1002],[-95.85082,30.10215],[-95.85675,30.10178],[-95.85762,30.1045],[-95.86191,30.10562],[-95.86348,30.10699],[-95.86248,30.11138],[-95.86815,30.11556],[-95.86865,30.11774],[-95.87258,30.11825],[-95.87202,30.1204],[-95.87375,30.12204],[-95.87879,30.12034],[-95.8812,30.12318],[-95.88303,30.11977],[-95.88678,30.12081],[-95.89037,30.11894],[-95.89671,30.12272],[-95.8989,30.12106],[-95.90511,30.12727],[-95.91095,30.12798],[-95.91279,30.13113],[-95.91582,30.13107],[-95.91901,30.13538],[-95.92183,30.13641],[-95.92167,30.13858],[-95.9245,30.1395],[-95.92436,30.1423],[-95.92665,30.14166],[-95.92881,30.14407],[-95.93248,30.14321],[-95.93742,30.14543],[-95.94089,30.14442],[-95.94068,30.14572],[-95.94536,30.14912],[-95.94687,30.15429],[-95.96083,30.16338],[-95.82596,29.78858],[-95.95074,29.74096],[-95.97105,29.74067],[-95.97078,29.72859],[-96.03275,29.72799],[-96.04009,29.7387],[-96.03099,29.74605],[-96.02919,29.75343],[-96.03674,29.77279],[-96.04285,29.77849],[-96.04119,29.79102],[-96.04293,29.79648],[-96.04984,29.80368],[-96.05747,29.79942],[-96.0636,29.80665],[-96.06845,29.80706],[-96.08102,29.8045],[-96.09289,29.80846],[-96.10264,29.80964],[-96.10327,29.81301],[-96.09864,29.82086],[-96.09819,29.82671],[-96.09993,29.82717],[-96.10599,29.82241],[-96.10871,29.82232],[-96.11913,29.83282],[-96.1221,29.83842],[-96.12172,29.84136],[-96.11764,29.84642],[-96.11044,29.85002],[-96.10334,29.85063],[-96.10086,29.85296],[-96.11013,29.85853],[-96.11229,29.8723],[-96.10952,29.87395],[-96.09873,29.8752],[-96.09386,29.87773],[-96.0922,29.88111],[-96.09471,29.88379],[-96.10459,29.88318],[-96.10987,29.88894],[-96.12179,29.89306],[-96.1259,29.89789],[-96.126,29.90321],[-96.12407,29.907],[-96.11473,29.91178],[-96.11335,29.91455],[-96.11763,29.92779],[-96.13002,29.93234],[-96.1317,29.93545],[-96.13117,29.93818],[-96.12158,29.94922],[-96.10791,29.9401],[-96.10336,29.94034],[-96.10126,29.94346],[-96.10529,29.95411],[-96.10911,29.95615],[-96.11703,29.95458],[-96.1215,29.95555],[-96.12346,29.9576],[-96.12592,29.96595],[-96.12204,29.96834],[-96.11059,29.96156],[-96.09588,29.95988],[-96.0929,29.96133],[-96.09344,29.96362],[-96.10308,29.96757],[-96.09574,29.97789],[-96.10208,29.98723],[-96.10415,29.99835],[-96.10157,30.00311],[-96.09938,30.00393],[-96.09293,29.99893],[-96.08863,29.99903],[-96.08493,30.00223],[-96.08486,30.00623],[-96.0968,30.02758],[-96.10885,30.02547],[-96.11326,30.02834],[-96.1144,30.03252],[-96.10841,30.03398],[-96.10671,30.03582],[-96.11347,30.04989],[-96.1215,30.05074],[-96.1381,30.05637],[-96.14258,30.05938],[-96.14586,30.06793],[-96.13648,30.06777],[-96.13481,30.07136],[-96.14203,30.07854],[-96.14481,30.08484],[-96.15389,30.08563],[-96.15767,30.09111],[-96.1589,30.09674],[-96.15313,30.1025],[-96.15361,30.10661],[-96.15927,30.10826],[-96.16433,30.10082],[-96.17046,30.09887],[-96.17472,30.10154],[-96.17237,30.10791],[-96.17365,30.11227],[-96.18493,30.10935],[-96.18946,30.11093],[-96.1918,30.1152],[-96.19043,30.11802],[-96.18135,30.1174],[-96.1791,30.12015],[-96.18141,30.12456],[-96.18581,30.12751],[-96.19091,30.13429],[-96.19185,30.13808],[-96.18552,30.1418],[-96.17795,30.13844],[-96.1724,30.13954],[-96.17271,30.14222],[-96.17925,30.14548],[-96.18241,30.14918],[-96.18261,30.15276],[-96.17889,30.15636],[-96.15825,30.14201],[-96.15467,30.14169],[-96.15266,30.14315],[-96.15102,30.15608],[-96.16036,30.16345],[-96.16179,30.16711],[-96.15592,30.17328],[-96.15489,30.17643],[-96.15577,30.17974],[-96.16218,30.18406],[-96.15714,30.19026],[-96.15992,30.19559],[-96.1582,30.20724],[-96.14526,30.21894],[-96.139,30.21167],[-96.12957,30.21085],[-96.11675,30.2258],[-96.11117,30.22934],[-96.10745,30.22835],[-96.11002,30.22256],[-96.10927,30.21954],[-96.09795,30.21344],[-96.09548,30.2159],[-96.0934,30.22518],[-96.08904,30.22857],[-95.80414,30.24535],[-95.80414,30.24319]]]]},"properties":{"fips":"48473","name":"Waller","n":0,"mw":0.0,"first":null,"last":null,"hh":null,"projects":0}},{"type":"Feature","id":48245,"geometry":{"type":"MultiPolygon","coordinates":[[[[-94.18898,30.18406],[-94.18918,30.1799],[-94.18679,30.17908],[-94.18324,30.18395],[-94.17793,30.18343],[-94.17783,30.18537],[-94.18008,30.18739],[-94.17537,30.18781],[-94.17247,30.18497],[-94.17291,30.17896],[-94.16564,30.17648],[-94.16921,30.17372],[-94.16573,30.17213],[-94.15528,30.17031],[-94.15142,30.17279],[-94.15024,30.16989],[-94.14529,30.17012],[-94.14834,30.1686],[-94.14771,30.16647],[-94.14087,30.16874],[-94.14009,30.16529],[-94.13851,30.16891],[-94.1333,30.16699],[-94.13431,30.16914],[-94.13092,30.16671],[-94.13083,30.16506],[-94.12849,30.16596],[-94.12735,30.16376],[-94.1245,30.16643],[-94.11981,30.16584],[-94.11507,30.16121],[-94.11293,30.14762],[-94.10071,30.14301],[-94.10142,30.1397],[-94.10803,30.13779],[-94.10826,30.13573],[-94.09892,30.13609],[-94.09297,30.13121],[-94.08621,30.13037],[-94.0796,30.12736],[-94.07361,30.11339],[-94.0797,30.10503],[-94.08343,30.10393],[-94.08699,30.10488],[-94.09117,30.09427],[-94.09437,30.09023],[-94.08806,30.09154],[-94.08679,30.08865],[-94.0936,30.0867],[-94.09392,30.08433],[-94.08168,30.07683],[-94.06765,30.0779],[-94.05767,30.07499],[-94.05599,30.07766],[-94.05076,30.07852],[-94.04647,30.07386],[-94.04806,30.0709],[-94.04711,30.06695],[-94.04232,30.06369],[-94.03732,30.06378],[-94.03199,30.06753],[-94.02754,30.06618],[-94.02722,30.06346],[-94.03189,30.06003],[-94.02895,30.05445],[-94.02866,30.05044],[-94.03585,30.04215],[-94.03058,30.02637],[-94.02743,30.02579],[-94.01985,30.03009],[-94.01004,30.02887],[-94.00077,30.03152],[-93.99849,30.02916],[-94.00102,30.0172],[-93.99781,30.01313],[-93.9942,30.014],[-93.98826,30.02046],[-93.98322,30.02183],[-93.98055,30.01985],[-93.98335,30.01256],[-93.9819,30.0088],[-93.97775,30.00881],[-93.96694,30.01327],[-93.95999,30.01308],[-93.95702,30.01076],[-93.95515,30.00216],[-93.95297,29.99949],[-93.93512,29.992],[-93.92855,29.99114],[-93.91926,29.99578],[-93.91386,29.99594],[-93.90294,29.98509],[-93.87075,29.98072],[-93.86391,29.97852],[-93.85806,29.97517],[-93.85536,29.96803],[-93.8113,29.93952],[-93.82118,29.91062],[-93.8431,29.87797],[-93.85275,29.87387],[-93.87526,29.85881],[-93.88864,29.85177],[-93.90568,29.83857],[-93.92231,29.82254],[-93.92799,29.80548],[-93.92762,29.79375],[-93.92515,29.78791],[-93.89925,29.77213],[-93.89094,29.76419],[-93.89233,29.75024],[-93.89127,29.74574],[-93.88904,29.7436],[-93.86517,29.73479],[-93.85652,29.72136],[-93.85631,29.7148],[-93.84906,29.7051],[-93.84673,29.69946],[-93.83665,29.68781],[-93.83563,29.68376],[-93.8434,29.67832],[-93.86637,29.67357],[-93.94747,29.68147],[-93.98014,29.68321],[-93.99897,29.68197],[-94.01337,29.67831],[-94.05103,29.67276],[-94.11259,29.65386],[-94.35403,29.56043],[-94.35793,29.88754],[-94.44222,29.88703],[-94.44506,30.11274],[-94.444,30.11398],[-94.44241,30.11263],[-94.43926,30.11593],[-94.43161,30.11378],[-94.43106,30.11238],[-94.43369,30.11066],[-94.42935,30.10811],[-94.4297,30.10639],[-94.42704,30.10436],[-94.42095,30.10479],[-94.41925,30.10415],[-94.41957,30.10202],[-94.4168,30.10109],[-94.41841,30.10012],[-94.41253,30.09968],[-94.41265,30.09838],[-94.41046,30.09801],[-94.40555,30.09962],[-94.4013,30.09703],[-94.39928,30.09735],[-94.39527,30.10241],[-94.39237,30.10208],[-94.39198,30.10576],[-94.38847,30.1039],[-94.38757,30.10629],[-94.38298,30.10564],[-94.38085,30.10718],[-94.38146,30.10823],[-94.37753,30.10781],[-94.37599,30.10923],[-94.3726,30.10744],[-94.37318,30.10606],[-94.37032,30.10684],[-94.36645,30.10486],[-94.36673,30.10285],[-94.36449,30.10132],[-94.36354,30.10284],[-94.36077,30.10275],[-94.35947,30.10567],[-94.35819,30.1053],[-94.35908,30.10332],[-94.355,30.10408],[-94.35493,30.10634],[-94.35054,30.10892],[-94.34901,30.10635],[-94.35063,30.10358],[-94.34596,30.10567],[-94.34426,30.10479],[-94.34482,30.10336],[-94.34152,30.10311],[-94.34247,30.10637],[-94.33821,30.10427],[-94.33763,30.10713],[-94.33542,30.10637],[-94.33702,30.1094],[-94.33316,30.10821],[-94.33248,30.11205],[-94.33021,30.1123],[-94.33167,30.11358],[-94.33074,30.1145],[-94.32837,30.1145],[-94.32581,30.1113],[-94.32313,30.11414],[-94.3176,30.11428],[-94.31782,30.11648],[-94.31552,30.11759],[-94.31059,30.11502],[-94.30897,30.11539],[-94.30891,30.11711],[-94.30534,30.11688],[-94.30039,30.11396],[-94.29917,30.11621],[-94.29269,30.11753],[-94.29101,30.121],[-94.29151,30.12372],[-94.28895,30.12333],[-94.28759,30.1288],[-94.28244,30.12975],[-94.28149,30.13264],[-94.27915,30.13175],[-94.27924,30.13869],[-94.27654,30.14013],[-94.27921,30.14343],[-94.27739,30.14374],[-94.27807,30.14594],[-94.2764,30.14667],[-94.27987,30.15127],[-94.27822,30.15839],[-94.27936,30.16025],[-94.27783,30.1608],[-94.27888,30.16286],[-94.27565,30.17007],[-94.2709,30.17096],[-94.26777,30.16807],[-94.26547,30.16926],[-94.26621,30.16752],[-94.26394,30.16862],[-94.2605,30.16734],[-94.25816,30.17148],[-94.25463,30.17259],[-94.25496,30.17071],[-94.25216,30.1704],[-94.25393,30.16916],[-94.25303,30.16809],[-94.24949,30.16827],[-94.24846,30.16656],[-94.24476,30.16907],[-94.24099,30.16553],[-94.23795,30.16635],[-94.23722,30.16468],[-94.23481,30.16607],[-94.23472,30.16975],[-94.23079,30.1691],[-94.23125,30.17052],[-94.2297,30.17062],[-94.23205,30.17143],[-94.23123,30.17252],[-94.22355,30.17375],[-94.22092,30.1706],[-94.21934,30.17343],[-94.21805,30.17324],[-94.22048,30.17666],[-94.219,30.1774],[-94.21929,30.17569],[-94.21814,30.17615],[-94.21731,30.17845],[-94.21844,30.18002],[-94.21295,30.1822],[-94.21128,30.1803],[-94.21165,30.18305],[-94.21033,30.18208],[-94.20909,30.18475],[-94.20769,30.18397],[-94.21043,30.18588],[-94.20961,30.18764],[-94.20247,30.18861],[-94.19884,30.18448],[-94.1959,30.18571],[-94.19631,30.18784],[-94.1947,30.18906],[-94.18898,30.18406]]]]},"properties":{"fips":"48245","name":"Jefferson","n":0,"mw":0.0,"first":null,"last":null,"hh":null,"projects":0}},{"type":"Feature","id":48209,"geometry":{"type":"MultiPolygon","coordinates":[[[[-97.74398,29.99771],[-97.75321,29.99397],[-97.76125,29.98758],[-97.76527,29.97931],[-97.77683,29.9636],[-97.78811,29.95447],[-97.79232,29.94515],[-97.81776,29.93442],[-97.83656,29.92227],[-97.84989,29.91564],[-97.89335,29.88403],[-97.89912,29.85721],[-97.88964,29.85641],[-97.88757,29.85807],[-97.88681,29.8628],[-97.87541,29.86057],[-97.87508,29.85808],[-97.94396,29.80651],[-97.99922,29.75242],[-98.03051,29.84854],[-98.29755,30.03792],[-98.17306,30.35622],[-97.70872,30.02328],[-97.74398,29.99771]]]]},"properties":{"fips":"48209","name":"Hays","n":0,"mw":0.0,"first":null,"last":null,"hh":null,"projects":0}},{"type":"Feature","id":48361,"geometry":{"type":"MultiPolygon","coordinates":[[[[-93.7079,30.24439],[-93.70293,30.23865],[-93.70769,30.2394],[-93.70948,30.23773],[-93.70462,30.23362],[-93.70933,30.23334],[-93.71096,30.23523],[-93.71326,30.22913],[-93.70958,30.22764],[-93.71348,30.22467],[-93.71104,30.22217],[-93.71293,30.21856],[-93.716,30.22067],[-93.71874,30.21922],[-93.71873,30.21646],[-93.71637,30.21677],[-93.71979,30.21473],[-93.71683,30.21171],[-93.72099,30.20934],[-93.71722,30.2063],[-93.7141,30.20855],[-93.71438,30.20234],[-93.71764,30.20025],[-93.71458,30.19746],[-93.71751,30.19399],[-93.71304,30.19298],[-93.71249,30.18719],[-93.7089,30.18619],[-93.71034,30.18072],[-93.71222,30.18032],[-93.70882,30.17912],[-93.70566,30.18025],[-93.70667,30.17716],[-93.70439,30.1741],[-93.69999,30.17524],[-93.70288,30.17116],[-93.70068,30.16633],[-93.70242,30.16162],[-93.70666,30.15702],[-93.70599,30.15051],[-93.70948,30.14707],[-93.70609,30.14765],[-93.69818,30.15322],[-93.69623,30.15171],[-93.69345,30.14233],[-93.68808,30.14141],[-93.69295,30.13535],[-93.69496,30.13544],[-93.69796,30.13866],[-93.70113,30.13782],[-93.7006,30.12364],[-93.70772,30.12076],[-93.70281,30.11641],[-93.70235,30.11275],[-93.70438,30.11075],[-93.71186,30.10903],[-93.71501,30.10103],[-93.72333,30.09476],[-93.72348,30.08351],[-93.72668,30.08316],[-93.73085,30.08965],[-93.73292,30.08881],[-93.73378,30.08613],[-93.73179,30.08243],[-93.71625,30.07022],[-93.70169,30.06629],[-93.69944,30.06301],[-93.69939,30.05961],[-93.70264,30.05603],[-93.7091,30.05501],[-93.71115,30.05668],[-93.71289,30.06432],[-93.7157,30.06664],[-93.7183,30.06613],[-93.72118,30.05313],[-93.73698,30.03831],[-93.74025,30.02363],[-93.75606,30.01575],[-93.76633,30.00501],[-93.77035,29.99673],[-93.78282,29.99315],[-93.79104,29.98738],[-93.79859,29.97724],[-93.80288,29.97541],[-93.80584,29.96799],[-93.80879,29.94717],[-93.8113,29.93952],[-93.85536,29.96803],[-93.85806,29.97517],[-93.86391,29.97852],[-93.87075,29.98072],[-93.90294,29.98509],[-93.91386,29.99594],[-93.91926,29.99578],[-93.92855,29.99114],[-93.93512,29.992],[-93.95297,29.99949],[-93.95515,30.00216],[-93.95702,30.01076],[-93.95999,30.01308],[-93.96694,30.01327],[-93.97775,30.00881],[-93.9819,30.0088],[-93.98335,30.01256],[-93.98055,30.01985],[-93.98322,30.02183],[-93.98826,30.02046],[-93.9942,30.014],[-93.99781,30.01313],[-94.00102,30.0172],[-93.99849,30.02916],[-94.00077,30.03152],[-94.01004,30.02887],[-94.01985,30.03009],[-94.02713,30.0259],[-94.03001,30.02605],[-94.03585,30.04215],[-94.02866,30.05044],[-94.02895,30.05445],[-94.03189,30.06003],[-94.02722,30.06346],[-94.02754,30.06618],[-94.03199,30.06753],[-94.03732,30.06378],[-94.04232,30.06369],[-94.04711,30.06695],[-94.04806,30.0709],[-94.04647,30.07386],[-94.05076,30.07852],[-94.05599,30.07766],[-94.05767,30.07499],[-94.06765,30.0779],[-94.08168,30.07683],[-94.0861,30.08032],[-94.09196,30.08228],[-94.09416,30.0849],[-94.09334,30.08685],[-94.08679,30.08865],[-94.08806,30.09154],[-94.09437,30.09023],[-94.09117,30.09427],[-94.08699,30.10488],[-94.08343,30.10393],[-94.0797,30.10503],[-94.07352,30.11494],[-94.08061,30.12805],[-94.09297,30.13121],[-94.09892,30.13609],[-94.10792,30.13543],[-94.10803,30.13779],[-94.10142,30.1397],[-94.10071,30.14301],[-94.10271,30.14472],[-94.11096,30.14614],[-94.11354,30.14875],[-94.11307,30.15483],[-94.11523,30.15992],[-94.11372,30.16377],[-94.1106,30.16467],[-94.10976,30.1668],[-94.11502,30.17341],[-94.11232,30.17603],[-94.11072,30.18783],[-94.1092,30.18897],[-94.1057,30.1877],[-94.10525,30.18975],[-94.1077,30.19212],[-94.1064,30.19346],[-94.10091,30.18871],[-94.09779,30.18882],[-94.09961,30.19263],[-94.09807,30.1989],[-94.09641,30.1993],[-94.0945,30.19674],[-94.0913,30.19839],[-94.10238,30.21106],[-94.10643,30.21119],[-94.11337,30.21644],[-94.11736,30.21586],[-94.11543,30.22143],[-94.11776,30.23354],[-94.11623,30.23926],[-94.11808,30.2417],[-93.7079,30.24439]]]]},"properties":{"fips":"48361","name":"Orange","n":0,"mw":0.0,"first":null,"last":null,"hh":null,"projects":0}},{"type":"Feature","id":48021,"geometry":{"type":"MultiPolygon","coordinates":[[[[-97.30856,30.39017],[-97.19954,30.33783],[-97.08174,30.25926],[-97.02438,30.05131],[-97.31582,29.78654],[-97.64906,30.06778],[-97.49243,30.20997],[-97.36952,30.41958],[-97.30856,30.39017]]]]},"properties":{"fips":"48021","name":"Bastrop","n":0,"mw":0.0,"first":null,"last":null,"hh":null,"projects":0}},{"type":"Feature","id":48477,"geometry":{"type":"MultiPolygon","coordinates":[[[[-96.18298,30.39478],[-96.17803,30.39544],[-96.17335,30.38901],[-96.17588,30.37695],[-96.17496,30.37469],[-96.17089,30.37419],[-96.16133,30.37806],[-96.15013,30.36978],[-96.15055,30.36684],[-96.15515,30.36317],[-96.15221,30.35163],[-96.16047,30.34007],[-96.15206,30.32715],[-96.14818,30.3245],[-96.13877,30.32238],[-96.13708,30.31479],[-96.12487,30.31121],[-96.12005,30.30475],[-96.09873,30.31077],[-96.09451,30.30948],[-96.0938,30.30551],[-96.09908,30.29957],[-96.10035,30.29169],[-96.09782,30.28932],[-96.08745,30.28956],[-96.08492,30.28767],[-96.08441,30.28508],[-96.09352,30.27568],[-96.09896,30.25594],[-96.09618,30.25306],[-96.0875,30.25303],[-96.08129,30.24437],[-96.08264,30.24131],[-96.08565,30.24004],[-96.09336,30.24342],[-96.09639,30.24301],[-96.10519,30.23428],[-96.10461,30.23201],[-96.09748,30.22993],[-96.0935,30.22555],[-96.09723,30.21361],[-96.10927,30.21954],[-96.11002,30.22256],[-96.10745,30.22835],[-96.11045,30.2295],[-96.11675,30.2258],[-96.12957,30.21085],[-96.139,30.21167],[-96.145,30.21897],[-96.15108,30.2124],[-96.15725,30.20867],[-96.15992,30.19559],[-96.15732,30.1893],[-96.16218,30.18406],[-96.15545,30.17936],[-96.155,30.17541],[-96.16179,30.16711],[-96.16036,30.16345],[-96.15102,30.15608],[-96.15196,30.1442],[-96.15467,30.14169],[-96.15825,30.14201],[-96.17889,30.15636],[-96.18261,30.15276],[-96.18241,30.14918],[-96.17925,30.14548],[-96.17271,30.14222],[-96.1724,30.13954],[-96.17795,30.13844],[-96.18552,30.1418],[-96.19185,30.13808],[-96.19091,30.13429],[-96.18581,30.12751],[-96.18141,30.12456],[-96.1791,30.12015],[-96.18135,30.1174],[-96.19043,30.11802],[-96.1918,30.1152],[-96.18946,30.11093],[-96.18493,30.10935],[-96.17365,30.11227],[-96.17237,30.10791],[-96.17472,30.10154],[-96.17046,30.09887],[-96.16433,30.10082],[-96.15927,30.10826],[-96.15442,30.10732],[-96.15278,30.10345],[-96.15865,30.09743],[-96.15767,30.09111],[-96.15389,30.08563],[-96.14481,30.08484],[-96.14203,30.07854],[-96.13502,30.07192],[-96.13473,30.06965],[-96.13648,30.06777],[-96.14533,30.06845],[-96.14675,30.07022],[-96.1492,30.06804],[-96.15529,30.06707],[-96.15454,30.06528],[-96.15732,30.06089],[-96.15587,30.0584],[-96.15948,30.05381],[-96.16622,30.05345],[-96.16879,30.05448],[-96.16879,30.05631],[-96.17348,30.05659],[-96.18011,30.06212],[-96.1858,30.06247],[-96.19011,30.06482],[-96.20673,30.06686],[-96.20958,30.06228],[-96.21396,30.06637],[-96.21422,30.06933],[-96.2187,30.07079],[-96.21977,30.07261],[-96.22483,30.07229],[-96.22995,30.07597],[-96.23955,30.07663],[-96.24538,30.07417],[-96.25952,30.07574],[-96.26083,30.07802],[-96.26398,30.07834],[-96.26443,30.08148],[-96.26782,30.0832],[-96.27124,30.09407],[-96.27623,30.0925],[-96.27978,30.09422],[-96.28301,30.09379],[-96.28854,30.09683],[-96.51882,30.06519],[-96.58606,30.06476],[-96.59402,30.07111],[-96.62213,30.0442],[-96.62394,30.06671],[-96.6307,30.07024],[-96.63422,30.07561],[-96.63235,30.08406],[-96.63365,30.10616],[-96.64051,30.12031],[-96.65312,30.13005],[-96.647,30.1451],[-96.66194,30.14906],[-96.68341,30.15109],[-96.68719,30.16449],[-96.70205,30.15776],[-96.715,30.14505],[-96.73551,30.14738],[-96.76681,30.1387],[-96.7729,30.14948],[-96.7805,30.15212],[-96.79442,30.16057],[-96.74148,30.19747],[-96.73992,30.20691],[-96.7418,30.21031],[-96.74069,30.21216],[-96.74315,30.21316],[-96.74404,30.21749],[-96.7392,30.22266],[-96.74019,30.22405],[-96.74141,30.2234],[-96.74241,30.22743],[-96.73864,30.23249],[-96.737,30.23219],[-96.73695,30.23632],[-96.7352,30.23678],[-96.73404,30.23921],[-96.73537,30.23965],[-96.73221,30.2436],[-96.72645,30.24396],[-96.72532,30.24686],[-96.72319,30.24607],[-96.72191,30.24859],[-96.71828,30.2504],[-96.71542,30.2497],[-96.71511,30.25087],[-96.71434,30.2474],[-96.71224,30.24776],[-96.71127,30.24552],[-96.70662,30.24478],[-96.70154,30.24741],[-96.70089,30.24952],[-96.69416,30.25042],[-96.69245,30.24866],[-96.68696,30.24828],[-96.68419,30.25034],[-96.68573,30.25246],[-96.68421,30.25781],[-96.68004,30.25884],[-96.6766,30.26657],[-96.6719,30.26734],[-96.6687,30.27556],[-96.66166,30.27856],[-96.66048,30.28097],[-96.66151,30.28122],[-96.65949,30.28291],[-96.66047,30.28508],[-96.65821,30.2876],[-96.65482,30.28723],[-96.65031,30.29201],[-96.64569,30.2915],[-96.64061,30.29669],[-96.63492,30.29797],[-96.63305,30.30035],[-96.63139,30.29927],[-96.6293,30.30117],[-96.62608,30.29833],[-96.62304,30.29828],[-96.61665,30.30104],[-96.60613,30.30201],[-96.60168,30.30858],[-96.59353,30.30787],[-96.59234,30.30636],[-96.58835,30.30909],[-96.58292,30.30858],[-96.57788,30.31224],[-96.57353,30.31067],[-96.56812,30.31312],[-96.56945,30.31431],[-96.56797,30.31464],[-96.56943,30.31593],[-96.56816,30.3172],[-96.56078,30.31961],[-96.56237,30.32253],[-96.55929,30.32378],[-96.55671,30.32336],[-96.55619,30.32179],[-96.55303,30.32235],[-96.55363,30.32131],[-96.55179,30.32057],[-96.54857,30.32137],[-96.54142,30.31779],[-96.54215,30.31956],[-96.53917,30.32123],[-96.53594,30.3198],[-96.52983,30.32016],[-96.52558,30.32123],[-96.52459,30.32371],[-96.52222,30.32237],[-96.51548,30.32575],[-96.51273,30.32585],[-96.51075,30.32163],[-96.49832,30.32303],[-96.49542,30.32485],[-96.49164,30.3332],[-96.48727,30.33777],[-96.48442,30.33782],[-96.48392,30.33412],[-96.48137,30.33303],[-96.47554,30.33365],[-96.4693,30.33789],[-96.46472,30.33588],[-96.45952,30.33871],[-96.45671,30.3386],[-96.45838,30.34282],[-96.45521,30.3443],[-96.449,30.34104],[-96.44596,30.34118],[-96.44573,30.34238],[-96.44026,30.34155],[-96.42246,30.34339],[-96.41838,30.34711],[-96.41996,30.35087],[-96.41667,30.35403],[-96.41281,30.35421],[-96.41199,30.35798],[-96.40941,30.35819],[-96.40625,30.3509],[-96.40449,30.35266],[-96.38403,30.35805],[-96.378,30.3556],[-96.37748,30.35838],[-96.3749,30.35796],[-96.37527,30.36324],[-96.36931,30.36272],[-96.37029,30.36451],[-96.36143,30.36736],[-96.35673,30.37277],[-96.35437,30.37312],[-96.35294,30.37093],[-96.3465,30.36826],[-96.34095,30.36776],[-96.33528,30.37329],[-96.32891,30.37348],[-96.32587,30.37834],[-96.3175,30.3795],[-96.31273,30.38435],[-96.30751,30.38164],[-96.30475,30.38332],[-96.30157,30.38181],[-96.29879,30.37808],[-96.29206,30.37421],[-96.28759,30.36658],[-96.28018,30.36448],[-96.2762,30.35985],[-96.26984,30.35844],[-96.26264,30.36329],[-96.26303,30.37003],[-96.25744,30.36664],[-96.25184,30.36541],[-96.24546,30.36916],[-96.23642,30.36955],[-96.22229,30.3762],[-96.21318,30.37371],[-96.20025,30.38241],[-96.19728,30.39732],[-96.19294,30.39831],[-96.18298,30.39478]]]]},"properties":{"fips":"48477","name":"Washington","n":0,"mw":0.0,"first":null,"last":null,"hh":null,"projects":0}},{"type":"Feature","id":48171,"geometry":{"type":"MultiPolygon","coordinates":[[[[-98.58796,30.13889],[-98.93562,30.13824],[-99.30097,30.13434],[-99.30424,30.4982],[-98.59161,30.49997],[-98.58857,30.32679],[-98.58796,30.13889]]]]},"properties":{"fips":"48171","name":"Gillespie","n":0,"mw":0.0,"first":null,"last":null,"hh":null,"projects":0}},{"type":"Feature","id":48031,"geometry":{"type":"MultiPolygon","coordinates":[[[[-98.40425,30.5004],[-98.12546,30.4262],[-98.17322,30.35587],[-98.29755,30.03792],[-98.41403,29.9376],[-98.58796,30.13889],[-98.58857,30.32679],[-98.59161,30.49997],[-98.41149,30.50236],[-98.40425,30.5004]]]]},"properties":{"fips":"48031","name":"Blanco","n":0,"mw":0.0,"first":null,"last":null,"hh":null,"projects":0}},{"type":"Feature","id":48287,"geometry":{"type":"MultiPolygon","coordinates":[[[[-96.96145,30.5517],[-96.95614,30.55205],[-96.95429,30.54915],[-96.94889,30.54776],[-96.94887,30.54495],[-96.94522,30.54322],[-96.94256,30.54695],[-96.93283,30.54287],[-96.92961,30.54308],[-96.92919,30.54437],[-96.92672,30.54223],[-96.9256,30.54334],[-96.92298,30.54001],[-96.91881,30.53918],[-96.91177,30.52743],[-96.91207,30.52313],[-96.90877,30.52248],[-96.90765,30.51713],[-96.90408,30.51864],[-96.90444,30.51588],[-96.90656,30.51447],[-96.90212,30.51411],[-96.90327,30.5122],[-96.90597,30.51263],[-96.90422,30.50814],[-96.90619,30.50301],[-96.90874,30.50214],[-96.90107,30.49905],[-96.89792,30.48993],[-96.89605,30.48928],[-96.89687,30.48419],[-96.90193,30.48181],[-96.90394,30.4737],[-96.90578,30.47192],[-96.90554,30.46978],[-96.90223,30.46967],[-96.90203,30.46825],[-96.90418,30.46829],[-96.90464,30.46668],[-96.90193,30.46667],[-96.90023,30.46216],[-96.89808,30.46106],[-96.89934,30.45968],[-96.88758,30.46176],[-96.88534,30.46008],[-96.88336,30.4618],[-96.87863,30.45914],[-96.87905,30.45754],[-96.87486,30.4577],[-96.87719,30.45106],[-96.87441,30.44937],[-96.87721,30.44936],[-96.87721,30.44784],[-96.87077,30.44179],[-96.87232,30.439],[-96.87029,30.43533],[-96.86796,30.43356],[-96.86532,30.43473],[-96.86505,30.43264],[-96.85806,30.43401],[-96.85019,30.43003],[-96.84635,30.43148],[-96.84554,30.42907],[-96.84377,30.42927],[-96.84561,30.42744],[-96.8436,30.42566],[-96.84187,30.42618],[-96.84243,30.4248],[-96.84031,30.42429],[-96.83975,30.42106],[-96.83642,30.42094],[-96.83453,30.42276],[-96.83396,30.41898],[-96.83173,30.42007],[-96.83132,30.418],[-96.82527,30.4164],[-96.82421,30.41491],[-96.82571,30.41453],[-96.82138,30.41291],[-96.82244,30.40997],[-96.81909,30.40698],[-96.80976,30.40428],[-96.80883,30.40229],[-96.81069,30.40095],[-96.80827,30.39618],[-96.80417,30.39607],[-96.8021,30.39273],[-96.79809,30.39064],[-96.79351,30.39114],[-96.78763,30.38898],[-96.78966,30.38315],[-96.78557,30.37852],[-96.7841,30.37937],[-96.78346,30.37694],[-96.77978,30.37586],[-96.78125,30.37385],[-96.78051,30.37214],[-96.77898,30.37081],[-96.77703,30.37152],[-96.77541,30.36992],[-96.77631,30.36885],[-96.77476,30.3693],[-96.76978,30.36473],[-96.76873,30.35841],[-96.76549,30.3541],[-96.76675,30.35207],[-96.76034,30.34373],[-96.76085,30.3408],[-96.7547,30.34079],[-96.7528,30.33819],[-96.75441,30.32935],[-96.75191,30.33015],[-96.75033,30.32947],[-96.75086,30.32782],[-96.74765,30.32743],[-96.74716,30.32555],[-96.74575,30.32563],[-96.74619,30.32414],[-96.74404,30.3239],[-96.74541,30.32189],[-96.74351,30.32216],[-96.74396,30.3199],[-96.74049,30.31864],[-96.73811,30.32042],[-96.73707,30.31921],[-96.73768,30.32105],[-96.73454,30.32195],[-96.73443,30.32359],[-96.73339,30.32259],[-96.73053,30.32414],[-96.72569,30.3232],[-96.72171,30.31863],[-96.71566,30.31994],[-96.70704,30.31766],[-96.70295,30.32023],[-96.69465,30.32009],[-96.68665,30.31694],[-96.68527,30.31142],[-96.68201,30.30915],[-96.67794,30.30972],[-96.67354,30.30744],[-96.67515,30.30526],[-96.67089,30.30245],[-96.66944,30.3032],[-96.6707,30.30063],[-96.66786,30.29721],[-96.66336,30.29554],[-96.66065,30.29811],[-96.6589,30.2979],[-96.65948,30.29909],[-96.65204,30.29935],[-96.65155,30.30062],[-96.65035,30.29914],[-96.64851,30.30015],[-96.64832,30.29829],[-96.64482,30.29692],[-96.64266,30.29823],[-96.64063,30.29647],[-96.64569,30.2915],[-96.65031,30.29201],[-96.65482,30.28723],[-96.65821,30.2876],[-96.66047,30.28508],[-96.65949,30.28291],[-96.66151,30.28122],[-96.66048,30.28097],[-96.66166,30.27856],[-96.6687,30.27556],[-96.6719,30.26734],[-96.6766,30.26657],[-96.68004,30.25884],[-96.68421,30.25781],[-96.68573,30.25246],[-96.68419,30.25034],[-96.68536,30.2492],[-96.68727,30.24817],[-96.69245,30.24866],[-96.69416,30.25042],[-96.70089,30.24952],[-96.70154,30.24741],[-96.70662,30.24478],[-96.71127,30.24552],[-96.71224,30.24776],[-96.71434,30.2474],[-96.71511,30.25087],[-96.71542,30.2497],[-96.71828,30.2504],[-96.72191,30.24859],[-96.72319,30.24607],[-96.72532,30.24686],[-96.72645,30.24396],[-96.73221,30.2436],[-96.73537,30.23965],[-96.73404,30.23921],[-96.7352,30.23678],[-96.73695,30.23632],[-96.737,30.23219],[-96.73864,30.23249],[-96.74241,30.22743],[-96.74141,30.2234],[-96.74019,30.22405],[-96.7392,30.22266],[-96.74404,30.21749],[-96.74315,30.21316],[-96.74069,30.21216],[-96.7418,30.21031],[-96.73992,30.20691],[-96.74148,30.19747],[-96.79447,30.16054],[-96.84583,30.11598],[-97.01912,30.03205],[-97.08174,30.25926],[-97.19954,30.33783],[-97.3345,30.40276],[-97.15515,30.45729],[-96.9636,30.55723],[-96.96145,30.5517]]]]},"properties":{"fips":"48287","name":"Lee","n":0,"mw":0.0,"first":null,"last":null,"hh":null,"projects":0}},{"type":"Feature","id":48291,"geometry":{"type":"MultiPolygon","coordinates":[[[[-94.73243,30.48945],[-94.5963,30.11217],[-94.44506,30.11274],[-94.4423,29.89036],[-94.9807,29.8853],[-94.98528,29.88731],[-94.98394,29.88962],[-94.98605,29.89105],[-94.98424,29.89666],[-94.98689,29.89845],[-94.9859,29.902],[-94.98845,29.90397],[-94.98634,29.90612],[-94.98811,29.90803],[-94.99046,29.90741],[-94.99053,29.90945],[-94.99559,29.91442],[-94.99703,29.91764],[-94.99619,29.91962],[-94.99875,29.92026],[-94.99194,29.92718],[-94.9927,29.92942],[-94.99527,29.92813],[-94.99657,29.93086],[-94.9951,29.93235],[-94.99574,29.93637],[-94.98934,29.94352],[-94.99174,29.94463],[-94.99136,29.94676],[-94.98821,29.94811],[-94.98844,29.95314],[-94.98453,29.95507],[-94.98157,29.95409],[-94.97958,29.95638],[-94.98077,29.95889],[-94.98363,29.95907],[-94.98035,29.96343],[-94.98493,29.96553],[-94.98377,29.96783],[-94.98626,29.97078],[-94.9858,29.97281],[-94.99024,29.97451],[-94.98964,29.97665],[-94.99534,29.97814],[-94.99693,29.98149],[-94.99436,29.98336],[-94.99692,29.98735],[-94.99945,29.98692],[-94.99826,29.98857],[-95.00017,29.98954],[-94.99984,29.99148],[-95.00274,29.9924],[-95.00404,29.99503],[-95.00983,29.99242],[-95.01224,29.99376],[-95.01209,29.99536],[-95.01457,29.994],[-95.01626,29.99671],[-95.02449,29.99769],[-95.03111,29.99347],[-95.09664,30.16736],[-95.16573,30.34472],[-94.92792,30.44868],[-94.8426,30.48752],[-94.73243,30.48945]]]]},"properties":{"fips":"48291","name":"Liberty","n":0,"mw":0.0,"first":null,"last":null,"hh":null,"projects":0}},{"type":"Feature","id":48453,"geometry":{"type":"MultiPolygon","coordinates":[[[[-97.92975,30.60862],[-97.91703,30.60482],[-97.9218,30.59084],[-97.92046,30.5868],[-97.91517,30.5805],[-97.92698,30.56753],[-97.92188,30.5642],[-97.90242,30.57124],[-97.89593,30.56456],[-97.89144,30.56642],[-97.88871,30.56518],[-97.88756,30.5566],[-97.88336,30.55288],[-97.88222,30.55382],[-97.86778,30.54652],[-97.87139,30.52273],[-97.85584,30.50747],[-97.8561,30.50283],[-97.8622,30.49734],[-97.84582,30.47562],[-97.84646,30.47336],[-97.82674,30.45755],[-97.82589,30.45505],[-97.81196,30.44704],[-97.79993,30.44712],[-97.7887,30.44413],[-97.78525,30.44057],[-97.77919,30.43822],[-97.77579,30.43],[-97.7677,30.43262],[-97.75355,30.4334],[-97.75448,30.44065],[-97.74636,30.44948],[-97.73353,30.44972],[-97.71506,30.45863],[-97.70385,30.45847],[-97.69609,30.46136],[-97.68866,30.46151],[-97.68284,30.47917],[-97.67404,30.47989],[-97.66995,30.47852],[-97.6641,30.48174],[-97.65155,30.47475],[-97.64353,30.47807],[-97.64129,30.48205],[-97.62767,30.48544],[-97.61857,30.49028],[-97.61723,30.48914],[-97.60677,30.49019],[-97.60605,30.49501],[-97.59614,30.50138],[-97.59133,30.50087],[-97.59085,30.49704],[-97.58061,30.50072],[-97.56877,30.49917],[-97.56889,30.49606],[-97.56387,30.49549],[-97.56307,30.49161],[-97.55273,30.49007],[-97.5493,30.4808],[-97.55,30.47637],[-97.54657,30.47474],[-97.54311,30.47914],[-97.52714,30.47497],[-97.52386,30.4724],[-97.52221,30.47628],[-97.51082,30.48486],[-97.50247,30.48011],[-97.50132,30.47743],[-97.48865,30.47324],[-97.48582,30.46917],[-97.47971,30.46986],[-97.4762,30.46867],[-97.47522,30.46677],[-97.46721,30.46477],[-97.46377,30.45968],[-97.45951,30.45747],[-97.45351,30.46051],[-97.44549,30.46073],[-97.44469,30.45536],[-97.44145,30.45469],[-97.43899,30.45955],[-97.43365,30.4589],[-97.43353,30.45271],[-97.42746,30.45206],[-97.42254,30.44458],[-97.41548,30.43815],[-97.40885,30.43807],[-97.40638,30.44215],[-97.40438,30.44022],[-97.39556,30.43769],[-97.39305,30.43887],[-97.39157,30.43693],[-97.39263,30.43457],[-97.38766,30.43355],[-97.38717,30.43004],[-97.38439,30.42808],[-97.38342,30.42434],[-97.37953,30.42426],[-97.37737,30.41877],[-97.37308,30.41738],[-97.36952,30.41958],[-97.49243,30.20997],[-97.64906,30.06778],[-97.65333,30.07139],[-97.70872,30.02328],[-98.17306,30.35622],[-98.09772,30.46764],[-98.09779,30.49807],[-98.10748,30.49428],[-98.11373,30.48559],[-98.12282,30.48506],[-98.12343,30.48649],[-98.0499,30.62391],[-98.03951,30.6183],[-98.03645,30.61158],[-98.02963,30.61456],[-98.01256,30.61727],[-98.00629,30.62747],[-97.99787,30.61273],[-97.99216,30.6093],[-97.97782,30.62199],[-97.96641,30.62363],[-97.95692,30.62796],[-97.93481,30.61011],[-97.92975,30.60862]]]]},"properties":{"fips":"48453","name":"Travis","n":0,"mw":0.0,"first":null,"last":null,"hh":null,"projects":0}},{"type":"Feature","id":48199,"geometry":{"type":"MultiPolygon","coordinates":[[[[-94.07183,30.52609],[-94.07403,30.52447],[-94.07098,30.52147],[-94.07785,30.51462],[-94.07852,30.5106],[-94.0834,30.51083],[-94.08246,30.50846],[-94.08419,30.50543],[-94.08013,30.50362],[-94.07941,30.50021],[-94.07954,30.49449],[-94.0826,30.4921],[-94.07878,30.48989],[-94.08137,30.48818],[-94.08541,30.48978],[-94.09365,30.47765],[-94.09301,30.47409],[-94.09794,30.47388],[-94.09683,30.47008],[-94.10062,30.47021],[-94.10348,30.46801],[-94.10002,30.46725],[-94.09853,30.46508],[-94.09509,30.4667],[-94.09428,30.46564],[-94.09656,30.46119],[-94.10022,30.46319],[-94.09799,30.45842],[-94.10086,30.45787],[-94.10152,30.4555],[-94.10462,30.45348],[-94.10388,30.4507],[-94.10735,30.45016],[-94.10674,30.43732],[-94.11003,30.4369],[-94.11376,30.43366],[-94.11669,30.43424],[-94.11431,30.42886],[-94.11936,30.42665],[-94.11837,30.42493],[-94.11425,30.42392],[-94.11345,30.41917],[-94.11732,30.41609],[-94.11253,30.41542],[-94.11814,30.4147],[-94.11646,30.41126],[-94.1202,30.41084],[-94.11598,30.4092],[-94.11869,30.40716],[-94.11772,30.40553],[-94.11553,30.40475],[-94.11485,30.40733],[-94.11315,30.40631],[-94.11309,30.40281],[-94.11663,30.40195],[-94.11683,30.39764],[-94.11286,30.39726],[-94.11377,30.39485],[-94.11081,30.39598],[-94.10928,30.39402],[-94.10327,30.3936],[-94.10428,30.3898],[-94.10641,30.3896],[-94.10565,30.38689],[-94.10823,30.38756],[-94.10475,30.38439],[-94.10316,30.38582],[-94.10177,30.38421],[-94.10272,30.37948],[-94.1005,30.37683],[-94.10252,30.37613],[-94.10027,30.37357],[-94.102,30.37139],[-94.09886,30.3693],[-94.10172,30.37011],[-94.10264,30.36846],[-94.10014,30.36796],[-94.1013,30.36566],[-94.09959,30.36437],[-94.09949,30.36171],[-94.09557,30.35951],[-94.09364,30.36109],[-94.09383,30.35678],[-94.08946,30.35267],[-94.09082,30.35064],[-94.0853,30.34896],[-94.08437,30.34984],[-94.08679,30.35243],[-94.08466,30.35319],[-94.08279,30.34476],[-94.0841,30.34118],[-94.08935,30.33771],[-94.09621,30.33917],[-94.09702,30.33194],[-94.10288,30.32546],[-94.10211,30.32422],[-94.09888,30.32473],[-94.09815,30.32282],[-94.10101,30.32106],[-94.10596,30.32246],[-94.10465,30.31978],[-94.0998,30.31861],[-94.10154,30.31363],[-94.1047,30.31384],[-94.10414,30.31246],[-94.10181,30.31296],[-94.10169,30.31039],[-94.10483,30.31256],[-94.10688,30.31],[-94.10392,30.30813],[-94.114,30.3054],[-94.11425,30.30264],[-94.11788,30.29968],[-94.11716,30.29222],[-94.11408,30.28632],[-94.11563,30.28556],[-94.11971,30.28808],[-94.12041,30.28359],[-94.11771,30.28163],[-94.12073,30.28057],[-94.11905,30.27926],[-94.11987,30.27762],[-94.1182,30.27738],[-94.11748,30.27956],[-94.11164,30.2728],[-94.11248,30.27064],[-94.11078,30.26787],[-94.11213,30.26647],[-94.10983,30.26487],[-94.11298,30.26484],[-94.11392,30.26321],[-94.10757,30.26126],[-94.10703,30.26417],[-94.10398,30.26417],[-94.10417,30.26622],[-94.09627,30.25848],[-94.09782,30.25582],[-94.1015,30.25626],[-94.10656,30.25392],[-94.11074,30.24699],[-94.11835,30.24396],[-94.11623,30.23926],[-94.11776,30.23354],[-94.11543,30.22143],[-94.11756,30.21641],[-94.11291,30.21628],[-94.10643,30.21119],[-94.10238,30.21106],[-94.0913,30.19839],[-94.0945,30.19674],[-94.09641,30.1993],[-94.09807,30.1989],[-94.09961,30.19263],[-94.09779,30.18882],[-94.10091,30.18871],[-94.1064,30.19346],[-94.1077,30.19212],[-94.10525,30.18975],[-94.1057,30.1877],[-94.11055,30.18814],[-94.11232,30.17603],[-94.11502,30.17341],[-94.10976,30.16642],[-94.11372,30.16377],[-94.11514,30.15996],[-94.11753,30.16424],[-94.12186,30.16664],[-94.1245,30.16643],[-94.12735,30.16376],[-94.12849,30.16596],[-94.13083,30.16506],[-94.13407,30.16909],[-94.13361,30.16688],[-94.13839,30.16892],[-94.14009,30.16529],[-94.14087,30.16874],[-94.14771,30.16647],[-94.14834,30.1686],[-94.14529,30.17012],[-94.15024,30.16989],[-94.15142,30.17279],[-94.15365,30.17052],[-94.15632,30.1703],[-94.16899,30.17343],[-94.16541,30.17613],[-94.17261,30.17851],[-94.17247,30.18497],[-94.17475,30.18762],[-94.18008,30.18739],[-94.17783,30.18537],[-94.17793,30.18343],[-94.18299,30.18407],[-94.18504,30.18016],[-94.18758,30.179],[-94.18929,30.18019],[-94.18887,30.18391],[-94.19439,30.1889],[-94.1962,30.18808],[-94.1959,30.18571],[-94.19897,30.18447],[-94.20066,30.18758],[-94.20421,30.18879],[-94.2103,30.18719],[-94.20761,30.18416],[-94.20929,30.1846],[-94.21016,30.18212],[-94.21165,30.18305],[-94.21128,30.1803],[-94.21295,30.1822],[-94.21844,30.18002],[-94.21731,30.17845],[-94.21814,30.17615],[-94.21929,30.17569],[-94.219,30.1774],[-94.22048,30.17666],[-94.21805,30.17324],[-94.21934,30.17343],[-94.22092,30.1706],[-94.22355,30.17375],[-94.23123,30.17252],[-94.23205,30.17143],[-94.2297,30.17062],[-94.23125,30.17052],[-94.23079,30.1691],[-94.23472,30.16975],[-94.23481,30.16607],[-94.23713,30.1647],[-94.23795,30.16635],[-94.24099,30.16553],[-94.24476,30.16907],[-94.24846,30.16656],[-94.24949,30.16827],[-94.25303,30.16809],[-94.25393,30.16916],[-94.25216,30.1704],[-94.25496,30.17071],[-94.25463,30.17259],[-94.25816,30.17148],[-94.2605,30.16734],[-94.26394,30.16862],[-94.26621,30.16752],[-94.26547,30.16926],[-94.26777,30.16807],[-94.2709,30.17096],[-94.27565,30.17007],[-94.27888,30.16286],[-94.27783,30.1608],[-94.27936,30.16025],[-94.27822,30.15839],[-94.27987,30.15127],[-94.2764,30.14667],[-94.27807,30.14594],[-94.27739,30.14374],[-94.27921,30.14343],[-94.27654,30.14013],[-94.27924,30.13869],[-94.27915,30.13175],[-94.28149,30.13264],[-94.28244,30.12975],[-94.28773,30.12867],[-94.28895,30.12333],[-94.29151,30.12372],[-94.29101,30.121],[-94.29283,30.11738],[-94.29904,30.11627],[-94.30098,30.11391],[-94.30534,30.11688],[-94.30891,30.11711],[-94.30897,30.11539],[-94.31059,30.11502],[-94.31552,30.11759],[-94.31782,30.11648],[-94.3176,30.11428],[-94.32313,30.11414],[-94.32608,30.11127],[-94.32837,30.1145],[-94.33023,30.11468],[-94.33167,30.11358],[-94.33021,30.1123],[-94.33248,30.11205],[-94.33316,30.10821],[-94.33702,30.1094],[-94.33542,30.10637],[-94.33763,30.10713],[-94.33821,30.10427],[-94.34247,30.10637],[-94.3416,30.10309],[-94.34482,30.10336],[-94.34426,30.10479],[-94.34596,30.10567],[-94.35063,30.10358],[-94.34901,30.10635],[-94.35054,30.10892],[-94.35493,30.10634],[-94.355,30.10408],[-94.35908,30.10332],[-94.35819,30.1053],[-94.35947,30.10567],[-94.36077,30.10275],[-94.36354,30.10284],[-94.3646,30.10132],[-94.36673,30.10285],[-94.36645,30.10486],[-94.37032,30.10684],[-94.37318,30.10606],[-94.37253,30.10736],[-94.37581,30.10925],[-94.37753,30.10781],[-94.38146,30.10823],[-94.38085,30.10718],[-94.38298,30.10564],[-94.38757,30.10629],[-94.38847,30.1039],[-94.39198,30.10576],[-94.39221,30.10224],[-94.39539,30.10233],[-94.39951,30.09727],[-94.40567,30.09964],[-94.41235,30.09824],[-94.41253,30.09968],[-94.41841,30.10012],[-94.41675,30.1009],[-94.41957,30.10202],[-94.41935,30.10423],[-94.42429,30.10552],[-94.42704,30.10436],[-94.4297,30.10639],[-94.42935,30.10811],[-94.43369,30.11066],[-94.43115,30.1135],[-94.43918,30.11593],[-94.44268,30.11256],[-94.444,30.11398],[-94.44506,30.11274],[-94.49192,30.11198],[-94.5963,30.11217],[-94.73267,30.49011],[-94.53782,30.49125],[-94.54544,30.52692],[-94.07183,30.52609]]]]},"properties":{"fips":"48199","name":"Hardin","n":0,"mw":0.0,"first":null,"last":null,"hh":null,"projects":0}},{"type":"Feature","id":48443,"geometry":{"type":"MultiPolygon","coordinates":[[[[-101.75835,30.28904],[-101.76071,29.78181],[-101.77337,29.78837],[-101.77956,29.78961],[-101.78583,29.78795],[-101.78604,29.78285],[-101.78907,29.77934],[-101.79627,29.77881],[-101.80771,29.78145],[-101.81282,29.78663],[-101.81377,29.7937],[-101.80693,29.79907],[-101.80388,29.80354],[-101.81249,29.80978],[-101.81806,29.81157],[-101.82292,29.81006],[-101.82565,29.80682],[-101.82416,29.80056],[-101.81879,29.79182],[-101.82018,29.78901],[-101.82379,29.7874],[-101.83697,29.79298],[-101.84615,29.80187],[-101.84888,29.8067],[-101.85277,29.80781],[-101.86674,29.79795],[-101.87574,29.79383],[-101.89294,29.79783],[-101.91159,29.79808],[-101.91547,29.79553],[-101.92345,29.78505],[-101.92958,29.78249],[-101.93384,29.786],[-101.93241,29.79219],[-101.9359,29.79982],[-101.94573,29.80174],[-101.95449,29.79566],[-101.95724,29.79589],[-101.96328,29.79984],[-101.96534,29.80565],[-101.96476,29.80965],[-101.96673,29.81258],[-101.9761,29.81584],[-101.98194,29.81465],[-101.98307,29.80972],[-101.98178,29.80572],[-101.98413,29.7993],[-101.98702,29.79692],[-101.991,29.79759],[-101.99459,29.80492],[-101.99671,29.80609],[-102.01553,29.79747],[-102.0224,29.80268],[-102.02868,29.80193],[-102.03596,29.80414],[-102.04114,29.79958],[-102.03867,29.79186],[-102.04088,29.79001],[-102.047,29.78953],[-102.0505,29.78503],[-102.05509,29.78697],[-102.0739,29.7869],[-102.07725,29.79217],[-102.08443,29.79508],[-102.09402,29.79135],[-102.10155,29.79358],[-102.10868,29.79179],[-102.11206,29.79341],[-102.11595,29.79242],[-102.11819,29.79882],[-102.11713,29.80042],[-102.11955,29.80241],[-102.12325,29.8019],[-102.12877,29.79839],[-102.13544,29.80157],[-102.14231,29.80267],[-102.15007,29.81101],[-102.15998,29.81438],[-102.16144,29.8188],[-102.16712,29.82576],[-102.17975,29.82592],[-102.18141,29.83106],[-102.17852,29.83947],[-102.18177,29.84563],[-102.18643,29.84839],[-102.18907,29.84876],[-102.19129,29.84691],[-102.19384,29.83826],[-102.19642,29.83644],[-102.19982,29.83693],[-102.2093,29.8443],[-102.21481,29.84389],[-102.22345,29.8404],[-102.23098,29.84797],[-102.24475,29.84867],[-102.2432,29.85845],[-102.24673,29.86418],[-102.24998,29.86305],[-102.25288,29.85357],[-102.26159,29.85315],[-102.26439,29.85662],[-102.26192,29.86387],[-102.26497,29.86749],[-102.26892,29.86784],[-102.27713,29.8628],[-102.2811,29.86295],[-102.28718,29.87137],[-102.29578,29.87376],[-102.30051,29.87754],[-102.31229,29.87721],[-102.31549,29.8799],[-102.32089,29.87897],[-102.56695,30.0527],[-102.56692,30.28325],[-102.34307,30.28412],[-102.34294,30.59874],[-102.13839,30.59749],[-102.13789,30.65615],[-101.76826,30.65321],[-101.76424,30.65727],[-101.76313,30.65411],[-101.76182,30.65405],[-101.76111,30.65824],[-101.75553,30.65684],[-101.7532,30.65047],[-101.75093,30.64961],[-101.73636,30.65401],[-101.72285,30.64968],[-101.71415,30.65248],[-101.71164,30.65473],[-101.70705,30.64788],[-101.70281,30.64611],[-101.69872,30.64853],[-101.69304,30.64573],[-101.68915,30.63883],[-101.68172,30.63722],[-101.67615,30.63745],[-101.67367,30.63933],[-101.67037,30.63813],[-101.6693,30.63369],[-101.66647,30.6315],[-101.66643,30.62882],[-101.65437,30.62304],[-101.65236,30.62022],[-101.65811,30.61723],[-101.65824,30.61571],[-101.65576,30.61529],[-101.65994,30.61298],[-101.65793,30.61043],[-101.6587,30.60622],[-101.65634,30.60364],[-101.65824,30.5965],[-101.66271,30.59279],[-101.66343,30.58871],[-101.66076,30.58495],[-101.65668,30.5835],[-101.65502,30.57873],[-101.65633,30.57739],[-101.65217,30.57296],[-101.65159,30.56848],[-101.6486,30.56681],[-101.64853,30.56358],[-101.6464,30.56098],[-101.64652,30.55724],[-101.64855,30.55602],[-101.64664,30.55099],[-101.64924,30.54888],[-101.65217,30.54894],[-101.65711,30.53992],[-101.66217,30.53681],[-101.66221,30.53342],[-101.66746,30.53075],[-101.66804,30.52787],[-101.67338,30.52424],[-101.6774,30.52458],[-101.67982,30.52226],[-101.67988,30.51284],[-101.67683,30.50826],[-101.67535,30.50171],[-101.67789,30.49902],[-101.68183,30.49889],[-101.68236,30.4964],[-101.68907,30.49563],[-101.69176,30.49147],[-101.68979,30.48171],[-101.69089,30.47893],[-101.68658,30.47376],[-101.68935,30.47091],[-101.68894,30.46753],[-101.69565,30.46506],[-101.70001,30.45767],[-101.70236,30.45735],[-101.71053,30.4598],[-101.71488,30.46699],[-101.7185,30.46652],[-101.72237,30.47114],[-101.72781,30.47104],[-101.73169,30.46757],[-101.73046,30.46471],[-101.73141,30.4596],[-101.72883,30.45994],[-101.72462,30.45644],[-101.71891,30.45494],[-101.72137,30.44742],[-101.72002,30.44293],[-101.73244,30.43035],[-101.73725,30.42804],[-101.7408,30.42223],[-101.72953,30.40889],[-101.72613,30.40849],[-101.72359,30.40591],[-101.70997,30.40523],[-101.70077,30.40168],[-101.69572,30.3967],[-101.69451,30.39254],[-101.69537,30.38472],[-101.69874,30.38359],[-101.69758,30.38056],[-101.69121,30.37772],[-101.68395,30.36874],[-101.66604,30.36359],[-101.65853,30.35777],[-101.65772,30.34648],[-101.65913,30.34222],[-101.66992,30.33925],[-101.68149,30.34072],[-101.69084,30.34623],[-101.6943,30.34671],[-101.70157,30.34557],[-101.71229,30.33962],[-101.71583,30.33951],[-101.7326,30.32786],[-101.73738,30.32644],[-101.74102,30.32082],[-101.74093,30.31229],[-101.74461,30.30105],[-101.74787,30.29702],[-101.75273,30.29637],[-101.75835,30.28904]]]]},"properties":{"fips":"48443","name":"Terrell","n":0,"mw":0.0,"first":null,"last":null,"hh":null,"projects":0}},{"type":"Feature","id":48339,"geometry":{"type":"MultiPolygon","coordinates":[[[[-95.82953,30.63003],[-95.59881,30.50891],[-95.36212,30.50887],[-95.35333,30.49509],[-95.35339,30.48759],[-95.35007,30.47941],[-95.35037,30.47538],[-95.34146,30.46465],[-95.33703,30.45097],[-95.33031,30.44332],[-95.33078,30.43575],[-95.32955,30.43323],[-95.31711,30.4197],[-95.31405,30.41241],[-95.3109,30.41054],[-95.30832,30.40567],[-95.28839,30.39544],[-95.27725,30.39372],[-95.26397,30.38431],[-95.25403,30.38271],[-95.25023,30.38358],[-95.23632,30.37935],[-95.23342,30.37273],[-95.22795,30.3675],[-95.22707,30.36377],[-95.21948,30.36068],[-95.21735,30.35539],[-95.21287,30.35319],[-95.21104,30.35458],[-95.20384,30.35212],[-95.20306,30.34799],[-95.20761,30.34601],[-95.2116,30.33839],[-95.21797,30.33786],[-95.22135,30.33526],[-95.22196,30.33233],[-95.22762,30.32607],[-95.22556,30.32301],[-95.22653,30.31973],[-95.16573,30.34472],[-95.09664,30.16736],[-95.26331,30.03222],[-95.2722,30.03272],[-95.28284,30.0306],[-95.29095,30.02638],[-95.29796,30.03207],[-95.3022,30.03293],[-95.30493,30.02932],[-95.3116,30.03329],[-95.31272,30.03832],[-95.30895,30.04504],[-95.31187,30.04705],[-95.31532,30.05338],[-95.31681,30.05438],[-95.32192,30.05281],[-95.32334,30.0561],[-95.3277,30.05869],[-95.32865,30.06226],[-95.33252,30.06357],[-95.33676,30.06281],[-95.33779,30.06623],[-95.34304,30.06792],[-95.3448,30.07209],[-95.34974,30.07343],[-95.34988,30.07647],[-95.35335,30.07599],[-95.35643,30.07761],[-95.35981,30.07652],[-95.36197,30.07875],[-95.36528,30.07654],[-95.36708,30.07812],[-95.37085,30.07817],[-95.37377,30.08],[-95.37424,30.0862],[-95.37965,30.08763],[-95.38472,30.08793],[-95.38565,30.08515],[-95.39009,30.08493],[-95.39171,30.08275],[-95.39808,30.0856],[-95.40197,30.09165],[-95.40992,30.09263],[-95.41277,30.09574],[-95.41077,30.09928],[-95.41821,30.10421],[-95.41894,30.1053],[-95.4169,30.10619],[-95.42262,30.11017],[-95.42437,30.11565],[-95.43519,30.113],[-95.43703,30.10998],[-95.43931,30.11029],[-95.43992,30.10885],[-95.44316,30.1086],[-95.44445,30.10996],[-95.45027,30.10903],[-95.4545,30.10444],[-95.46178,30.10558],[-95.46753,30.10351],[-95.47235,30.1051],[-95.47475,30.10318],[-95.47937,30.10477],[-95.47969,30.10642],[-95.48826,30.10805],[-95.49122,30.10992],[-95.49177,30.11507],[-95.49786,30.12358],[-95.49578,30.13184],[-95.49983,30.14341],[-95.50679,30.14559],[-95.51716,30.15405],[-95.51899,30.15232],[-95.52325,30.15723],[-95.5227,30.15868],[-95.52408,30.15861],[-95.52316,30.15942],[-95.52481,30.16294],[-95.52638,30.16223],[-95.52582,30.16313],[-95.52975,30.16545],[-95.53126,30.16431],[-95.53461,30.16813],[-95.53876,30.16833],[-95.54186,30.17052],[-95.54617,30.16856],[-95.54553,30.16943],[-95.54768,30.16906],[-95.54997,30.17087],[-95.55237,30.17036],[-95.55847,30.16526],[-95.55925,30.16314],[-95.55676,30.16081],[-95.56033,30.15842],[-95.56288,30.16042],[-95.56802,30.15912],[-95.57047,30.15595],[-95.57063,30.15258],[-95.58048,30.14985],[-95.58422,30.14664],[-95.58821,30.13784],[-95.59069,30.13602],[-95.60102,30.1327],[-95.61038,30.13531],[-95.62279,30.13608],[-95.62535,30.12992],[-95.62369,30.12697],[-95.6293,30.12785],[-95.63475,30.12553],[-95.63675,30.12639],[-95.63912,30.1223],[-95.64703,30.11876],[-95.65218,30.11409],[-95.65463,30.11085],[-95.65397,30.10927],[-95.6582,30.11071],[-95.65847,30.11275],[-95.66117,30.1119],[-95.66188,30.1086],[-95.66733,30.10565],[-95.6677,30.10217],[-95.66959,30.10124],[-95.68397,30.10733],[-95.68812,30.10374],[-95.68679,30.10328],[-95.68699,30.10125],[-95.69105,30.09878],[-95.70123,30.09836],[-95.70694,30.10274],[-95.7147,30.10217],[-95.71751,30.09892],[-95.72278,30.09975],[-95.72876,30.09508],[-95.73421,30.0935],[-95.7422,30.0965],[-95.74396,30.09496],[-95.7495,30.09551],[-95.75982,30.08995],[-95.76106,30.08635],[-95.76514,30.08851],[-95.7711,30.08749],[-95.7745,30.09113],[-95.78022,30.09012],[-95.78906,30.09457],[-95.78885,30.09203],[-95.80336,30.0901],[-95.80441,30.33939],[-95.82953,30.63003]]]]},"properties":{"fips":"48339","name":"Montgomery","n":0,"mw":0.0,"first":null,"last":null,"hh":null,"projects":0}},{"type":"Feature","id":48435,"geometry":{"type":"MultiPolygon","coordinates":[[[[-100.11654,30.29033],[-100.50035,30.28797],[-100.96066,30.28764],[-100.96057,30.706],[-100.69025,30.7048],[-100.11624,30.71043],[-100.11654,30.29033]]]]},"properties":{"fips":"48435","name":"Sutton","n":0,"mw":0.0,"first":null,"last":null,"hh":null,"projects":0}},{"type":"Feature","id":48267,"geometry":{"type":"MultiPolygon","coordinates":[[[[-99.30424,30.4982],[-99.30174,30.28669],[-99.75339,30.29066],[-100.11654,30.29033],[-100.11624,30.71043],[-99.48392,30.7109],[-99.48462,30.49813],[-99.30424,30.4982]]]]},"properties":{"fips":"48267","name":"Kimble","n":0,"mw":0.0,"first":null,"last":null,"hh":null,"projects":0}},{"type":"Feature","id":48043,"geometry":{"type":"MultiPolygon","coordinates":[[[[-102.32448,29.87073],[-102.32271,29.86523],[-102.32584,29.86279],[-102.33206,29.86285],[-102.33361,29.86819],[-102.34166,29.86903],[-102.34294,29.8655],[-102.34991,29.8622],[-102.35204,29.85304],[-102.36077,29.84956],[-102.36465,29.84527],[-102.36295,29.83177],[-102.36932,29.82096],[-102.37316,29.80807],[-102.37744,29.80045],[-102.37733,29.78987],[-102.38994,29.78198],[-102.38654,29.77738],[-102.385,29.77183],[-102.38718,29.76139],[-102.3899,29.76204],[-102.39507,29.76924],[-102.39884,29.76956],[-102.40457,29.7652],[-102.40925,29.76452],[-102.41214,29.76809],[-102.42163,29.76928],[-102.43409,29.77675],[-102.43895,29.77323],[-102.44821,29.77745],[-102.45804,29.77467],[-102.46206,29.78098],[-102.46552,29.78337],[-102.4689,29.78168],[-102.47206,29.77633],[-102.48065,29.77607],[-102.48213,29.77752],[-102.48199,29.78319],[-102.48691,29.7866],[-102.49891,29.78102],[-102.51731,29.78373],[-102.51928,29.78068],[-102.51836,29.77857],[-102.51047,29.77308],[-102.51346,29.76547],[-102.52175,29.76008],[-102.53369,29.75513],[-102.54144,29.74781],[-102.54833,29.74473],[-102.55487,29.74871],[-102.55495,29.75504],[-102.56296,29.76767],[-102.56816,29.77141],[-102.57404,29.76709],[-102.57201,29.75707],[-102.57375,29.75478],[-102.57923,29.7551],[-102.5894,29.74922],[-102.5984,29.75149],[-102.6072,29.74834],[-102.61279,29.74825],[-102.62281,29.73648],[-102.63053,29.73409],[-102.64555,29.73383],[-102.66327,29.73624],[-102.66732,29.73935],[-102.66817,29.7458],[-102.67512,29.74399],[-102.68166,29.72824],[-102.68564,29.72645],[-102.68816,29.72241],[-102.69111,29.72193],[-102.68926,29.70514],[-102.69726,29.69819],[-102.69926,29.69123],[-102.69953,29.68531],[-102.69348,29.67714],[-102.69646,29.67139],[-102.70154,29.67232],[-102.70428,29.67121],[-102.70889,29.66663],[-102.71229,29.65892],[-102.71901,29.65346],[-102.7254,29.65111],[-102.72422,29.64828],[-102.72576,29.64348],[-102.72977,29.6408],[-102.73711,29.64164],[-102.74196,29.63297],[-102.74208,29.63008],[-102.73857,29.62365],[-102.7388,29.60776],[-102.74167,29.60294],[-102.74039,29.59816],[-102.74553,29.59285],[-102.76014,29.59849],[-102.76473,29.5978],[-102.76825,29.59515],[-102.76218,29.57991],[-102.76612,29.57236],[-102.77373,29.57331],[-102.77364,29.56696],[-102.77763,29.5609],[-102.77732,29.55448],[-102.7715,29.54858],[-102.77641,29.54719],[-102.77913,29.54353],[-102.78289,29.54202],[-102.79048,29.54365],[-102.7931,29.54041],[-102.79228,29.53315],[-102.79879,29.52668],[-102.80877,29.52211],[-102.80683,29.5158],[-102.80746,29.50401],[-102.80452,29.50133],[-102.80727,29.49407],[-102.80076,29.4863],[-102.80455,29.48374],[-102.81408,29.48269],[-102.81562,29.47564],[-102.81424,29.47153],[-102.82175,29.46474],[-102.82574,29.45774],[-102.82398,29.45207],[-102.81932,29.4507],[-102.83103,29.4442],[-102.83175,29.43667],[-102.82939,29.43257],[-102.82982,29.42748],[-102.82708,29.41745],[-102.8334,29.4098],[-102.82677,29.40757],[-102.82581,29.40251],[-102.81961,29.40371],[-102.81372,29.40231],[-102.81243,29.4005],[-102.81591,29.39707],[-102.82013,29.39841],[-102.82553,29.39692],[-102.83279,29.3885],[-102.83416,29.37895],[-102.84462,29.37513],[-102.84544,29.36516],[-102.84058,29.36169],[-102.83991,29.3591],[-102.86111,29.35187],[-102.87171,29.35209],[-102.87808,29.35412],[-102.88423,29.34806],[-102.87991,29.33886],[-102.88486,29.32522],[-102.88444,29.32106],[-102.88804,29.31584],[-102.88737,29.31185],[-102.89319,29.30802],[-102.89015,29.30249],[-102.88818,29.29337],[-102.89086,29.28768],[-102.89648,29.28499],[-102.8987,29.28077],[-102.90253,29.27998],[-102.90311,29.27602],[-102.8994,29.26911],[-102.90211,29.26508],[-102.90585,29.26309],[-102.90632,29.259],[-102.90312,29.25432],[-102.89642,29.25393],[-102.88793,29.24585],[-102.88093,29.24615],[-102.87174,29.2416],[-102.87149,29.23191],[-102.8667,29.22735],[-102.86747,29.22404],[-102.87743,29.2168],[-102.87853,29.21385],[-102.89488,29.20845],[-102.89915,29.20921],[-102.90851,29.21955],[-102.91292,29.21902],[-102.91622,29.21489],[-102.91289,29.20632],[-102.91448,29.2002],[-102.91847,29.19887],[-102.91785,29.1914],[-102.93249,29.19455],[-102.93812,29.18901],[-102.94439,29.18941],[-102.94747,29.18142],[-102.9509,29.17834],[-102.95087,29.17397],[-102.95712,29.1788],[-102.96542,29.18088],[-102.97646,29.18642],[-102.98618,29.18314],[-102.99002,29.18338],[-102.99638,29.17868],[-102.99821,29.17374],[-102.99618,29.16073],[-103.00286,29.14957],[-103.00848,29.14815],[-103.00913,29.13886],[-103.01054,29.13719],[-103.01435,29.13674],[-103.01337,29.13242],[-103.0165,29.12487],[-103.02232,29.12267],[-103.02938,29.11562],[-103.0369,29.11383],[-103.03239,29.10467],[-103.03348,29.10175],[-103.03809,29.09785],[-103.04554,29.09549],[-103.0545,29.10082],[-103.06446,29.09153],[-103.06957,29.09363],[-103.07604,29.09214],[-103.07995,29.08732],[-103.07665,29.07975],[-103.07706,29.07578],[-103.0874,29.06722],[-103.08544,29.05933],[-103.08583,29.05399],[-103.08989,29.05335],[-103.09102,29.05451],[-103.09238,29.06467],[-103.09552,29.0647],[-103.09714,29.06087],[-103.10065,29.06068],[-103.10048,29.05139],[-103.10518,29.04424],[-103.10652,29.03853],[-103.10441,29.03351],[-103.09836,29.02775],[-103.09844,29.02547],[-103.10208,29.01761],[-103.10863,29.01313],[-103.11732,29.0003],[-103.11414,28.98896],[-103.11648,28.98454],[-103.12348,28.98438],[-103.12639,28.98227],[-103.13495,28.98364],[-103.1425,28.97851],[-103.15061,28.97548],[-103.15294,28.97272],[-103.16397,28.97281],[-103.16588,28.97429],[-103.16645,28.97901],[-103.17444,28.98078],[-103.17847,28.9777],[-103.18315,28.98279],[-103.2012,28.98703],[-103.21495,28.98769],[-103.22029,28.98364],[-103.22763,28.99156],[-103.2387,28.98192],[-103.25147,28.98063],[-103.25275,28.98623],[-103.268,28.99609],[-103.27143,28.98509],[-103.27899,28.9778],[-103.28339,28.97681],[-103.28646,28.98048],[-103.28567,28.98244],[-103.28246,28.98344],[-103.28182,28.98963],[-103.28729,29.00154],[-103.29724,29.00669],[-103.30888,29.00358],[-103.3139,29.00704],[-103.31615,29.01071],[-103.30852,29.01821],[-103.3068,29.02277],[-103.30806,29.02465],[-103.3145,29.02589],[-103.32355,29.01754],[-103.32872,29.01616],[-103.3349,29.01732],[-103.3389,29.02052],[-103.34192,29.02766],[-103.33426,29.02796],[-103.32715,29.03363],[-103.32749,29.03963],[-103.33092,29.04321],[-103.34083,29.04406],[-103.34577,29.04637],[-103.34836,29.04281],[-103.34794,29.03894],[-103.35103,29.02803],[-103.35586,29.0209],[-103.35944,29.01878],[-103.37435,29.02349],[-103.38352,29.02424],[-103.38611,29.02225],[-103.3876,29.02382],[-103.38777,29.03159],[-103.39091,29.03468],[-103.40075,29.03112],[-103.40311,29.03246],[-103.40446,29.03932],[-103.41553,29.03797],[-103.41735,29.03967],[-103.41704,29.0423],[-103.41913,29.04341],[-103.42834,29.04209],[-103.43335,29.04384],[-103.43354,29.04528],[-103.42989,29.04819],[-103.43004,29.05008],[-103.43473,29.05525],[-103.43439,29.05733],[-103.44339,29.05974],[-103.44968,29.06512],[-103.45,29.07265],[-103.46092,29.07261],[-103.46081,29.06841],[-103.46371,29.06575],[-103.47145,29.06651],[-103.47373,29.07018],[-103.47048,29.07771],[-103.47026,29.08498],[-103.47564,29.08745],[-103.47849,29.09176],[-103.48438,29.09449],[-103.49503,29.1091],[-103.50044,29.10793],[-103.50055,29.10583],[-103.5056,29.10874],[-103.50592,29.11125],[-103.50078,29.11466],[-103.503,29.11911],[-103.50911,29.1183],[-103.51616,29.12123],[-103.52483,29.12137],[-103.52348,29.12712],[-103.52468,29.13689],[-103.5388,29.14489],[-103.54765,29.1431],[-103.55047,29.1441],[-103.55265,29.14832],[-103.5504,29.15527],[-103.55412,29.15864],[-103.56046,29.15479],[-103.57393,29.15355],[-103.57918,29.15019],[-103.58642,29.14971],[-103.59405,29.15066],[-103.61082,29.16528],[-103.62783,29.16323],[-103.63364,29.15854],[-103.64026,29.1613],[-103.65074,29.15646],[-103.652,29.15791],[-103.65079,29.161],[-103.6579,29.16987],[-103.66476,29.17088],[-103.66913,29.17354],[-103.67779,29.17383],[-103.68897,29.17843],[-103.69901,29.17769],[-103.70496,29.18488],[-103.71169,29.18475],[-103.71591,29.18096],[-103.71874,29.181],[-103.72507,29.19193],[-103.72885,29.19298],[-103.72965,29.19703],[-103.73773,29.20254],[-103.74236,29.20909],[-103.74304,29.21539],[-103.74083,29.21879],[-103.7422,29.22164],[-103.75069,29.21943],[-103.75727,29.22072],[-103.75739,29.22321],[-103.75478,29.22488],[-103.75441,29.22696],[-103.75876,29.23312],[-103.76294,29.23251],[-103.76797,29.22792],[-103.76781,29.22438],[-103.77176,29.21924],[-103.77682,29.22027],[-103.77778,29.2235],[-103.78174,29.22741],[-103.78148,29.24182],[-103.78062,29.24353],[-103.77606,29.24337],[-103.77556,29.249],[-103.77917,29.2537],[-103.77873,29.2562],[-103.78332,29.26513],[-103.7889,29.26518],[-103.79268,29.26241],[-103.79288,29.49999],[-103.79751,29.8752],[-103.79841,30.29397],[-103.80077,30.41247],[-103.43998,30.66581],[-102.90402,30.29111],[-102.32089,29.87897],[-102.32475,29.87288],[-102.32448,29.87073]]]]},"properties":{"fips":"48043","name":"Brewster","n":0,"mw":0.0,"first":null,"last":null,"hh":null,"projects":0}},{"type":"Feature","id":48377,"geometry":{"type":"MultiPolygon","coordinates":[[[[-104.89821,30.613],[-103.90093,30.41218],[-103.80077,30.41247],[-103.79841,30.29397],[-103.79751,29.8752],[-103.79288,29.49999],[-103.79268,29.26241],[-103.79622,29.25927],[-103.79996,29.25838],[-103.80631,29.26086],[-103.80672,29.26393],[-103.80924,29.26595],[-103.80758,29.27006],[-103.80959,29.27279],[-103.8136,29.27395],[-103.82599,29.26916],[-103.83589,29.27309],[-103.83774,29.27827],[-103.85675,29.28198],[-103.86317,29.27931],[-103.86577,29.28212],[-103.8693,29.28059],[-103.87337,29.28335],[-103.88077,29.28498],[-103.88469,29.28438],[-103.88554,29.28129],[-103.88929,29.27873],[-103.89941,29.28742],[-103.91072,29.28422],[-103.91779,29.28438],[-103.91843,29.28987],[-103.92469,29.29399],[-103.93803,29.29292],[-103.94961,29.29544],[-103.95223,29.29755],[-103.95458,29.29663],[-103.9677,29.29989],[-103.97022,29.2968],[-103.97561,29.29622],[-103.99217,29.30393],[-104.00069,29.30536],[-104.01605,29.31207],[-104.01984,29.31198],[-104.0377,29.31976],[-104.05535,29.33053],[-104.05677,29.33744],[-104.0668,29.34098],[-104.07263,29.3462],[-104.07851,29.34484],[-104.08254,29.34627],[-104.09133,29.3538],[-104.09004,29.35919],[-104.09799,29.36168],[-104.09817,29.36647],[-104.1064,29.37308],[-104.11156,29.37389],[-104.1197,29.37094],[-104.1214,29.37195],[-104.12169,29.37733],[-104.12388,29.38105],[-104.12987,29.37978],[-104.13579,29.38478],[-104.13833,29.38159],[-104.14204,29.38135],[-104.14484,29.38812],[-104.15082,29.38727],[-104.15408,29.39372],[-104.16163,29.39158],[-104.16707,29.39483],[-104.16881,29.39757],[-104.16623,29.39974],[-104.1675,29.40301],[-104.17422,29.41024],[-104.17832,29.41119],[-104.18022,29.41347],[-104.18136,29.42642],[-104.19383,29.43543],[-104.19606,29.44284],[-104.20568,29.44608],[-104.21796,29.45683],[-104.21334,29.46215],[-104.21104,29.47661],[-104.20895,29.48066],[-104.2131,29.48532],[-104.21577,29.48553],[-104.23062,29.47883],[-104.23348,29.48489],[-104.23372,29.49328],[-104.23762,29.49763],[-104.24133,29.49766],[-104.25372,29.50639],[-104.26097,29.50676],[-104.26225,29.50956],[-104.26128,29.51149],[-104.26418,29.51408],[-104.29231,29.51959],[-104.2934,29.52258],[-104.29718,29.52406],[-104.31168,29.52336],[-104.31168,29.52926],[-104.31523,29.53205],[-104.3183,29.5319],[-104.32147,29.52841],[-104.32077,29.5258],[-104.32275,29.52192],[-104.32772,29.52316],[-104.33408,29.51968],[-104.33809,29.51996],[-104.37074,29.54282],[-104.38131,29.5436],[-104.39449,29.55576],[-104.39443,29.56104],[-104.40009,29.5727],[-104.45224,29.60357],[-104.45691,29.60888],[-104.46402,29.6102],[-104.46678,29.60926],[-104.46762,29.61313],[-104.4656,29.61525],[-104.4658,29.61835],[-104.47351,29.61793],[-104.47654,29.62839],[-104.48541,29.62832],[-104.48748,29.63072],[-104.48741,29.63366],[-104.49487,29.63385],[-104.49684,29.63575],[-104.49641,29.63904],[-104.49802,29.6395],[-104.50709,29.63681],[-104.50614,29.63364],[-104.50798,29.6325],[-104.51575,29.64038],[-104.51003,29.64435],[-104.51248,29.64661],[-104.51792,29.64766],[-104.51671,29.65251],[-104.5249,29.65936],[-104.52579,29.66785],[-104.52847,29.66759],[-104.52873,29.6698],[-104.53121,29.67077],[-104.53337,29.66899],[-104.53296,29.66664],[-104.53568,29.66668],[-104.5363,29.67484],[-104.54431,29.68117],[-104.54143,29.68454],[-104.53366,29.68616],[-104.53038,29.69057],[-104.54265,29.6956],[-104.54559,29.69867],[-104.54348,29.70433],[-104.54621,29.70914],[-104.54402,29.71114],[-104.54756,29.71433],[-104.545,29.716],[-104.5473,29.71752],[-104.55002,29.7161],[-104.5523,29.71732],[-104.5492,29.72048],[-104.55268,29.72369],[-104.54902,29.72761],[-104.54954,29.7304],[-104.55559,29.73127],[-104.55626,29.73528],[-104.56043,29.73543],[-104.55908,29.7378],[-104.55033,29.73857],[-104.54968,29.74102],[-104.55169,29.74077],[-104.55347,29.74277],[-104.55553,29.74204],[-104.55736,29.74542],[-104.57006,29.75279],[-104.56959,29.75701],[-104.5672,29.75681],[-104.5658,29.75909],[-104.56672,29.76005],[-104.564,29.76124],[-104.56594,29.76175],[-104.56626,29.76516],[-104.56847,29.76602],[-104.56568,29.76911],[-104.56595,29.77116],[-104.57084,29.77848],[-104.57896,29.78282],[-104.57824,29.78766],[-104.58236,29.79228],[-104.58167,29.79493],[-104.58987,29.79603],[-104.59091,29.79886],[-104.58738,29.80003],[-104.58606,29.80215],[-104.5911,29.80922],[-104.59249,29.81037],[-104.59401,29.80922],[-104.59393,29.80807],[-104.59181,29.80837],[-104.59213,29.8066],[-104.59519,29.80544],[-104.60111,29.81592],[-104.6035,29.81713],[-104.60503,29.81589],[-104.60747,29.8193],[-104.61029,29.81938],[-104.60882,29.82803],[-104.61289,29.82732],[-104.61483,29.82968],[-104.61988,29.8305],[-104.62031,29.83293],[-104.61268,29.83464],[-104.60966,29.83974],[-104.6156,29.84641],[-104.61931,29.84428],[-104.61959,29.8419],[-104.62165,29.84365],[-104.62182,29.84185],[-104.62482,29.84285],[-104.62168,29.847],[-104.62193,29.84972],[-104.62969,29.85257],[-104.63023,29.86317],[-104.63353,29.87083],[-104.63782,29.87417],[-104.64108,29.8738],[-104.64633,29.8788],[-104.64661,29.88404],[-104.65269,29.8888],[-104.65065,29.8912],[-104.6517,29.89238],[-104.65602,29.88918],[-104.65846,29.89101],[-104.65906,29.90138],[-104.65528,29.90281],[-104.65527,29.90559],[-104.66242,29.90541],[-104.6619,29.90212],[-104.66516,29.90129],[-104.66635,29.90293],[-104.66559,29.90884],[-104.66875,29.91134],[-104.67418,29.91073],[-104.67687,29.91288],[-104.67617,29.91603],[-104.68004,29.92124],[-104.67861,29.92671],[-104.68312,29.92902],[-104.68318,29.93174],[-104.68036,29.93056],[-104.67939,29.93267],[-104.68281,29.93549],[-104.68136,29.938],[-104.68247,29.93969],[-104.67894,29.93819],[-104.67789,29.94074],[-104.68086,29.94715],[-104.67715,29.95039],[-104.67804,29.95177],[-104.67442,29.9508],[-104.67326,29.95466],[-104.67431,29.9567],[-104.68008,29.95535],[-104.6807,29.95702],[-104.68528,29.95673],[-104.68189,29.9691],[-104.68556,29.9707],[-104.68013,29.97427],[-104.68032,29.97697],[-104.68836,29.97376],[-104.69359,29.97538],[-104.6886,29.97992],[-104.68831,29.9846],[-104.68587,29.98716],[-104.68578,29.99038],[-104.69026,29.99001],[-104.69511,29.99255],[-104.68765,29.99549],[-104.68872,29.99967],[-104.6905,30.00085],[-104.68951,30.00224],[-104.69071,30.003],[-104.69184,30.00066],[-104.69421,30.00218],[-104.69384,30.00755],[-104.69056,30.00834],[-104.6896,30.01058],[-104.6898,30.01488],[-104.69365,30.01913],[-104.70189,30.02101],[-104.70409,30.02354],[-104.70126,30.03553],[-104.69499,30.03709],[-104.70701,30.05127],[-104.70413,30.05515],[-104.7048,30.05859],[-104.70211,30.05985],[-104.7036,30.06437],[-104.69795,30.06509],[-104.69126,30.07038],[-104.69358,30.07198],[-104.69342,30.07395],[-104.68802,30.07383],[-104.68683,30.07645],[-104.68962,30.07556],[-104.69093,30.0779],[-104.68604,30.08203],[-104.68681,30.08369],[-104.68524,30.08509],[-104.68751,30.08736],[-104.68705,30.08595],[-104.68927,30.08517],[-104.69001,30.08904],[-104.6865,30.0914],[-104.68518,30.0996],[-104.68645,30.09958],[-104.68838,30.0952],[-104.69197,30.0958],[-104.69438,30.1021],[-104.69191,30.10866],[-104.69011,30.1062],[-104.68754,30.10587],[-104.68556,30.11001],[-104.69175,30.11133],[-104.69218,30.1149],[-104.68995,30.11679],[-104.69516,30.11789],[-104.69396,30.12156],[-104.69664,30.13405],[-104.69304,30.13543],[-104.69201,30.13872],[-104.68931,30.13776],[-104.68964,30.14084],[-104.6863,30.14148],[-104.68546,30.14436],[-104.68582,30.14555],[-104.68947,30.14565],[-104.68841,30.14742],[-104.69021,30.14922],[-104.68695,30.15232],[-104.68955,30.15429],[-104.68762,30.15949],[-104.68855,30.1663],[-104.68654,30.17319],[-104.68799,30.1767],[-104.68717,30.17955],[-104.69116,30.18391],[-104.69336,30.18927],[-104.69729,30.19176],[-104.69627,30.19546],[-104.69716,30.19777],[-104.69996,30.19872],[-104.70057,30.20543],[-104.70512,30.20832],[-104.70254,30.21281],[-104.71142,30.2231],[-104.70791,30.22653],[-104.70633,30.23466],[-104.71329,30.2377],[-104.71911,30.24709],[-104.72391,30.24949],[-104.72433,30.253],[-104.73362,30.26131],[-104.73751,30.26155],[-104.73756,30.2583],[-104.73616,30.25722],[-104.73708,30.25575],[-104.74067,30.25963],[-104.75019,30.26159],[-104.75188,30.26381],[-104.74927,30.26793],[-104.74873,30.27427],[-104.75098,30.2715],[-104.75125,30.27375],[-104.75465,30.27167],[-104.75705,30.27429],[-104.75815,30.27141],[-104.76041,30.2718],[-104.7602,30.27433],[-104.7629,30.2744],[-104.75806,30.28309],[-104.76137,30.3004],[-104.7671,30.30374],[-104.76555,30.30639],[-104.77275,30.30267],[-104.77585,30.30445],[-104.77963,30.30345],[-104.77695,30.31021],[-104.78335,30.31632],[-104.78927,30.31852],[-104.78901,30.32187],[-104.79158,30.3221],[-104.79153,30.32545],[-104.79768,30.33039],[-104.80805,30.33327],[-104.81188,30.33289],[-104.81034,30.34148],[-104.82023,30.34702],[-104.82276,30.35091],[-104.81464,30.35344],[-104.814,30.36015],[-104.81116,30.36257],[-104.81175,30.36685],[-104.81623,30.36588],[-104.8198,30.36858],[-104.81665,30.37528],[-104.8307,30.37275],[-104.83753,30.37373],[-104.83956,30.37638],[-104.84587,30.37906],[-104.84854,30.38349],[-104.85398,30.38544],[-104.85961,30.39039],[-104.85453,30.40062],[-104.85717,30.40946],[-104.85153,30.41376],[-104.84813,30.41367],[-104.84918,30.41804],[-104.84815,30.41989],[-104.84984,30.4215],[-104.85015,30.41931],[-104.85269,30.41887],[-104.85701,30.42171],[-104.85707,30.42437],[-104.86162,30.42615],[-104.85852,30.43174],[-104.85852,30.4375],[-104.8606,30.44004],[-104.86823,30.44123],[-104.86468,30.45022],[-104.8655,30.45246],[-104.86838,30.45393],[-104.86977,30.45899],[-104.86599,30.46686],[-104.86951,30.47411],[-104.86939,30.47889],[-104.87186,30.48065],[-104.86952,30.48473],[-104.86726,30.48502],[-104.86674,30.49433],[-104.87403,30.49522],[-104.87199,30.51066],[-104.87335,30.51353],[-104.87701,30.51101],[-104.87937,30.51764],[-104.88286,30.51671],[-104.88576,30.51829],[-104.88472,30.52021],[-104.88112,30.52081],[-104.8859,30.52439],[-104.8837,30.52612],[-104.88121,30.52422],[-104.88052,30.52968],[-104.88189,30.53205],[-104.88928,30.53521],[-104.89081,30.54088],[-104.88777,30.54402],[-104.8877,30.54636],[-104.89015,30.54596],[-104.89004,30.54916],[-104.89387,30.55056],[-104.89396,30.55183],[-104.89232,30.55143],[-104.89304,30.55293],[-104.89797,30.55461],[-104.89534,30.56021],[-104.89897,30.57049],[-104.90698,30.57714],[-104.90981,30.58495],[-104.91891,30.58577],[-104.92129,30.58975],[-104.91852,30.59741],[-104.92161,30.59826],[-104.92245,30.60306],[-104.92485,30.60504],[-104.92683,30.60498],[-104.9309,30.59876],[-104.93465,30.60017],[-104.93586,30.60629],[-104.94432,30.60291],[-104.94651,30.60455],[-104.95105,30.60422],[-104.95499,30.60933],[-104.95885,30.61032],[-104.96761,30.60815],[-104.97231,30.61054],[-104.97548,30.61438],[-104.9743,30.61657],[-104.97747,30.61812],[-104.98016,30.62197],[-104.97969,30.62939],[-104.89821,30.613]]]]},"properties":{"fips":"48377","name":"Presidio","n":0,"mw":0.0,"first":null,"last":null,"hh":null,"projects":0}},{"type":"Feature","id":48051,"geometry":{"type":"MultiPolygon","coordinates":[[[[-96.62092,30.73005],[-96.6167,30.72816],[-96.60442,30.7293],[-96.59777,30.72795],[-96.59458,30.72247],[-96.5961,30.71509],[-96.57316,30.70495],[-96.56708,30.69766],[-96.56779,30.69278],[-96.57049,30.68922],[-96.57393,30.68809],[-96.5805,30.68939],[-96.58277,30.68679],[-96.58404,30.68198],[-96.58321,30.66093],[-96.58763,30.65549],[-96.59459,30.65211],[-96.5961,30.64685],[-96.60141,30.64236],[-96.60136,30.63997],[-96.59049,30.64021],[-96.58114,30.63691],[-96.5714,30.6372],[-96.56911,30.63568],[-96.56627,30.62933],[-96.55649,30.63263],[-96.55183,30.63148],[-96.54697,30.6278],[-96.53048,30.62816],[-96.51768,30.62617],[-96.51033,30.62777],[-96.50759,30.6247],[-96.50777,30.61773],[-96.50212,30.61343],[-96.49224,30.62028],[-96.48941,30.62069],[-96.48648,30.61777],[-96.48933,30.60831],[-96.48793,30.60521],[-96.47923,30.60444],[-96.46919,30.60689],[-96.46256,30.59911],[-96.45101,30.59565],[-96.45023,30.59041],[-96.4431,30.58353],[-96.43756,30.57523],[-96.43221,30.57519],[-96.42986,30.57799],[-96.42951,30.58301],[-96.43168,30.58979],[-96.42692,30.5899],[-96.42109,30.58585],[-96.42003,30.58272],[-96.42358,30.57804],[-96.4223,30.5708],[-96.42358,30.55967],[-96.41966,30.54652],[-96.41486,30.54148],[-96.40678,30.54065],[-96.40149,30.53648],[-96.38904,30.53269],[-96.38509,30.53417],[-96.3864,30.54173],[-96.38492,30.5437],[-96.38188,30.54343],[-96.37703,30.53717],[-96.37489,30.5388],[-96.37708,30.54425],[-96.37614,30.54648],[-96.3684,30.54407],[-96.35952,30.54352],[-96.35479,30.52806],[-96.35506,30.52285],[-96.35918,30.51947],[-96.36688,30.51875],[-96.36936,30.51415],[-96.36555,30.51128],[-96.35577,30.51316],[-96.35533,30.5064],[-96.35333,30.50234],[-96.3437,30.499],[-96.33264,30.48149],[-96.32224,30.47656],[-96.3218,30.47034],[-96.32512,30.46807],[-96.32902,30.46988],[-96.33177,30.47832],[-96.33786,30.47844],[-96.34027,30.47587],[-96.33556,30.46674],[-96.32488,30.46022],[-96.32488,30.45228],[-96.32245,30.45136],[-96.31108,30.45383],[-96.30676,30.45045],[-96.29938,30.44777],[-96.29432,30.44317],[-96.29162,30.44449],[-96.2917,30.44989],[-96.2844,30.44704],[-96.28641,30.43639],[-96.28281,30.42723],[-96.28806,30.42137],[-96.28631,30.42004],[-96.2782,30.41992],[-96.2736,30.41519],[-96.27265,30.41119],[-96.27403,30.40843],[-96.27672,30.40719],[-96.28942,30.41107],[-96.29674,30.41024],[-96.29655,30.40103],[-96.30194,30.39887],[-96.30501,30.394],[-96.30306,30.39004],[-96.2955,30.38565],[-96.29605,30.38289],[-96.29947,30.37982],[-96.30432,30.38326],[-96.30751,30.38164],[-96.31304,30.3843],[-96.3175,30.3795],[-96.32587,30.37834],[-96.32891,30.37348],[-96.33528,30.37329],[-96.34095,30.36776],[-96.3465,30.36826],[-96.35294,30.37093],[-96.35437,30.37312],[-96.35637,30.37289],[-96.36143,30.36736],[-96.37029,30.36451],[-96.36931,30.36272],[-96.37527,30.36324],[-96.3749,30.35796],[-96.37748,30.35838],[-96.378,30.3556],[-96.38403,30.35805],[-96.40449,30.35266],[-96.40625,30.3509],[-96.40941,30.35819],[-96.41158,30.35812],[-96.41339,30.35606],[-96.41281,30.35421],[-96.41667,30.35403],[-96.41996,30.35087],[-96.41838,30.34711],[-96.42246,30.34339],[-96.44026,30.34155],[-96.44573,30.34238],[-96.44596,30.34118],[-96.449,30.34104],[-96.45521,30.3443],[-96.45838,30.34282],[-96.45671,30.3386],[-96.45952,30.33871],[-96.46472,30.33588],[-96.4693,30.33789],[-96.47554,30.33365],[-96.48137,30.33303],[-96.48392,30.33412],[-96.48442,30.33782],[-96.48663,30.33798],[-96.49164,30.3332],[-96.49542,30.32485],[-96.49832,30.32303],[-96.51075,30.32163],[-96.51273,30.32585],[-96.51548,30.32575],[-96.52222,30.32237],[-96.52459,30.32371],[-96.52558,30.32123],[-96.52983,30.32016],[-96.53594,30.3198],[-96.53917,30.32123],[-96.54215,30.31956],[-96.54142,30.31779],[-96.54857,30.32137],[-96.55179,30.32057],[-96.55363,30.32131],[-96.55303,30.32235],[-96.55619,30.32179],[-96.55671,30.32336],[-96.55929,30.32378],[-96.56237,30.32253],[-96.56078,30.31961],[-96.56816,30.3172],[-96.56943,30.31593],[-96.56797,30.31464],[-96.56945,30.31431],[-96.56812,30.31312],[-96.57353,30.31067],[-96.57788,30.31224],[-96.58292,30.30858],[-96.58835,30.30909],[-96.59234,30.30636],[-96.59353,30.30787],[-96.60168,30.30858],[-96.60613,30.30201],[-96.61665,30.30104],[-96.62304,30.29828],[-96.62608,30.29833],[-96.62988,30.30116],[-96.63,30.29973],[-96.63305,30.30035],[-96.63703,30.2971],[-96.64061,30.29669],[-96.64313,30.29825],[-96.64453,30.29683],[-96.64832,30.29829],[-96.64851,30.30015],[-96.65035,30.29914],[-96.65155,30.30062],[-96.65204,30.29935],[-96.65948,30.29909],[-96.6589,30.2979],[-96.66389,30.29555],[-96.67051,30.30012],[-96.66944,30.3032],[-96.67089,30.30245],[-96.67456,30.3044],[-96.67354,30.30744],[-96.67794,30.30972],[-96.68201,30.30915],[-96.68527,30.31142],[-96.68665,30.31694],[-96.69465,30.32009],[-96.70295,30.32023],[-96.70704,30.31766],[-96.71566,30.31994],[-96.72171,30.31863],[-96.72569,30.3232],[-96.73053,30.32414],[-96.73339,30.32259],[-96.73443,30.32359],[-96.73454,30.32195],[-96.73768,30.32105],[-96.73707,30.31921],[-96.73811,30.32042],[-96.74049,30.31864],[-96.74387,30.31983],[-96.74351,30.32216],[-96.74541,30.32189],[-96.74404,30.3239],[-96.74619,30.32414],[-96.74575,30.32563],[-96.74716,30.32555],[-96.74765,30.32743],[-96.75086,30.32782],[-96.75033,30.32947],[-96.75191,30.33015],[-96.75441,30.32935],[-96.7528,30.33819],[-96.7547,30.34079],[-96.76085,30.3408],[-96.76034,30.34373],[-96.76675,30.35207],[-96.76549,30.3541],[-96.76873,30.35841],[-96.76978,30.36473],[-96.77476,30.3693],[-96.77631,30.36885],[-96.77541,30.36992],[-96.77703,30.37152],[-96.77898,30.37081],[-96.78051,30.37214],[-96.78125,30.37385],[-96.77978,30.37586],[-96.78346,30.37694],[-96.7841,30.37937],[-96.78557,30.37852],[-96.78966,30.38315],[-96.78763,30.38898],[-96.79351,30.39114],[-96.79809,30.39064],[-96.8021,30.39273],[-96.80417,30.39607],[-96.80827,30.39618],[-96.81069,30.40095],[-96.80883,30.40229],[-96.80976,30.40428],[-96.81909,30.40698],[-96.82244,30.40997],[-96.82138,30.41291],[-96.82571,30.41453],[-96.82421,30.41491],[-96.82527,30.4164],[-96.83132,30.418],[-96.83173,30.42007],[-96.83396,30.41898],[-96.83453,30.42276],[-96.83642,30.42094],[-96.83975,30.42106],[-96.84031,30.42429],[-96.84243,30.4248],[-96.84187,30.42618],[-96.8436,30.42566],[-96.84561,30.42744],[-96.84377,30.42927],[-96.84554,30.42907],[-96.84635,30.43148],[-96.85019,30.43003],[-96.85806,30.43401],[-96.86505,30.43264],[-96.86532,30.43473],[-96.86796,30.43356],[-96.87029,30.43533],[-96.87232,30.439],[-96.87077,30.44179],[-96.87721,30.44784],[-96.87721,30.44936],[-96.87441,30.44937],[-96.87719,30.45106],[-96.87486,30.4577],[-96.87905,30.45754],[-96.87863,30.45914],[-96.88336,30.4618],[-96.88534,30.46008],[-96.88758,30.46176],[-96.89934,30.45968],[-96.89808,30.46106],[-96.90023,30.46216],[-96.90193,30.46667],[-96.90464,30.46668],[-96.90418,30.46829],[-96.90203,30.46825],[-96.90223,30.46967],[-96.90554,30.46978],[-96.90578,30.47192],[-96.90394,30.4737],[-96.90193,30.48181],[-96.89687,30.48419],[-96.89605,30.48928],[-96.89792,30.48993],[-96.90107,30.49905],[-96.90874,30.50214],[-96.90619,30.50301],[-96.90422,30.50814],[-96.90597,30.51263],[-96.90327,30.5122],[-96.90211,30.51391],[-96.90656,30.51447],[-96.90444,30.51588],[-96.90408,30.51864],[-96.90765,30.51713],[-96.90877,30.52248],[-96.91207,30.52313],[-96.91177,30.52743],[-96.91881,30.53918],[-96.92298,30.54001],[-96.9256,30.54334],[-96.92672,30.54223],[-96.92919,30.54437],[-96.92961,30.54308],[-96.93283,30.54287],[-96.94256,30.54695],[-96.94522,30.54322],[-96.94887,30.54495],[-96.94889,30.54776],[-96.95429,30.54915],[-96.95614,30.55205],[-96.96171,30.55187],[-96.9636,30.55723],[-96.62092,30.73005]]]]},"properties":{"fips":"48051","name":"Burleson","n":0,"mw":0.0,"first":null,"last":null,"hh":null,"projects":0}},{"type":"Feature","id":48491,"geometry":{"type":"MultiPolygon","coordinates":[[[[-97.75641,30.89684],[-97.64246,30.87526],[-97.62534,30.87043],[-97.2713,30.7357],[-97.15515,30.45729],[-97.3345,30.40276],[-97.36952,30.41958],[-97.37308,30.41738],[-97.37737,30.41877],[-97.37953,30.42426],[-97.38342,30.42434],[-97.38439,30.42808],[-97.38717,30.43004],[-97.38766,30.43355],[-97.39263,30.43457],[-97.39157,30.43693],[-97.39305,30.43887],[-97.39556,30.43769],[-97.40438,30.44022],[-97.40638,30.44215],[-97.40885,30.43807],[-97.41548,30.43815],[-97.42254,30.44458],[-97.42746,30.45206],[-97.43353,30.45271],[-97.43365,30.4589],[-97.43899,30.45955],[-97.44145,30.45469],[-97.44469,30.45536],[-97.44549,30.46073],[-97.45351,30.46051],[-97.45951,30.45747],[-97.46377,30.45968],[-97.46721,30.46477],[-97.47522,30.46677],[-97.4762,30.46867],[-97.47971,30.46986],[-97.48582,30.46917],[-97.48865,30.47324],[-97.50132,30.47743],[-97.50247,30.48011],[-97.51082,30.48486],[-97.52221,30.47628],[-97.52386,30.4724],[-97.52714,30.47497],[-97.54311,30.47914],[-97.54657,30.47474],[-97.55,30.47637],[-97.5493,30.4808],[-97.55273,30.49007],[-97.56307,30.49161],[-97.56387,30.49549],[-97.56889,30.49606],[-97.56877,30.49917],[-97.57678,30.50088],[-97.59085,30.49704],[-97.59133,30.50087],[-97.59614,30.50138],[-97.60605,30.49501],[-97.60677,30.49019],[-97.61723,30.48914],[-97.61857,30.49028],[-97.62767,30.48544],[-97.64129,30.48205],[-97.64353,30.47807],[-97.65155,30.47475],[-97.6641,30.48174],[-97.66995,30.47852],[-97.67404,30.47989],[-97.68284,30.47917],[-97.68866,30.46151],[-97.69609,30.46136],[-97.70385,30.45847],[-97.71506,30.45863],[-97.73353,30.44972],[-97.74636,30.44948],[-97.75448,30.44065],[-97.75355,30.4334],[-97.7677,30.43262],[-97.77579,30.43],[-97.77919,30.43822],[-97.78525,30.44057],[-97.7887,30.44413],[-97.79993,30.44712],[-97.81196,30.44704],[-97.82589,30.45505],[-97.82674,30.45755],[-97.84646,30.47336],[-97.84582,30.47562],[-97.8622,30.49734],[-97.8561,30.50283],[-97.85584,30.50747],[-97.87139,30.52273],[-97.86778,30.54652],[-97.88222,30.55382],[-97.88336,30.55288],[-97.88756,30.5566],[-97.88871,30.56518],[-97.89144,30.56642],[-97.89593,30.56456],[-97.90242,30.57124],[-97.92188,30.5642],[-97.92698,30.56753],[-97.91517,30.5805],[-97.92046,30.5868],[-97.9218,30.59084],[-97.91703,30.60482],[-97.93481,30.61011],[-97.95692,30.62796],[-97.96641,30.62363],[-97.97782,30.62199],[-97.99216,30.6093],[-97.99787,30.61273],[-98.00629,30.62747],[-98.01256,30.61727],[-98.02963,30.61456],[-98.03645,30.61158],[-98.03951,30.6183],[-98.0499,30.62391],[-97.96287,30.78565],[-97.88349,30.85611],[-97.82947,30.90983],[-97.82845,30.91076],[-97.75641,30.89684]]]]},"properties":{"fips":"48491","name":"Williamson","n":0,"mw":0.0,"first":null,"last":null,"hh":null,"projects":0}},{"type":"Feature","id":48185,"geometry":{"type":"MultiPolygon","coordinates":[[[[-95.85948,30.83938],[-95.83026,30.6307],[-95.81788,30.50395],[-95.80441,30.33939],[-95.80414,30.24535],[-96.08904,30.22857],[-96.0934,30.22518],[-96.09693,30.22961],[-96.1051,30.23238],[-96.10519,30.23428],[-96.09639,30.24301],[-96.09336,30.24342],[-96.08565,30.24004],[-96.08264,30.24131],[-96.08128,30.24417],[-96.0875,30.25303],[-96.09618,30.25306],[-96.09896,30.25594],[-96.09352,30.27568],[-96.08441,30.28508],[-96.08492,30.28767],[-96.08745,30.28956],[-96.09782,30.28932],[-96.10035,30.29169],[-96.09908,30.29957],[-96.0938,30.30551],[-96.09451,30.30948],[-96.09873,30.31077],[-96.12005,30.30475],[-96.12487,30.31121],[-96.13708,30.31479],[-96.13877,30.32238],[-96.14896,30.32487],[-96.1548,30.33066],[-96.15362,30.33434],[-96.14449,30.3368],[-96.13983,30.34079],[-96.14142,30.34292],[-96.14834,30.34495],[-96.14969,30.35039],[-96.14905,30.35311],[-96.14344,30.3522],[-96.14167,30.35515],[-96.14163,30.3655],[-96.14559,30.37137],[-96.1443,30.37477],[-96.14724,30.38124],[-96.14663,30.38364],[-96.14418,30.38469],[-96.13743,30.38319],[-96.13426,30.38454],[-96.13225,30.38778],[-96.12937,30.38827],[-96.12613,30.38794],[-96.12136,30.38402],[-96.11974,30.3877],[-96.12123,30.39182],[-96.11694,30.39222],[-96.11807,30.39932],[-96.11591,30.39899],[-96.11362,30.39461],[-96.11195,30.39484],[-96.11119,30.39663],[-96.11323,30.4015],[-96.10807,30.40665],[-96.11221,30.40834],[-96.11356,30.41321],[-96.11209,30.41575],[-96.10713,30.41769],[-96.10555,30.42202],[-96.10114,30.41746],[-96.09738,30.41983],[-96.09567,30.41944],[-96.09506,30.41684],[-96.08738,30.41757],[-96.08302,30.42308],[-96.08237,30.42831],[-96.0803,30.43035],[-96.08706,30.43041],[-96.08617,30.43567],[-96.09284,30.44001],[-96.09696,30.43748],[-96.10057,30.4406],[-96.10534,30.43719],[-96.10652,30.43961],[-96.10482,30.44075],[-96.10525,30.44435],[-96.11009,30.44361],[-96.11322,30.44082],[-96.12058,30.44209],[-96.12311,30.44707],[-96.12647,30.44949],[-96.12631,30.45203],[-96.12381,30.45193],[-96.1237,30.45546],[-96.13,30.4521],[-96.12909,30.45566],[-96.12626,30.45719],[-96.12958,30.46017],[-96.12943,30.46635],[-96.13373,30.46751],[-96.13607,30.46631],[-96.13587,30.46917],[-96.13979,30.47177],[-96.13873,30.47401],[-96.14092,30.47517],[-96.13893,30.47926],[-96.13705,30.47607],[-96.13583,30.47644],[-96.13696,30.47857],[-96.13558,30.48011],[-96.13706,30.48144],[-96.1331,30.48373],[-96.13249,30.49202],[-96.13458,30.49182],[-96.13657,30.49319],[-96.13629,30.49527],[-96.13804,30.49552],[-96.13696,30.50019],[-96.14233,30.50044],[-96.14448,30.50303],[-96.14433,30.50428],[-96.14229,30.50397],[-96.14019,30.50905],[-96.14489,30.51072],[-96.14366,30.51353],[-96.15017,30.5185],[-96.14924,30.52059],[-96.15258,30.52072],[-96.1517,30.52373],[-96.14906,30.52407],[-96.15039,30.52515],[-96.14845,30.5285],[-96.1527,30.53206],[-96.15685,30.53029],[-96.15581,30.53295],[-96.15745,30.53482],[-96.16123,30.53397],[-96.16023,30.54072],[-96.16169,30.54727],[-96.15966,30.55122],[-96.16036,30.55627],[-96.15849,30.5582],[-96.16133,30.56247],[-96.16138,30.56591],[-96.15974,30.56729],[-96.16237,30.56835],[-96.16204,30.57043],[-96.16766,30.57148],[-96.16569,30.57342],[-96.17209,30.57814],[-96.17201,30.58026],[-96.17556,30.58147],[-96.17475,30.58314],[-96.18375,30.58704],[-96.18464,30.58828],[-96.18249,30.59503],[-96.18517,30.59885],[-96.1882,30.59928],[-96.18797,30.60271],[-96.18601,30.60364],[-96.18652,30.60599],[-96.18149,30.60799],[-96.18251,30.61228],[-96.18111,30.61769],[-96.17921,30.61812],[-96.18001,30.6215],[-96.17719,30.62325],[-96.17365,30.62266],[-96.17303,30.62895],[-96.1692,30.63009],[-96.17159,30.63417],[-96.17088,30.63589],[-96.17288,30.63557],[-96.17239,30.63749],[-96.16854,30.63865],[-96.16905,30.64175],[-96.1656,30.64335],[-96.1658,30.64692],[-96.1695,30.65031],[-96.16758,30.6516],[-96.16722,30.65475],[-96.16593,30.65448],[-96.16444,30.66239],[-96.16915,30.66374],[-96.16745,30.66523],[-96.16873,30.66637],[-96.16847,30.67128],[-96.17089,30.67228],[-96.17012,30.67387],[-96.17268,30.67968],[-96.17011,30.68108],[-96.17147,30.68209],[-96.16937,30.68926],[-96.17666,30.69682],[-96.175,30.69918],[-96.17758,30.70139],[-96.17517,30.70218],[-96.17743,30.70365],[-96.17778,30.70608],[-96.17656,30.70649],[-96.17787,30.70941],[-96.17438,30.70948],[-96.17518,30.71119],[-96.17209,30.71232],[-96.17146,30.71719],[-96.16893,30.71716],[-96.16789,30.72067],[-96.16486,30.72188],[-96.16242,30.72665],[-96.16211,30.73434],[-96.16026,30.73529],[-96.16211,30.73597],[-96.16276,30.73968],[-96.1667,30.74308],[-96.16545,30.74452],[-96.17069,30.75028],[-96.17052,30.75266],[-96.1682,30.75431],[-96.16975,30.75527],[-96.16825,30.75688],[-96.16962,30.75673],[-96.16939,30.75804],[-96.16492,30.76005],[-96.16292,30.7632],[-96.16492,30.76448],[-96.16276,30.76979],[-96.16513,30.77418],[-96.16664,30.77411],[-96.16583,30.77212],[-96.1682,30.77393],[-96.16609,30.77622],[-96.16944,30.78017],[-96.17076,30.77977],[-96.1719,30.78509],[-96.17327,30.78412],[-96.17543,30.78524],[-96.18011,30.79169],[-96.18296,30.7924],[-96.1818,30.79326],[-96.18353,30.79471],[-96.18332,30.79748],[-96.1796,30.79776],[-96.1781,30.80103],[-96.17642,30.79923],[-96.17634,30.80107],[-96.17394,30.80099],[-96.1745,30.80257],[-96.1724,30.80357],[-96.1734,30.80548],[-96.17098,30.80646],[-96.17562,30.8098],[-96.17284,30.8143],[-96.17403,30.81603],[-96.16839,30.82255],[-96.1711,30.82535],[-96.17011,30.82635],[-96.11948,30.82751],[-95.86284,30.86405],[-95.85948,30.83938]]]]},"properties":{"fips":"48185","name":"Grimes","n":0,"mw":0.0,"first":null,"last":null,"hh":null,"projects":0}},{"type":"Feature","id":48299,"geometry":{"type":"MultiPolygon","coordinates":[[[[-98.44577,30.92145],[-98.44918,30.90704],[-98.44853,30.89109],[-98.45675,30.88254],[-98.45636,30.87646],[-98.44986,30.87105],[-98.4337,30.87005],[-98.42187,30.86368],[-98.41926,30.85707],[-98.42222,30.83924],[-98.4216,30.83501],[-98.41,30.836],[-98.40695,30.83895],[-98.40535,30.84357],[-98.39995,30.84395],[-98.38138,30.83821],[-98.3766,30.83379],[-98.38009,30.82601],[-98.38764,30.81936],[-98.40335,30.81795],[-98.40813,30.80917],[-98.40939,30.79997],[-98.41256,30.795],[-98.42538,30.79558],[-98.43187,30.79052],[-98.43187,30.78584],[-98.42255,30.77505],[-98.42955,30.76301],[-98.42988,30.75596],[-98.42689,30.75179],[-98.42379,30.75052],[-98.40687,30.7515],[-98.40001,30.75021],[-98.39293,30.74622],[-98.37725,30.74712],[-98.37406,30.74571],[-98.37145,30.7417],[-98.37407,30.73831],[-98.38527,30.73064],[-98.39267,30.72124],[-98.40416,30.72109],[-98.40826,30.71569],[-98.41011,30.70847],[-98.41422,30.70399],[-98.40532,30.68977],[-98.40219,30.6808],[-98.40333,30.67686],[-98.40779,30.67503],[-98.4143,30.67589],[-98.42073,30.67412],[-98.42958,30.67518],[-98.43759,30.67378],[-98.44043,30.67179],[-98.44187,30.66696],[-98.43875,30.66236],[-98.42894,30.66147],[-98.42873,30.65463],[-98.41815,30.64525],[-98.41697,30.64019],[-98.41845,30.63301],[-98.41761,30.62728],[-98.40013,30.59832],[-98.40103,30.59425],[-98.41184,30.58819],[-98.41374,30.58563],[-98.41116,30.57465],[-98.40518,30.56593],[-98.40269,30.56389],[-98.39858,30.56376],[-98.37545,30.57405],[-98.37032,30.57445],[-98.36539,30.57248],[-98.35001,30.55843],[-98.34995,30.48585],[-98.41149,30.50236],[-98.64181,30.49906],[-98.96411,30.49863],[-98.96332,30.76896],[-98.9646,30.92147],[-98.44577,30.92145]]]]},"properties":{"fips":"48299","name":"Llano","n":0,"mw":0.0,"first":null,"last":null,"hh":null,"projects":0}},{"type":"Feature","id":48319,"geometry":{"type":"MultiPolygon","coordinates":[[[[-99.09977,30.94099],[-99.09223,30.94089],[-99.09243,30.92199],[-98.9646,30.92147],[-98.96332,30.76896],[-98.96411,30.49863],[-99.48462,30.49813],[-99.48468,30.94067],[-99.09977,30.94099]]]]},"properties":{"fips":"48319","name":"Mason","n":0,"mw":0.0,"first":null,"last":null,"hh":null,"projects":0}},{"type":"Feature","id":48407,"geometry":{"type":"MultiPolygon","coordinates":[[[[-95.24294,30.89997],[-95.23057,30.88644],[-95.24303,30.86618],[-95.23601,30.858],[-95.23125,30.84126],[-95.21725,30.83377],[-95.20738,30.83212],[-95.20105,30.82537],[-95.19328,30.82389],[-95.18831,30.81831],[-95.18123,30.81878],[-95.17888,30.81346],[-95.17215,30.80627],[-95.16687,30.80271],[-95.1565,30.80018],[-95.14858,30.79244],[-95.14096,30.78869],[-95.13797,30.78427],[-95.13143,30.78263],[-95.13218,30.78055],[-95.13947,30.77609],[-95.13174,30.76243],[-95.13118,30.75819],[-95.13563,30.74805],[-95.14568,30.743],[-95.14208,30.7296],[-95.14709,30.71793],[-95.14616,30.71489],[-95.13766,30.70595],[-95.13484,30.69867],[-95.13499,30.69343],[-95.11848,30.69663],[-95.10949,30.69378],[-95.11553,30.6876],[-95.11957,30.67706],[-95.11856,30.67541],[-95.11074,30.67254],[-95.11111,30.67025],[-95.11591,30.66527],[-95.11493,30.66094],[-95.10606,30.65792],[-95.09513,30.66084],[-95.09171,30.66389],[-95.09002,30.6719],[-95.07962,30.6694],[-95.07267,30.67313],[-95.06543,30.67427],[-95.06079,30.67828],[-95.05501,30.68045],[-95.05319,30.67836],[-95.05519,30.67276],[-95.05419,30.67139],[-95.04622,30.67162],[-95.03877,30.67584],[-95.03392,30.6741],[-95.03261,30.67168],[-95.04029,30.66669],[-95.04142,30.66513],[-95.04042,30.6635],[-95.02312,30.66013],[-95.02062,30.65445],[-95.01261,30.65835],[-95.00962,30.6559],[-95.00924,30.65229],[-95.0135,30.64838],[-95.02228,30.65112],[-95.02462,30.64908],[-95.02145,30.63745],[-95.01554,30.63359],[-95.01602,30.62743],[-95.0092,30.62732],[-95.00858,30.61208],[-95.007,30.60728],[-95.01397,30.60455],[-95.01602,30.60086],[-95.02228,30.60038],[-95.02591,30.59672],[-95.03119,30.59803],[-95.02894,30.59107],[-95.03572,30.58811],[-95.03591,30.58679],[-95.03043,30.57973],[-95.02291,30.57725],[-95.01372,30.57755],[-95.00363,30.58014],[-94.99515,30.57937],[-94.98634,30.57616],[-94.96613,30.57675],[-94.9574,30.57193],[-94.94888,30.5703],[-94.94229,30.56118],[-94.93654,30.55773],[-94.92687,30.55794],[-94.9098,30.56137],[-94.89983,30.55704],[-94.88997,30.55654],[-94.88491,30.55262],[-94.87865,30.55038],[-94.87539,30.5462],[-94.85899,30.54702],[-94.84981,30.5442],[-94.84194,30.5463],[-94.83088,30.54187],[-94.8297,30.5401],[-94.83387,30.53012],[-94.85311,30.52417],[-94.85733,30.51708],[-94.86483,30.51358],[-94.86764,30.5103],[-94.86552,30.49492],[-94.85054,30.49446],[-94.8426,30.48752],[-95.0161,30.40991],[-95.22595,30.31948],[-95.22556,30.32301],[-95.22762,30.32607],[-95.22295,30.33089],[-95.22101,30.33558],[-95.21797,30.33786],[-95.21175,30.33829],[-95.20978,30.34031],[-95.20761,30.34601],[-95.20306,30.34799],[-95.20384,30.35212],[-95.21104,30.35458],[-95.21287,30.35319],[-95.21735,30.35539],[-95.21948,30.36068],[-95.22707,30.36377],[-95.22795,30.3675],[-95.23342,30.37273],[-95.23632,30.37935],[-95.25023,30.38358],[-95.25403,30.38271],[-95.26397,30.38431],[-95.27725,30.39372],[-95.28839,30.39544],[-95.30832,30.40567],[-95.3109,30.41054],[-95.31405,30.41241],[-95.31711,30.4197],[-95.32955,30.43323],[-95.33078,30.43575],[-95.33031,30.44332],[-95.33703,30.45097],[-95.34146,30.46465],[-95.35037,30.47538],[-95.35007,30.47941],[-95.35339,30.48759],[-95.35333,30.49509],[-95.3591,30.5044],[-95.3464,30.62582],[-95.33769,30.74952],[-95.3273,30.85958],[-95.32437,30.8614],[-95.32226,30.8669],[-95.31422,30.87226],[-95.31679,30.87995],[-95.31212,30.88423],[-95.31071,30.88838],[-95.31129,30.89155],[-95.31423,30.89486],[-95.31335,30.8977],[-95.30009,30.90239],[-95.29072,30.9029],[-95.28094,30.90121],[-95.25254,30.90665],[-95.24654,30.90427],[-95.24294,30.89997]]]]},"properties":{"fips":"48407","name":"San Jacinto","n":0,"mw":0.0,"first":null,"last":null,"hh":null,"projects":0}},{"type":"Feature","id":48041,"geometry":{"type":"MultiPolygon","coordinates":[[[[-96.23707,30.95963],[-96.23415,30.9592],[-96.23289,30.95563],[-96.22756,30.95159],[-96.21943,30.95217],[-96.21849,30.95016],[-96.21205,30.94939],[-96.20901,30.94673],[-96.20771,30.94746],[-96.2062,30.94048],[-96.20174,30.93802],[-96.20086,30.93324],[-96.19849,30.93247],[-96.20024,30.93043],[-96.20322,30.93311],[-96.20336,30.9286],[-96.20453,30.92811],[-96.20124,30.92586],[-96.20676,30.92388],[-96.20611,30.92075],[-96.20858,30.92062],[-96.2064,30.91821],[-96.21003,30.91724],[-96.21059,30.9142],[-96.21338,30.91131],[-96.21169,30.91061],[-96.21267,30.90467],[-96.20671,30.90226],[-96.20645,30.90061],[-96.20357,30.90131],[-96.20431,30.89778],[-96.20288,30.89726],[-96.20423,30.89643],[-96.20247,30.89223],[-96.20097,30.89269],[-96.20135,30.89084],[-96.19934,30.89098],[-96.20036,30.88928],[-96.19781,30.88848],[-96.20044,30.88832],[-96.20022,30.88534],[-96.19838,30.88667],[-96.19329,30.88155],[-96.19318,30.87828],[-96.19618,30.87617],[-96.19593,30.87111],[-96.19477,30.87005],[-96.19293,30.87097],[-96.19232,30.86783],[-96.18962,30.86932],[-96.19059,30.86728],[-96.18899,30.86605],[-96.18592,30.86732],[-96.18549,30.86364],[-96.1828,30.86327],[-96.18389,30.86129],[-96.17699,30.8582],[-96.17722,30.85371],[-96.17422,30.85313],[-96.17645,30.84915],[-96.17224,30.84659],[-96.17504,30.84592],[-96.17343,30.84442],[-96.17616,30.84086],[-96.17329,30.83112],[-96.17536,30.83121],[-96.17132,30.82932],[-96.17465,30.82715],[-96.17124,30.8281],[-96.17041,30.82406],[-96.16831,30.82316],[-96.17403,30.81603],[-96.17284,30.8143],[-96.1755,30.81076],[-96.17093,30.80669],[-96.17364,30.80498],[-96.17259,30.803],[-96.1745,30.80257],[-96.17407,30.8009],[-96.17634,30.80107],[-96.17642,30.79923],[-96.17791,30.80109],[-96.1796,30.79776],[-96.18316,30.79764],[-96.18359,30.79512],[-96.18184,30.79347],[-96.18296,30.7924],[-96.18011,30.79169],[-96.17702,30.78652],[-96.17327,30.78412],[-96.1719,30.78509],[-96.17076,30.77977],[-96.16944,30.78017],[-96.16609,30.77622],[-96.1682,30.77393],[-96.16583,30.77212],[-96.16664,30.77411],[-96.16513,30.77418],[-96.16269,30.7696],[-96.16492,30.76448],[-96.16292,30.7632],[-96.16492,30.76005],[-96.16939,30.75804],[-96.16962,30.75673],[-96.16825,30.75688],[-96.16975,30.75527],[-96.1682,30.75431],[-96.17052,30.75266],[-96.17069,30.75028],[-96.16545,30.74452],[-96.1667,30.74308],[-96.16276,30.73968],[-96.16211,30.73597],[-96.16026,30.73529],[-96.16211,30.73434],[-96.16242,30.72665],[-96.16486,30.72188],[-96.16918,30.71897],[-96.16893,30.71716],[-96.17146,30.71719],[-96.17209,30.71232],[-96.17518,30.71119],[-96.17438,30.70948],[-96.17787,30.70941],[-96.17656,30.70649],[-96.17778,30.70608],[-96.17743,30.70365],[-96.17517,30.70218],[-96.17758,30.70139],[-96.175,30.69918],[-96.17666,30.69682],[-96.16937,30.68926],[-96.17147,30.68209],[-96.17011,30.68108],[-96.17268,30.67968],[-96.17012,30.67387],[-96.17089,30.67228],[-96.16847,30.67128],[-96.16873,30.66637],[-96.16745,30.66523],[-96.16915,30.66374],[-96.16461,30.66286],[-96.16545,30.66056],[-96.16411,30.65892],[-96.1695,30.65031],[-96.1658,30.64692],[-96.16564,30.64319],[-96.16787,30.643],[-96.16953,30.63958],[-96.16854,30.63865],[-96.17205,30.63799],[-96.1729,30.63608],[-96.17088,30.63589],[-96.17159,30.63417],[-96.1692,30.63009],[-96.17303,30.62895],[-96.17365,30.62266],[-96.17719,30.62325],[-96.18001,30.6215],[-96.17921,30.61812],[-96.18111,30.61769],[-96.18251,30.61228],[-96.18149,30.60799],[-96.18652,30.60599],[-96.18601,30.60364],[-96.18797,30.60271],[-96.1882,30.59928],[-96.18517,30.59885],[-96.18249,30.59503],[-96.18464,30.58828],[-96.18375,30.58704],[-96.17475,30.58314],[-96.17556,30.58147],[-96.17201,30.58026],[-96.17209,30.57814],[-96.16569,30.57342],[-96.16766,30.57148],[-96.16204,30.57043],[-96.16237,30.56835],[-96.15974,30.56729],[-96.16138,30.56591],[-96.16133,30.56247],[-96.15849,30.5582],[-96.16036,30.55627],[-96.15966,30.55122],[-96.16169,30.54727],[-96.16023,30.54072],[-96.16123,30.53397],[-96.15745,30.53482],[-96.15581,30.53295],[-96.15685,30.53029],[-96.1527,30.53206],[-96.14845,30.5285],[-96.15039,30.52515],[-96.14906,30.52407],[-96.1517,30.52373],[-96.15258,30.52072],[-96.14924,30.52059],[-96.15017,30.5185],[-96.14366,30.51353],[-96.14489,30.51072],[-96.14019,30.50905],[-96.14229,30.50397],[-96.14433,30.50428],[-96.14448,30.50303],[-96.14233,30.50044],[-96.13696,30.50019],[-96.13804,30.49552],[-96.13629,30.49527],[-96.13657,30.49319],[-96.13458,30.49182],[-96.13249,30.49202],[-96.1331,30.48373],[-96.13706,30.48144],[-96.13558,30.48011],[-96.13696,30.47857],[-96.13583,30.47644],[-96.13705,30.47607],[-96.13893,30.47926],[-96.14092,30.47517],[-96.13873,30.47401],[-96.13979,30.47177],[-96.13587,30.46917],[-96.13607,30.46631],[-96.13373,30.46751],[-96.12943,30.46635],[-96.12958,30.46017],[-96.12626,30.45719],[-96.12909,30.45566],[-96.13,30.4521],[-96.1237,30.45546],[-96.12381,30.45193],[-96.12631,30.45203],[-96.12647,30.44949],[-96.12311,30.44707],[-96.12058,30.44209],[-96.11322,30.44082],[-96.11009,30.44361],[-96.10525,30.44435],[-96.10482,30.44075],[-96.10652,30.43961],[-96.10534,30.43719],[-96.10057,30.4406],[-96.09696,30.43748],[-96.09284,30.44001],[-96.08617,30.43567],[-96.08706,30.43041],[-96.0803,30.43035],[-96.08237,30.42831],[-96.08302,30.42308],[-96.08738,30.41757],[-96.09506,30.41684],[-96.09567,30.41944],[-96.09738,30.41983],[-96.10114,30.41746],[-96.10555,30.42202],[-96.10713,30.41769],[-96.11209,30.41575],[-96.11356,30.41321],[-96.11221,30.40834],[-96.10807,30.40665],[-96.11323,30.4015],[-96.11119,30.39663],[-96.11195,30.39484],[-96.11362,30.39461],[-96.11591,30.39899],[-96.11807,30.39932],[-96.11694,30.39222],[-96.12123,30.39182],[-96.11974,30.3877],[-96.12136,30.38402],[-96.12613,30.38794],[-96.12937,30.38827],[-96.13225,30.38778],[-96.13426,30.38454],[-96.13743,30.38319],[-96.14418,30.38469],[-96.14663,30.38364],[-96.14724,30.38124],[-96.1443,30.37477],[-96.14559,30.37137],[-96.14163,30.3655],[-96.14167,30.35515],[-96.14344,30.3522],[-96.14905,30.35311],[-96.14969,30.35039],[-96.14834,30.34495],[-96.14142,30.34292],[-96.13983,30.34079],[-96.14449,30.3368],[-96.15362,30.33434],[-96.1548,30.33066],[-96.16043,30.34052],[-96.15221,30.35163],[-96.15515,30.36317],[-96.15055,30.36684],[-96.15013,30.36978],[-96.16133,30.37806],[-96.17089,30.37419],[-96.17496,30.37469],[-96.17576,30.37795],[-96.17319,30.38846],[-96.17842,30.39559],[-96.18288,30.39475],[-96.19591,30.39803],[-96.19855,30.3953],[-96.20025,30.38241],[-96.21318,30.37371],[-96.22229,30.3762],[-96.23642,30.36955],[-96.24546,30.36916],[-96.25184,30.36541],[-96.25823,30.36697],[-96.26287,30.37009],[-96.26264,30.36329],[-96.26877,30.35869],[-96.2762,30.35985],[-96.28018,30.36448],[-96.28866,30.36753],[-96.29206,30.37421],[-96.29938,30.3791],[-96.29538,30.38362],[-96.2955,30.38565],[-96.30306,30.39004],[-96.30501,30.394],[-96.30194,30.39887],[-96.29655,30.40103],[-96.29761,30.4085],[-96.29565,30.41103],[-96.28942,30.41107],[-96.27672,30.40719],[-96.27286,30.41043],[-96.27326,30.4146],[-96.2782,30.41992],[-96.28631,30.42004],[-96.28806,30.42137],[-96.28281,30.42723],[-96.28641,30.43639],[-96.2844,30.44704],[-96.2917,30.44989],[-96.29162,30.44449],[-96.29432,30.44317],[-96.29938,30.44777],[-96.30676,30.45045],[-96.31108,30.45383],[-96.32245,30.45136],[-96.32488,30.45228],[-96.32488,30.46022],[-96.33556,30.46674],[-96.34027,30.47587],[-96.33786,30.47844],[-96.33177,30.47832],[-96.32902,30.46988],[-96.32512,30.46807],[-96.3218,30.47034],[-96.32224,30.47656],[-96.33264,30.48149],[-96.3437,30.499],[-96.35333,30.50234],[-96.35533,30.5064],[-96.35577,30.51316],[-96.36555,30.51128],[-96.36936,30.51415],[-96.36688,30.51875],[-96.35918,30.51947],[-96.35506,30.52285],[-96.35479,30.52806],[-96.35972,30.54369],[-96.3684,30.54407],[-96.37614,30.54648],[-96.37708,30.54425],[-96.37489,30.5388],[-96.37703,30.53717],[-96.38188,30.54343],[-96.38492,30.5437],[-96.3864,30.54173],[-96.38509,30.53417],[-96.38904,30.53269],[-96.40149,30.53648],[-96.40678,30.54065],[-96.41486,30.54148],[-96.41966,30.54652],[-96.42358,30.55967],[-96.4223,30.5708],[-96.42358,30.57804],[-96.42003,30.58272],[-96.42109,30.58585],[-96.42692,30.5899],[-96.43168,30.58979],[-96.42951,30.58301],[-96.42986,30.57799],[-96.43221,30.57519],[-96.43756,30.57523],[-96.4431,30.58353],[-96.45023,30.59041],[-96.45101,30.59565],[-96.46256,30.59911],[-96.46919,30.60689],[-96.47923,30.60444],[-96.48793,30.60521],[-96.48933,30.60831],[-96.48648,30.61777],[-96.48941,30.62069],[-96.49224,30.62028],[-96.50212,30.61343],[-96.50777,30.61773],[-96.50759,30.6247],[-96.51033,30.62777],[-96.51768,30.62617],[-96.53048,30.62816],[-96.54697,30.6278],[-96.55183,30.63148],[-96.55649,30.63263],[-96.56627,30.62933],[-96.56911,30.63568],[-96.5714,30.6372],[-96.58034,30.63681],[-96.58964,30.64007],[-96.59926,30.63924],[-96.60179,30.64065],[-96.59628,30.64656],[-96.59459,30.65211],[-96.58763,30.65549],[-96.58346,30.66031],[-96.58256,30.66455],[-96.58404,30.68198],[-96.58069,30.68929],[-96.57153,30.68863],[-96.56821,30.69198],[-96.56701,30.69576],[-96.45757,30.74452],[-96.43869,30.77414],[-96.42322,30.79302],[-96.40986,30.82637],[-96.39875,30.84001],[-96.38725,30.86413],[-96.38243,30.87059],[-96.36535,30.88495],[-96.36242,30.89605],[-96.34854,30.91216],[-96.33687,30.92131],[-96.30565,30.94036],[-96.2486,30.97113],[-96.24098,30.97383],[-96.23745,30.9695],[-96.24013,30.96548],[-96.23745,30.96296],[-96.23828,30.96067],[-96.23707,30.95963]]]]},"properties":{"fips":"48041","name":"Brazos","n":0,"mw":0.0,"first":null,"last":null,"hh":null,"projects":0}},{"type":"Feature","id":48053,"geometry":{"type":"MultiPolygon","coordinates":[[[[-97.91161,31.03502],[-97.88632,31.00133],[-97.82845,30.91076],[-97.88349,30.85611],[-97.96287,30.78565],[-98.12343,30.48649],[-98.12282,30.48506],[-98.11373,30.48559],[-98.10748,30.49428],[-98.09779,30.49807],[-98.09772,30.46764],[-98.12546,30.4262],[-98.34995,30.48585],[-98.35001,30.55843],[-98.36539,30.57248],[-98.37032,30.57445],[-98.37545,30.57405],[-98.39858,30.56376],[-98.40269,30.56389],[-98.40518,30.56593],[-98.41116,30.57465],[-98.41374,30.58563],[-98.41184,30.58819],[-98.40103,30.59425],[-98.40013,30.59832],[-98.41761,30.62728],[-98.41845,30.63301],[-98.41697,30.64019],[-98.41815,30.64525],[-98.42873,30.65463],[-98.42894,30.66147],[-98.43875,30.66236],[-98.44187,30.66696],[-98.44043,30.67179],[-98.43759,30.67378],[-98.42958,30.67518],[-98.42073,30.67412],[-98.4143,30.67589],[-98.40779,30.67503],[-98.40333,30.67686],[-98.40219,30.6808],[-98.40532,30.68977],[-98.41422,30.70399],[-98.41011,30.70847],[-98.40826,30.71569],[-98.40416,30.72109],[-98.39267,30.72124],[-98.38527,30.73064],[-98.37407,30.73831],[-98.37147,30.74238],[-98.37489,30.74639],[-98.37779,30.74725],[-98.39193,30.74609],[-98.40001,30.75021],[-98.40687,30.7515],[-98.42454,30.75066],[-98.42988,30.75596],[-98.42955,30.76301],[-98.42255,30.77505],[-98.43187,30.78584],[-98.43187,30.79052],[-98.42538,30.79558],[-98.41256,30.795],[-98.40939,30.79997],[-98.40813,30.80917],[-98.40335,30.81795],[-98.38764,30.81936],[-98.38009,30.82601],[-98.3766,30.83379],[-98.38138,30.83821],[-98.39995,30.84395],[-98.40535,30.84357],[-98.40695,30.83895],[-98.41,30.836],[-98.4216,30.83501],[-98.42222,30.83924],[-98.41926,30.85707],[-98.42187,30.86368],[-98.4337,30.87005],[-98.44986,30.87105],[-98.45655,30.87683],[-98.45644,30.88311],[-98.44853,30.89109],[-98.44918,30.90704],[-98.44534,30.92218],[-98.4394,30.92671],[-98.42025,30.92482],[-98.41743,30.92847],[-98.4146,30.94213],[-98.41717,30.94546],[-98.42229,30.94778],[-98.44239,30.94971],[-98.44749,30.95255],[-98.45259,30.96345],[-98.45277,30.9686],[-98.44266,30.9802],[-98.44199,30.98439],[-98.44654,30.9933],[-98.45903,31.00685],[-98.45873,31.01187],[-98.44248,31.02064],[-98.43961,31.02509],[-98.43984,31.02965],[-97.91161,31.03502]]]]},"properties":{"fips":"48053","name":"Burnet","n":0,"mw":0.0,"first":null,"last":null,"hh":null,"projects":0}},{"type":"Feature","id":48327,"geometry":{"type":"MultiPolygon","coordinates":[[[[-99.60337,31.08697],[-99.60355,30.94069],[-99.48468,30.94067],[-99.48392,30.7109],[-100.11624,30.71043],[-100.11539,31.08806],[-99.60337,31.08697]]]]},"properties":{"fips":"48327","name":"Menard","n":0,"mw":0.0,"first":null,"last":null,"hh":null,"projects":0}},{"type":"Feature","id":48471,"geometry":{"type":"MultiPolygon","coordinates":[[[[-95.43469,31.05801],[-95.43446,30.93741],[-95.4214,30.93671],[-95.41211,30.93167],[-95.41002,30.92738],[-95.41425,30.91851],[-95.41087,30.9128],[-95.41537,30.9089],[-95.41523,30.9074],[-95.40624,30.90652],[-95.4054,30.8985],[-95.39893,30.89221],[-95.38997,30.88909],[-95.38514,30.88906],[-95.38076,30.88614],[-95.38047,30.88008],[-95.3816,30.87915],[-95.38945,30.87914],[-95.39678,30.88282],[-95.39991,30.88079],[-95.3934,30.87815],[-95.39143,30.87576],[-95.39847,30.86737],[-95.39841,30.85954],[-95.38317,30.85294],[-95.37313,30.85598],[-95.36427,30.85464],[-95.35374,30.85627],[-95.34963,30.86045],[-95.35047,30.86809],[-95.34379,30.87579],[-95.33702,30.87223],[-95.33114,30.86131],[-95.3273,30.85958],[-95.33769,30.74952],[-95.3464,30.62582],[-95.3591,30.5044],[-95.36322,30.50891],[-95.59881,30.50891],[-95.83025,30.6304],[-95.86236,30.8654],[-95.85774,30.86435],[-95.85032,30.86747],[-95.84844,30.86311],[-95.84321,30.86217],[-95.8338,30.86522],[-95.82905,30.86223],[-95.82682,30.86383],[-95.82831,30.86558],[-95.82127,30.86787],[-95.82138,30.86905],[-95.81784,30.86972],[-95.81463,30.86714],[-95.81195,30.86837],[-95.81036,30.87184],[-95.79642,30.8781],[-95.78494,30.87893],[-95.78384,30.88177],[-95.78119,30.88364],[-95.77967,30.88286],[-95.77539,30.88689],[-95.76955,30.88953],[-95.76865,30.89274],[-95.76684,30.89196],[-95.76542,30.8932],[-95.76653,30.89362],[-95.7646,30.89458],[-95.76546,30.89604],[-95.76197,30.89612],[-95.76233,30.89757],[-95.7587,30.89846],[-95.758,30.90036],[-95.75693,30.89875],[-95.74986,30.90182],[-95.74565,30.90218],[-95.74379,30.9008],[-95.74305,30.90236],[-95.73904,30.90115],[-95.73892,30.89923],[-95.73336,30.90011],[-95.73242,30.9031],[-95.73035,30.90223],[-95.72583,30.90667],[-95.7233,30.90719],[-95.72371,30.90827],[-95.71876,30.9086],[-95.7164,30.91134],[-95.71588,30.90967],[-95.71263,30.91103],[-95.71279,30.9092],[-95.7112,30.90897],[-95.7125,30.90791],[-95.70982,30.90573],[-95.70572,30.90769],[-95.69591,30.90728],[-95.69756,30.90428],[-95.69148,30.90115],[-95.6906,30.90234],[-95.68611,30.90124],[-95.68277,30.90606],[-95.68195,30.9049],[-95.67555,30.90588],[-95.67169,30.90336],[-95.66681,30.90514],[-95.66582,30.9031],[-95.66405,30.90417],[-95.66285,30.90061],[-95.66165,30.90144],[-95.65964,30.89907],[-95.6616,30.89839],[-95.66136,30.89686],[-95.655,30.89649],[-95.65622,30.89448],[-95.65512,30.89327],[-95.6493,30.89518],[-95.64891,30.8974],[-95.6461,30.89737],[-95.6435,30.90011],[-95.63903,30.90089],[-95.63734,30.89925],[-95.63572,30.90145],[-95.63335,30.89933],[-95.63184,30.90085],[-95.62965,30.89997],[-95.62777,30.90278],[-95.62976,30.90339],[-95.63013,30.90604],[-95.62781,30.91099],[-95.62566,30.90964],[-95.62394,30.91203],[-95.62143,30.91206],[-95.62166,30.9137],[-95.61937,30.91397],[-95.61663,30.91004],[-95.61371,30.9148],[-95.61631,30.91625],[-95.61502,30.91794],[-95.61193,30.9175],[-95.62214,30.92538],[-95.61888,30.92727],[-95.61814,30.93027],[-95.43469,31.05801]]]]},"properties":{"fips":"48471","name":"Walker","n":0,"mw":0.0,"first":null,"last":null,"hh":null,"projects":0}},{"type":"Feature","id":48331,"geometry":{"type":"MultiPolygon","coordinates":[[[[-96.82952,31.10558],[-96.83071,31.10055],[-96.81736,31.09096],[-96.80924,31.08031],[-96.81991,31.06896],[-96.82113,31.06413],[-96.82006,31.06103],[-96.81674,31.05902],[-96.8104,31.05839],[-96.79749,31.06411],[-96.7916,31.06509],[-96.78696,31.06104],[-96.78611,31.05117],[-96.78418,31.04855],[-96.77738,31.04825],[-96.77148,31.04999],[-96.76823,31.04887],[-96.76675,31.04667],[-96.76716,31.04284],[-96.77727,31.03677],[-96.77869,31.03381],[-96.77621,31.03008],[-96.77033,31.02702],[-96.77063,31.02238],[-96.77438,31.01834],[-96.77132,31.00215],[-96.76968,31.00002],[-96.76678,30.99948],[-96.75558,31.00549],[-96.74849,31.00247],[-96.74679,31.00024],[-96.74569,30.99639],[-96.74701,30.99318],[-96.75662,30.98856],[-96.75952,30.97792],[-96.77067,30.97221],[-96.77239,30.96721],[-96.771,30.96043],[-96.76917,30.95853],[-96.76478,30.95869],[-96.76063,30.95588],[-96.75566,30.94541],[-96.75496,30.94117],[-96.75759,30.93044],[-96.75641,30.92745],[-96.74252,30.91577],[-96.72844,30.91528],[-96.72796,30.91313],[-96.73404,30.90294],[-96.72622,30.89853],[-96.71577,30.89733],[-96.70648,30.90536],[-96.69757,30.9088],[-96.69001,30.90862],[-96.68444,30.90547],[-96.68323,30.89952],[-96.68583,30.89563],[-96.69532,30.89851],[-96.69733,30.89753],[-96.69317,30.89027],[-96.68353,30.8843],[-96.68221,30.88201],[-96.68399,30.87938],[-96.69016,30.87973],[-96.69477,30.8782],[-96.69597,30.87419],[-96.69492,30.86485],[-96.69239,30.86086],[-96.6819,30.8519],[-96.67848,30.84374],[-96.66868,30.84091],[-96.66855,30.83312],[-96.64921,30.82596],[-96.64414,30.8221],[-96.64008,30.81615],[-96.63621,30.80573],[-96.63619,30.7979],[-96.6387,30.79463],[-96.64687,30.79001],[-96.6488,30.78349],[-96.64678,30.7797],[-96.643,30.77801],[-96.63385,30.78204],[-96.62534,30.78044],[-96.62095,30.76984],[-96.61291,30.75947],[-96.61233,30.75442],[-96.61485,30.75017],[-96.6189,30.74829],[-96.62566,30.75],[-96.63292,30.74182],[-96.62141,30.73073],[-96.96502,30.55651],[-97.15515,30.45729],[-97.2713,30.7357],[-97.3155,30.75236],[-97.25897,30.88959],[-96.82882,31.11083],[-96.82952,31.10558]]]]},"properties":{"fips":"48331","name":"Milam","n":0,"mw":0.0,"first":null,"last":null,"hh":null,"projects":0}},{"type":"Feature","id":48313,"geometry":{"type":"MultiPolygon","coordinates":[[[[-95.75997,31.08886],[-95.75599,31.08878],[-95.75059,31.09221],[-95.74185,31.09104],[-95.73755,31.08412],[-95.73399,31.0837],[-95.72884,31.08811],[-95.72582,31.08167],[-95.72329,31.0798],[-95.7116,31.08189],[-95.70641,31.07779],[-95.70381,31.08251],[-95.69828,31.07664],[-95.69242,31.08202],[-95.68803,31.08062],[-95.68527,31.07662],[-95.6794,31.07867],[-95.67499,31.07587],[-95.66314,31.08426],[-95.6615,31.08042],[-95.65606,31.07933],[-95.65404,31.07357],[-95.64831,31.07016],[-95.64876,31.06861],[-95.65478,31.06715],[-95.64802,31.05892],[-95.64714,31.05497],[-95.63391,31.05406],[-95.62959,31.05157],[-95.62802,31.04365],[-95.63166,31.04003],[-95.63118,31.03689],[-95.6349,31.03731],[-95.63765,31.04209],[-95.6411,31.04238],[-95.64599,31.03665],[-95.66248,31.03373],[-95.66786,31.02809],[-95.66937,31.02489],[-95.66786,31.02093],[-95.65822,31.01624],[-95.66465,31.00335],[-95.66983,30.99836],[-95.67033,30.9938],[-95.67842,30.99067],[-95.68139,30.98777],[-95.67526,30.98546],[-95.67321,30.9768],[-95.66446,30.9709],[-95.66009,30.95725],[-95.65023,30.94656],[-95.64979,30.93584],[-95.6431,30.93474],[-95.6408,30.92831],[-95.63722,30.92644],[-95.62787,30.92624],[-95.61814,30.93027],[-95.61888,30.92727],[-95.62214,30.92538],[-95.61191,30.91828],[-95.61264,30.91717],[-95.6152,30.91787],[-95.61631,30.91625],[-95.61371,30.9148],[-95.61663,30.91004],[-95.61937,30.91397],[-95.62166,30.9137],[-95.62143,30.91206],[-95.62394,30.91203],[-95.62566,30.90964],[-95.62767,30.91101],[-95.62954,30.90924],[-95.62865,30.90686],[-95.63008,30.9062],[-95.62983,30.9035],[-95.62777,30.90278],[-95.62953,30.90003],[-95.63184,30.90085],[-95.63335,30.89933],[-95.63572,30.90145],[-95.63734,30.89925],[-95.63903,30.90089],[-95.6435,30.90011],[-95.6461,30.89737],[-95.64891,30.8974],[-95.6493,30.89518],[-95.65483,30.89326],[-95.65622,30.89448],[-95.655,30.89649],[-95.66136,30.89686],[-95.6616,30.89839],[-95.65964,30.89907],[-95.66165,30.90144],[-95.66285,30.90061],[-95.66405,30.90417],[-95.66582,30.9031],[-95.66681,30.90514],[-95.67169,30.90336],[-95.67555,30.90588],[-95.68195,30.9049],[-95.68277,30.90606],[-95.68611,30.90124],[-95.6906,30.90234],[-95.69148,30.90115],[-95.69756,30.90428],[-95.69591,30.90728],[-95.70572,30.90769],[-95.70982,30.90573],[-95.7125,30.90791],[-95.7112,30.90897],[-95.71279,30.9092],[-95.71263,30.91103],[-95.71588,30.90967],[-95.7164,30.91134],[-95.71876,30.9086],[-95.72371,30.90827],[-95.7233,30.90719],[-95.72583,30.90667],[-95.73035,30.90223],[-95.73242,30.9031],[-95.73336,30.90011],[-95.73892,30.89923],[-95.73904,30.90115],[-95.74305,30.90236],[-95.74379,30.9008],[-95.74565,30.90218],[-95.74986,30.90182],[-95.75693,30.89875],[-95.758,30.90036],[-95.7587,30.89846],[-95.76233,30.89757],[-95.76197,30.89612],[-95.76546,30.89604],[-95.7646,30.89458],[-95.76653,30.89362],[-95.76542,30.8932],[-95.76684,30.89196],[-95.76865,30.89274],[-95.76955,30.88953],[-95.77539,30.88689],[-95.77967,30.88286],[-95.78119,30.88364],[-95.78384,30.88177],[-95.78494,30.87893],[-95.79642,30.8781],[-95.81036,30.87184],[-95.81195,30.86837],[-95.81463,30.86714],[-95.81784,30.86972],[-95.82138,30.86905],[-95.82127,30.86787],[-95.82831,30.86558],[-95.82682,30.86383],[-95.82979,30.86204],[-95.8338,30.86522],[-95.84321,30.86217],[-95.84844,30.86311],[-95.85014,30.86736],[-95.85157,30.86741],[-95.85774,30.86435],[-95.86219,30.86545],[-95.86284,30.86405],[-96.11948,30.82751],[-96.17011,30.82635],[-96.17162,30.82821],[-96.17399,30.82659],[-96.17448,30.82761],[-96.17132,30.82932],[-96.17536,30.83121],[-96.17329,30.83112],[-96.17616,30.84086],[-96.17343,30.84442],[-96.17504,30.84592],[-96.17224,30.84659],[-96.17645,30.84915],[-96.17422,30.85313],[-96.17722,30.85371],[-96.17699,30.8582],[-96.18389,30.86129],[-96.1828,30.86327],[-96.18549,30.86364],[-96.18592,30.86732],[-96.18899,30.86605],[-96.19059,30.86728],[-96.18962,30.86932],[-96.19232,30.86783],[-96.19293,30.87097],[-96.19477,30.87005],[-96.19593,30.87111],[-96.19618,30.87617],[-96.19318,30.87828],[-96.19329,30.88155],[-96.19838,30.88667],[-96.20022,30.88534],[-96.20044,30.88832],[-96.19781,30.88848],[-96.20036,30.88928],[-96.19934,30.89098],[-96.20135,30.89084],[-96.20097,30.89269],[-96.20247,30.89223],[-96.20423,30.89643],[-96.20288,30.89726],[-96.20431,30.89778],[-96.20357,30.90131],[-96.20645,30.90061],[-96.20671,30.90226],[-96.21267,30.90467],[-96.21169,30.91061],[-96.21338,30.91131],[-96.21059,30.9142],[-96.21003,30.91724],[-96.2064,30.91821],[-96.20858,30.92062],[-96.20611,30.92075],[-96.20676,30.92388],[-96.20124,30.92586],[-96.20453,30.92811],[-96.20336,30.9286],[-96.20322,30.93311],[-96.20024,30.93043],[-96.19849,30.93247],[-96.20086,30.93324],[-96.20174,30.93802],[-96.2062,30.94048],[-96.20771,30.94746],[-96.20901,30.94673],[-96.21205,30.94939],[-96.21849,30.95016],[-96.21943,30.95217],[-96.22351,30.95097],[-96.22796,30.95178],[-96.23289,30.95563],[-96.23415,30.9592],[-96.23828,30.96067],[-96.23745,30.96296],[-96.24003,30.9644],[-96.23735,30.96898],[-96.24098,30.97383],[-96.23455,30.97608],[-96.2304,30.97958],[-96.21319,30.98192],[-96.19266,30.99147],[-96.17018,30.99487],[-96.07615,31.04879],[-96.04859,31.0684],[-96.04445,31.06975],[-96.01985,31.06921],[-96.00785,31.07317],[-95.98893,31.08605],[-95.97543,31.09189],[-95.76427,31.09431],[-95.75997,31.08886]]]]},"properties":{"fips":"48313","name":"Madison","n":0,"mw":0.0,"first":null,"last":null,"hh":null,"projects":0}},{"type":"Feature","id":48243,"geometry":{"type":"MultiPolygon","coordinates":[[[[-103.43998,30.66581],[-103.80077,30.41247],[-103.90093,30.41218],[-104.97969,30.62939],[-104.33253,30.98277],[-104.10239,31.10514],[-103.58472,30.76679],[-103.43998,30.66581]]]]},"properties":{"fips":"48243","name":"Jeff Davis","n":0,"mw":0.0,"first":null,"last":null,"hh":null,"projects":0}},{"type":"Feature","id":48457,"geometry":{"type":"MultiPolygon","coordinates":[[[[-94.54745,31.05905],[-94.54315,31.05379],[-94.53822,31.0545],[-94.53621,31.05375],[-94.53661,31.05193],[-94.53343,31.05372],[-94.53416,31.05663],[-94.52879,31.05372],[-94.52712,31.05595],[-94.52634,31.05115],[-94.52294,31.05296],[-94.52405,31.05134],[-94.52294,31.04846],[-94.5212,31.04863],[-94.52146,31.05086],[-94.51777,31.05153],[-94.51244,31.04626],[-94.51031,31.047],[-94.50876,31.04338],[-94.50638,31.04582],[-94.50334,31.04311],[-94.50221,31.04463],[-94.50063,31.04261],[-94.49601,31.04187],[-94.49174,31.04487],[-94.49105,31.04099],[-94.48916,31.04052],[-94.49093,31.03894],[-94.48535,31.03871],[-94.48429,31.03418],[-94.48565,31.03148],[-94.47334,31.02621],[-94.46285,31.03297],[-94.45785,31.03344],[-94.46013,31.03115],[-94.45857,31.03022],[-94.45157,31.03139],[-94.45044,31.0336],[-94.44424,31.03409],[-94.44224,31.02953],[-94.45027,31.01851],[-94.45038,31.01071],[-94.4532,31.00623],[-94.45083,31.0062],[-94.45034,31.00304],[-94.43458,31.00687],[-94.43377,31.00819],[-94.4353,31.01089],[-94.43298,31.01098],[-94.43197,31.01284],[-94.43586,31.0121],[-94.43575,31.01398],[-94.42806,31.0159],[-94.42594,31.0209],[-94.41988,31.02197],[-94.41418,31.02644],[-94.4034,31.02724],[-94.40077,31.02501],[-94.39827,31.02523],[-94.39621,31.0262],[-94.39592,31.02912],[-94.38626,31.02602],[-94.38557,31.02952],[-94.3824,31.02639],[-94.38004,31.02866],[-94.37915,31.03242],[-94.37564,31.03527],[-94.37416,31.03467],[-94.37493,31.03155],[-94.37208,31.03072],[-94.35796,31.03459],[-94.35494,31.03234],[-94.35294,31.0346],[-94.35536,31.03706],[-94.35359,31.03937],[-94.34916,31.03815],[-94.34355,31.0397],[-94.34394,31.03583],[-94.33798,31.03697],[-94.33631,31.0334],[-94.33718,31.03019],[-94.32887,31.02204],[-94.32471,31.02021],[-94.31294,31.02438],[-94.29923,31.03388],[-94.298,31.03622],[-94.29926,31.04143],[-94.29286,31.04308],[-94.28666,31.04054],[-94.2827,31.03643],[-94.2864,31.02737],[-94.28091,31.01823],[-94.27384,31.01674],[-94.27065,31.01902],[-94.26015,31.02009],[-94.25707,31.01849],[-94.25254,31.01893],[-94.24613,31.0116],[-94.23806,31.01374],[-94.24088,31.00727],[-94.23375,30.99339],[-94.23296,30.98631],[-94.24024,30.98839],[-94.24099,30.98972],[-94.23906,30.99211],[-94.24131,30.99232],[-94.24363,30.98167],[-94.23913,30.97314],[-94.23998,30.97037],[-94.24451,30.96829],[-94.24477,30.96633],[-94.23887,30.9603],[-94.22756,30.95774],[-94.23125,30.95567],[-94.23355,30.95198],[-94.22687,30.95057],[-94.23118,30.94691],[-94.22772,30.94388],[-94.22825,30.9396],[-94.22434,30.94099],[-94.22464,30.94685],[-94.2229,30.94751],[-94.22051,30.94011],[-94.22227,30.93714],[-94.22069,30.93512],[-94.21282,30.93465],[-94.21016,30.93794],[-94.20319,30.93446],[-94.20727,30.93238],[-94.2065,30.93026],[-94.19939,30.92879],[-94.20801,30.92253],[-94.2045,30.91741],[-94.20489,30.91459],[-94.20723,30.90943],[-94.21146,30.9107],[-94.2129,30.90958],[-94.21583,30.90126],[-94.20917,30.89913],[-94.20053,30.89282],[-94.20041,30.88969],[-94.20489,30.88908],[-94.20527,30.88695],[-94.19535,30.88074],[-94.19368,30.87792],[-94.19926,30.87431],[-94.18998,30.87195],[-94.19508,30.86843],[-94.19303,30.86379],[-94.20119,30.86322],[-94.19691,30.85984],[-94.19792,30.85295],[-94.19173,30.8451],[-94.19399,30.84192],[-94.19162,30.84028],[-94.19104,30.83743],[-94.1834,30.83634],[-94.18009,30.83429],[-94.18442,30.83423],[-94.18596,30.83151],[-94.17956,30.82955],[-94.18235,30.826],[-94.17836,30.82298],[-94.18774,30.82433],[-94.18902,30.81845],[-94.18822,30.81684],[-94.18466,30.81623],[-94.1846,30.81251],[-94.18295,30.81111],[-94.1806,30.81021],[-94.17765,30.81211],[-94.17828,30.80954],[-94.18108,30.80819],[-94.18208,30.80336],[-94.17868,30.79998],[-94.18159,30.79741],[-94.17839,30.79453],[-94.16872,30.79351],[-94.16406,30.79053],[-94.15793,30.78942],[-94.15035,30.79041],[-94.14261,30.78425],[-94.13997,30.77979],[-94.13944,30.77726],[-94.14242,30.7722],[-94.13694,30.77058],[-94.13276,30.76516],[-94.13337,30.76256],[-94.1399,30.75608],[-94.13616,30.75178],[-94.12998,30.75157],[-94.12801,30.74549],[-94.13398,30.73975],[-94.135,30.73537],[-94.1382,30.73131],[-94.13128,30.72578],[-94.12914,30.71917],[-94.13727,30.71454],[-94.12303,30.70139],[-94.12338,30.68982],[-94.12552,30.68734],[-94.12547,30.68389],[-94.12321,30.68272],[-94.1191,30.68498],[-94.11496,30.68457],[-94.10751,30.68845],[-94.1012,30.68776],[-94.09597,30.68929],[-94.09025,30.68784],[-94.08919,30.6859],[-94.09138,30.68205],[-94.08929,30.67364],[-94.08736,30.67061],[-94.08217,30.66745],[-94.08608,30.65707],[-94.08442,30.65647],[-94.07991,30.65892],[-94.07305,30.65587],[-94.07358,30.66144],[-94.07757,30.65957],[-94.07937,30.66064],[-94.07644,30.66669],[-94.07438,30.66783],[-94.07124,30.66391],[-94.06509,30.66282],[-94.06071,30.65726],[-94.05639,30.65533],[-94.05294,30.64902],[-94.05407,30.647],[-94.057,30.64899],[-94.05974,30.64712],[-94.05748,30.64312],[-94.05443,30.6463],[-94.0513,30.64124],[-94.05114,30.63703],[-94.05574,30.63313],[-94.0529,30.62937],[-94.05781,30.62896],[-94.05767,30.62523],[-94.06229,30.62493],[-94.0636,30.62119],[-94.06942,30.62124],[-94.07605,30.61793],[-94.07594,30.61529],[-94.07024,30.61332],[-94.06966,30.6108],[-94.07228,30.60759],[-94.08148,30.60708],[-94.07843,30.60334],[-94.07922,30.59806],[-94.08569,30.59751],[-94.08575,30.59552],[-94.08236,30.59236],[-94.08706,30.58971],[-94.08675,30.5848],[-94.09296,30.58493],[-94.09314,30.58003],[-94.096,30.57707],[-94.09485,30.5756],[-94.0883,30.57499],[-94.0884,30.57156],[-94.08571,30.56889],[-94.09161,30.56969],[-94.09394,30.56672],[-94.08636,30.55969],[-94.0883,30.55629],[-94.08526,30.55172],[-94.08607,30.54753],[-94.07804,30.54722],[-94.07072,30.54125],[-94.071,30.53881],[-94.07399,30.53598],[-94.0725,30.53418],[-94.06716,30.53359],[-94.06894,30.52737],[-94.07178,30.52606],[-94.54544,30.52692],[-94.65791,31.01188],[-94.5619,31.05898],[-94.56029,31.05781],[-94.55801,31.05901],[-94.55809,31.05699],[-94.55448,31.05763],[-94.55479,31.05501],[-94.5499,31.0551],[-94.54851,31.05339],[-94.54733,31.05451],[-94.54932,31.05771],[-94.54745,31.05905]]]]},"properties":{"fips":"48457","name":"Tyler","n":0,"mw":0.0,"first":null,"last":null,"hh":null,"projects":0}},{"type":"Feature","id":48373,"geometry":{"type":"MultiPolygon","coordinates":[[[[-94.84253,31.14622],[-94.84144,31.14339],[-94.83176,31.14168],[-94.8295,31.13874],[-94.82756,31.13992],[-94.82504,31.13821],[-94.82213,31.13996],[-94.81857,31.13246],[-94.81402,31.13065],[-94.81251,31.13352],[-94.80278,31.13008],[-94.8029,31.13209],[-94.79673,31.13125],[-94.79375,31.12848],[-94.79499,31.12744],[-94.79007,31.12418],[-94.7828,31.12228],[-94.78083,31.12365],[-94.77545,31.118],[-94.76973,31.11746],[-94.76826,31.11489],[-94.76531,31.11493],[-94.76023,31.11099],[-94.75457,31.10928],[-94.75137,31.10561],[-94.74578,31.10676],[-94.73762,31.10352],[-94.7259,31.10597],[-94.72352,31.10841],[-94.72152,31.10612],[-94.71916,31.10713],[-94.71609,31.10565],[-94.71572,31.10369],[-94.71401,31.10475],[-94.71292,31.10355],[-94.71023,31.10558],[-94.70782,31.10453],[-94.70965,31.10396],[-94.70912,31.10117],[-94.70559,31.10259],[-94.7063,31.09972],[-94.70417,31.09892],[-94.70288,31.10208],[-94.6992,31.09951],[-94.69974,31.09775],[-94.69828,31.09631],[-94.69697,31.09629],[-94.69789,31.09817],[-94.69687,31.09861],[-94.69239,31.09581],[-94.69006,31.09797],[-94.68683,31.09638],[-94.67929,31.09609],[-94.67819,31.09319],[-94.67089,31.09557],[-94.66989,31.09352],[-94.67222,31.09307],[-94.67252,31.09152],[-94.67074,31.0885],[-94.66354,31.08851],[-94.66327,31.08637],[-94.65836,31.08487],[-94.65466,31.08886],[-94.65482,31.09402],[-94.64832,31.09905],[-94.64659,31.09257],[-94.64322,31.0882],[-94.64034,31.08692],[-94.63504,31.09008],[-94.6299,31.08355],[-94.62546,31.08667],[-94.62356,31.08546],[-94.62297,31.08741],[-94.62161,31.08542],[-94.61871,31.08593],[-94.61744,31.0839],[-94.61436,31.08513],[-94.61301,31.08225],[-94.61434,31.08106],[-94.60958,31.08211],[-94.61219,31.07805],[-94.60734,31.07792],[-94.60581,31.07471],[-94.60454,31.07766],[-94.60191,31.07392],[-94.60255,31.07154],[-94.59891,31.06857],[-94.59447,31.07277],[-94.59101,31.07107],[-94.5923,31.06839],[-94.58923,31.06608],[-94.58556,31.06653],[-94.58258,31.06476],[-94.58197,31.06808],[-94.5789,31.06893],[-94.57486,31.06725],[-94.5741,31.06852],[-94.5742,31.06637],[-94.57128,31.06327],[-94.56905,31.06426],[-94.56866,31.06162],[-94.56717,31.06436],[-94.56419,31.06235],[-94.5626,31.06223],[-94.5624,31.06366],[-94.56132,31.06258],[-94.5619,31.05898],[-94.65791,31.01188],[-94.53782,30.49125],[-94.73359,30.49012],[-94.8426,30.48752],[-94.85054,30.49446],[-94.86501,30.49457],[-94.8677,30.50826],[-94.86702,30.51154],[-94.85733,30.51708],[-94.85311,30.52417],[-94.83387,30.53012],[-94.82988,30.53872],[-94.83029,30.54153],[-94.84194,30.5463],[-94.84981,30.5442],[-94.85899,30.54702],[-94.87539,30.5462],[-94.87865,30.55038],[-94.88491,30.55262],[-94.88997,30.55654],[-94.89983,30.55704],[-94.9098,30.56137],[-94.92687,30.55794],[-94.93654,30.55773],[-94.94229,30.56118],[-94.94888,30.5703],[-94.9574,30.57193],[-94.96613,30.57675],[-94.98634,30.57616],[-94.99515,30.57937],[-95.00363,30.58014],[-95.01812,30.57729],[-95.02975,30.57916],[-95.03591,30.58679],[-95.03572,30.58811],[-95.02894,30.59107],[-95.03119,30.59803],[-95.02591,30.59672],[-95.02228,30.60038],[-95.01602,30.60086],[-95.01397,30.60455],[-95.007,30.60728],[-95.00858,30.61208],[-95.0092,30.62732],[-95.01602,30.62743],[-95.01554,30.63359],[-95.02145,30.63745],[-95.02462,30.64908],[-95.02228,30.65112],[-95.01528,30.64822],[-95.01259,30.6488],[-95.00891,30.65345],[-95.01067,30.65746],[-95.01261,30.65835],[-95.02062,30.65445],[-95.02312,30.66013],[-95.04042,30.6635],[-95.04142,30.66513],[-95.04029,30.66669],[-95.03261,30.67168],[-95.03392,30.6741],[-95.03877,30.67584],[-95.04622,30.67162],[-95.05419,30.67139],[-95.05519,30.67276],[-95.05319,30.67836],[-95.05501,30.68045],[-95.06079,30.67828],[-95.06543,30.67427],[-95.07267,30.67313],[-95.07962,30.6694],[-95.09002,30.6719],[-95.09171,30.66389],[-95.09513,30.66084],[-95.10606,30.65792],[-95.11493,30.66094],[-95.11591,30.66527],[-95.11111,30.67025],[-95.11074,30.67254],[-95.11856,30.67541],[-95.11957,30.67706],[-95.11553,30.6876],[-95.10949,30.69378],[-95.11848,30.69663],[-95.13499,30.69343],[-95.13484,30.69867],[-95.13766,30.70595],[-95.14616,30.71489],[-95.14709,30.71793],[-95.14208,30.7296],[-95.14568,30.743],[-95.13563,30.74805],[-95.13118,30.75819],[-95.13174,30.76243],[-95.13947,30.77609],[-95.13218,30.78055],[-95.13143,30.78263],[-95.13797,30.78427],[-95.14096,30.78869],[-95.14858,30.79244],[-95.1565,30.80018],[-95.16687,30.80271],[-95.17215,30.80627],[-95.17888,30.81346],[-95.18078,30.81851],[-95.18831,30.81831],[-95.19328,30.82389],[-95.19992,30.82472],[-94.93916,31.04197],[-94.84253,31.14622]]]]},"properties":{"fips":"48373","name":"Polk","n":0,"mw":0.0,"first":null,"last":null,"hh":null,"projects":0}},{"type":"Feature","id":48241,"geometry":{"type":"MultiPolygon","coordinates":[[[[-93.90442,31.12737],[-93.86556,30.94722],[-93.87486,30.677],[-93.90132,30.24268],[-94.11808,30.2417],[-94.11823,30.24414],[-94.11074,30.24699],[-94.10684,30.25371],[-94.1015,30.25626],[-94.09782,30.25582],[-94.09627,30.25848],[-94.10417,30.26622],[-94.10398,30.26417],[-94.10703,30.26417],[-94.10757,30.26126],[-94.11392,30.26321],[-94.11298,30.26484],[-94.10983,30.26487],[-94.11213,30.26647],[-94.11078,30.26787],[-94.11248,30.27064],[-94.11164,30.2728],[-94.11748,30.27956],[-94.1182,30.27738],[-94.11987,30.27762],[-94.11905,30.27926],[-94.12073,30.28057],[-94.11771,30.28163],[-94.12041,30.28359],[-94.11971,30.28808],[-94.11563,30.28556],[-94.11408,30.28632],[-94.11716,30.29222],[-94.11768,30.30035],[-94.11425,30.30264],[-94.114,30.3054],[-94.10392,30.30813],[-94.10688,30.31],[-94.10483,30.31256],[-94.10169,30.31039],[-94.10181,30.31296],[-94.10414,30.31246],[-94.1047,30.31384],[-94.10154,30.31363],[-94.0998,30.31861],[-94.10465,30.31978],[-94.10596,30.32246],[-94.10101,30.32106],[-94.09815,30.32282],[-94.09888,30.32473],[-94.10211,30.32422],[-94.10288,30.32546],[-94.09702,30.33194],[-94.09621,30.33917],[-94.08935,30.33771],[-94.0841,30.34118],[-94.08279,30.34476],[-94.08466,30.35319],[-94.08679,30.35243],[-94.08437,30.34984],[-94.0853,30.34896],[-94.09082,30.35064],[-94.08946,30.35267],[-94.09383,30.35678],[-94.09364,30.36109],[-94.09557,30.35951],[-94.09949,30.36171],[-94.09959,30.36437],[-94.1013,30.36566],[-94.10014,30.36796],[-94.10264,30.36846],[-94.10172,30.37011],[-94.09886,30.3693],[-94.102,30.37139],[-94.10027,30.37357],[-94.10252,30.37613],[-94.1005,30.37683],[-94.10272,30.37948],[-94.10177,30.38421],[-94.10316,30.38582],[-94.10475,30.38439],[-94.10823,30.38756],[-94.10565,30.38689],[-94.10641,30.3896],[-94.10428,30.3898],[-94.10327,30.3936],[-94.10928,30.39402],[-94.11081,30.39598],[-94.11377,30.39485],[-94.11286,30.39726],[-94.11683,30.39764],[-94.11663,30.40195],[-94.11309,30.40281],[-94.11315,30.40631],[-94.11485,30.40733],[-94.11553,30.40475],[-94.11772,30.40553],[-94.11869,30.40716],[-94.11598,30.4092],[-94.1202,30.41084],[-94.11646,30.41126],[-94.11814,30.4147],[-94.11253,30.41542],[-94.11732,30.41609],[-94.11345,30.41917],[-94.11425,30.42392],[-94.11837,30.42493],[-94.11936,30.42665],[-94.11431,30.42886],[-94.11669,30.43424],[-94.11376,30.43366],[-94.11003,30.4369],[-94.10674,30.43732],[-94.10735,30.45016],[-94.10388,30.4507],[-94.10462,30.45348],[-94.10152,30.4555],[-94.10086,30.45787],[-94.09799,30.45842],[-94.10022,30.46319],[-94.09656,30.46119],[-94.09428,30.46564],[-94.09509,30.4667],[-94.09853,30.46508],[-94.10002,30.46725],[-94.10348,30.46801],[-94.10062,30.47021],[-94.09683,30.47008],[-94.09794,30.47388],[-94.09301,30.47409],[-94.09365,30.47765],[-94.08541,30.48978],[-94.08137,30.48818],[-94.07878,30.48989],[-94.0826,30.4921],[-94.07954,30.49449],[-94.07941,30.50021],[-94.08013,30.50362],[-94.08419,30.50543],[-94.08246,30.50846],[-94.0834,30.51083],[-94.07852,30.5106],[-94.07785,30.51462],[-94.07098,30.52147],[-94.07391,30.52528],[-94.06894,30.52737],[-94.06705,30.5322],[-94.06739,30.53378],[-94.07393,30.53552],[-94.07055,30.53987],[-94.0717,30.54243],[-94.07818,30.54727],[-94.08607,30.54753],[-94.08526,30.55172],[-94.0883,30.55629],[-94.08636,30.55969],[-94.09395,30.56743],[-94.09107,30.56983],[-94.08712,30.56827],[-94.08567,30.56946],[-94.0884,30.57156],[-94.08889,30.57561],[-94.09485,30.5756],[-94.096,30.57707],[-94.09314,30.58003],[-94.09296,30.58493],[-94.08675,30.5848],[-94.08706,30.58971],[-94.08236,30.59236],[-94.08575,30.59552],[-94.08569,30.59751],[-94.07922,30.59806],[-94.07843,30.60334],[-94.08148,30.60708],[-94.07228,30.60759],[-94.06966,30.6108],[-94.07024,30.61332],[-94.07594,30.61529],[-94.07605,30.61793],[-94.06942,30.62124],[-94.0636,30.62119],[-94.06229,30.62493],[-94.05767,30.62523],[-94.05781,30.62896],[-94.0529,30.62937],[-94.05574,30.63313],[-94.05114,30.63703],[-94.0513,30.64124],[-94.05443,30.6463],[-94.05748,30.64312],[-94.05974,30.64712],[-94.057,30.64899],[-94.05407,30.647],[-94.05294,30.64902],[-94.05639,30.65533],[-94.06071,30.65726],[-94.06509,30.66282],[-94.07124,30.66391],[-94.07438,30.66783],[-94.07644,30.66669],[-94.07937,30.66064],[-94.07757,30.65957],[-94.07358,30.66144],[-94.07305,30.65587],[-94.07991,30.65892],[-94.08442,30.65647],[-94.08608,30.65707],[-94.08217,30.66745],[-94.08736,30.67061],[-94.08929,30.67364],[-94.09138,30.68205],[-94.08919,30.6859],[-94.09025,30.68784],[-94.09597,30.68929],[-94.1012,30.68776],[-94.10751,30.68845],[-94.11496,30.68457],[-94.1191,30.68498],[-94.12321,30.68272],[-94.12547,30.68389],[-94.12552,30.68734],[-94.12338,30.68982],[-94.12303,30.70139],[-94.13727,30.71454],[-94.12914,30.71917],[-94.13128,30.72578],[-94.1382,30.73131],[-94.135,30.73537],[-94.13398,30.73975],[-94.12801,30.74549],[-94.12998,30.75157],[-94.13616,30.75178],[-94.1399,30.75608],[-94.13337,30.76256],[-94.13276,30.76516],[-94.13694,30.77058],[-94.14242,30.7722],[-94.13944,30.77726],[-94.13997,30.77979],[-94.14261,30.78425],[-94.15035,30.79041],[-94.15793,30.78942],[-94.16406,30.79053],[-94.16872,30.79351],[-94.17839,30.79453],[-94.18159,30.79741],[-94.17868,30.79998],[-94.18208,30.80336],[-94.18108,30.80819],[-94.17828,30.80954],[-94.17765,30.81211],[-94.1806,30.81021],[-94.18295,30.81111],[-94.1846,30.81251],[-94.18466,30.81623],[-94.18822,30.81684],[-94.18902,30.81845],[-94.18774,30.82433],[-94.17836,30.82298],[-94.18235,30.826],[-94.17956,30.82955],[-94.18596,30.83151],[-94.18442,30.83423],[-94.18009,30.83429],[-94.1834,30.83634],[-94.19104,30.83743],[-94.19162,30.84028],[-94.19399,30.84192],[-94.19173,30.8451],[-94.19792,30.85295],[-94.19691,30.85984],[-94.20119,30.86322],[-94.19303,30.86379],[-94.19508,30.86843],[-94.18998,30.87195],[-94.19926,30.87431],[-94.19368,30.87792],[-94.19535,30.88074],[-94.20527,30.88695],[-94.20489,30.88908],[-94.20041,30.88969],[-94.20053,30.89282],[-94.20917,30.89913],[-94.21583,30.90126],[-94.2129,30.90958],[-94.21146,30.9107],[-94.20723,30.90943],[-94.20489,30.91459],[-94.2045,30.91741],[-94.20801,30.92253],[-94.19939,30.92879],[-94.2065,30.93026],[-94.20727,30.93238],[-94.20319,30.93446],[-94.21016,30.93794],[-94.21282,30.93465],[-94.22069,30.93512],[-94.22227,30.93714],[-94.22051,30.94011],[-94.2229,30.94751],[-94.22464,30.94685],[-94.22434,30.94099],[-94.22825,30.9396],[-94.22772,30.94388],[-94.23118,30.94691],[-94.22687,30.95057],[-94.23355,30.95198],[-94.23125,30.95567],[-94.22756,30.95774],[-94.23887,30.9603],[-94.24477,30.96633],[-94.24451,30.96829],[-94.23998,30.97037],[-94.23913,30.97314],[-94.24363,30.98167],[-94.24131,30.99232],[-94.23906,30.99211],[-94.24099,30.98972],[-94.24024,30.98839],[-94.23296,30.98631],[-94.23375,30.99339],[-94.24088,31.00727],[-94.23806,31.01374],[-94.24613,31.0116],[-94.25254,31.01893],[-94.25707,31.01849],[-94.26015,31.02009],[-94.27065,31.01902],[-94.27384,31.01674],[-94.28091,31.01823],[-94.2864,31.02737],[-94.2827,31.03643],[-94.28666,31.04054],[-94.29286,31.04308],[-94.29926,31.04143],[-94.298,31.03622],[-94.29923,31.03388],[-94.31294,31.02438],[-94.32471,31.02021],[-94.32887,31.02204],[-94.33718,31.03019],[-94.33631,31.0334],[-94.33798,31.03697],[-94.34394,31.03583],[-94.34355,31.0397],[-94.34916,31.03815],[-94.35359,31.03937],[-94.35536,31.03706],[-94.35294,31.0346],[-94.35494,31.03234],[-94.35796,31.03459],[-94.37208,31.03072],[-94.37493,31.03155],[-94.37416,31.03467],[-94.37564,31.03527],[-94.37915,31.03242],[-94.38004,31.02866],[-94.3824,31.02639],[-94.38557,31.02952],[-94.38626,31.02602],[-94.39592,31.02912],[-94.39621,31.0262],[-94.39827,31.02523],[-94.40077,31.02501],[-94.4034,31.02724],[-94.41418,31.02644],[-94.41988,31.02197],[-94.42594,31.0209],[-94.42806,31.0159],[-94.43575,31.01398],[-94.43586,31.0121],[-94.43197,31.01284],[-94.43298,31.01098],[-94.4353,31.01089],[-94.43377,31.00819],[-94.43458,31.00687],[-94.45034,31.00304],[-94.45083,31.0062],[-94.4532,31.00623],[-94.45038,31.01071],[-94.45041,31.01818],[-94.44225,31.02988],[-94.44556,31.03452],[-94.44676,31.03323],[-94.4505,31.03358],[-94.45183,31.03131],[-94.46013,31.03115],[-94.45779,31.03346],[-94.06411,31.11225],[-94.06261,31.1149],[-94.06218,31.11245],[-94.06072,31.11399],[-94.06069,31.11265],[-94.05894,31.11334],[-94.05654,31.11174],[-94.05554,31.1126],[-94.05773,31.11338],[-94.05711,31.11421],[-94.05083,31.11454],[-94.04749,31.11766],[-94.04555,31.11665],[-94.04543,31.1184],[-94.0427,31.1189],[-94.04166,31.12278],[-94.04013,31.12344],[-94.04103,31.12548],[-94.03757,31.1294],[-94.03974,31.12987],[-94.03885,31.13426],[-93.91108,31.15818],[-93.90442,31.12737]]]]},"properties":{"fips":"48241","name":"Jasper","n":0,"mw":0.0,"first":null,"last":null,"hh":null,"projects":0}},{"type":"Feature","id":48027,"geometry":{"type":"MultiPolygon","coordinates":[[[[-97.31591,31.25904],[-97.27804,31.27971],[-97.07003,30.98606],[-97.23545,30.90273],[-97.25897,30.88959],[-97.3155,30.75236],[-97.62534,30.87043],[-97.64246,30.87526],[-97.82845,30.91076],[-97.88632,31.00133],[-97.91161,31.03502],[-97.91373,31.06596],[-97.4188,31.32013],[-97.34334,31.24415],[-97.31591,31.25904]]]]},"properties":{"fips":"48027","name":"Bell","n":0,"mw":0.0,"first":null,"last":null,"hh":null,"projects":0}},{"type":"Feature","id":48351,"geometry":{"type":"MultiPolygon","coordinates":[[[[-93.54377,31.1834],[-93.53455,31.18565],[-93.53152,31.18046],[-93.53346,31.17382],[-93.54311,31.17088],[-93.53694,31.16156],[-93.53674,31.15842],[-93.54014,31.15644],[-93.5475,31.15687],[-93.54855,31.15556],[-93.54872,31.1494],[-93.54456,31.1361],[-93.53756,31.12637],[-93.53912,31.11509],[-93.54562,31.11128],[-93.54894,31.10548],[-93.54884,31.1004],[-93.55729,31.09976],[-93.5576,31.09758],[-93.55402,31.09362],[-93.55661,31.0935],[-93.5607,31.09791],[-93.56294,31.09734],[-93.56364,31.09458],[-93.55792,31.09103],[-93.55554,31.08692],[-93.54963,31.09086],[-93.54888,31.08903],[-93.55239,31.08058],[-93.55142,31.07849],[-93.54027,31.07815],[-93.53335,31.07508],[-93.52788,31.07486],[-93.5286,31.07119],[-93.53383,31.07309],[-93.53687,31.07095],[-93.53092,31.07039],[-93.52492,31.06689],[-93.52077,31.0663],[-93.51894,31.06241],[-93.52092,31.05712],[-93.53011,31.0568],[-93.53207,31.05562],[-93.53171,31.05389],[-93.52652,31.04748],[-93.51945,31.04485],[-93.51973,31.04253],[-93.52449,31.04094],[-93.52267,31.03732],[-93.51029,31.03369],[-93.50781,31.03103],[-93.52194,31.02013],[-93.53035,31.02033],[-93.53308,31.01906],[-93.53963,31.00836],[-93.54896,31.0102],[-93.55575,31.00386],[-93.56204,31.00809],[-93.56459,31.01255],[-93.56658,31.01287],[-93.57236,31.00863],[-93.56766,31.00476],[-93.56833,31.00153],[-93.57108,31.00047],[-93.57215,31.00443],[-93.57404,31.00557],[-93.57841,31.00012],[-93.57407,30.99243],[-93.56541,30.99058],[-93.56425,30.9891],[-93.56838,30.977],[-93.57456,30.97391],[-93.57401,30.97165],[-93.56768,30.96887],[-93.56008,30.9711],[-93.55425,30.96764],[-93.54967,30.9673],[-93.54737,30.96422],[-93.5468,30.95853],[-93.54488,30.95723],[-93.54006,30.95623],[-93.53163,30.95808],[-93.53079,30.95523],[-93.53238,30.94899],[-93.5294,30.94194],[-93.52576,30.93909],[-93.5279,30.93417],[-93.52593,30.92997],[-93.52968,30.92791],[-93.53125,30.92417],[-93.53728,30.9232],[-93.54259,30.91994],[-93.54237,30.92582],[-93.54578,30.9271],[-93.54812,30.92578],[-93.55366,30.91673],[-93.5578,30.91439],[-93.55954,30.9155],[-93.55818,30.91097],[-93.55308,30.90857],[-93.55337,30.90167],[-93.54891,30.90078],[-93.54892,30.89828],[-93.55221,30.89629],[-93.55725,30.89677],[-93.56737,30.89438],[-93.57397,30.88579],[-93.57072,30.8752],[-93.56321,30.87507],[-93.56446,30.86848],[-93.55971,30.87042],[-93.55823,30.86928],[-93.56195,30.85929],[-93.55747,30.8522],[-93.5688,30.844],[-93.56255,30.84178],[-93.56072,30.8467],[-93.55927,30.84675],[-93.5592,30.84102],[-93.55399,30.83651],[-93.55287,30.83356],[-93.55718,30.8286],[-93.5536,30.82427],[-93.56325,30.81871],[-93.56416,30.8151],[-93.56686,30.81446],[-93.56069,30.81043],[-93.56242,30.80631],[-93.57443,30.80152],[-93.58131,30.80311],[-93.58347,30.80176],[-93.58374,30.79558],[-93.58091,30.79102],[-93.58234,30.78855],[-93.58856,30.78765],[-93.58892,30.7859],[-93.58262,30.77878],[-93.58466,30.77724],[-93.59001,30.77741],[-93.59255,30.77485],[-93.59171,30.76439],[-93.60432,30.75937],[-93.60478,30.76432],[-93.60589,30.76448],[-93.60581,30.76107],[-93.60939,30.75737],[-93.61209,30.76079],[-93.61415,30.76015],[-93.61428,30.7558],[-93.60785,30.74721],[-93.60922,30.74514],[-93.61715,30.74377],[-93.61927,30.74115],[-93.61784,30.73849],[-93.61181,30.73567],[-93.60896,30.7295],[-93.61159,30.72839],[-93.61638,30.73],[-93.61754,30.72878],[-93.61558,30.72359],[-93.61716,30.7194],[-93.61595,30.71368],[-93.61979,30.70873],[-93.62062,30.7038],[-93.62484,30.70044],[-93.62044,30.69532],[-93.62676,30.68875],[-93.62714,30.6839],[-93.63042,30.67858],[-93.63587,30.6764],[-93.63812,30.6728],[-93.64413,30.67355],[-93.64427,30.66898],[-93.64782,30.66822],[-93.65437,30.67048],[-93.65958,30.66194],[-93.6665,30.66143],[-93.67055,30.65737],[-93.67297,30.65832],[-93.66992,30.65276],[-93.67345,30.65181],[-93.67381,30.64829],[-93.68302,30.64074],[-93.68239,30.63884],[-93.67657,30.63586],[-93.6781,30.63548],[-93.67914,30.63711],[-93.68289,30.6353],[-93.68451,30.62866],[-93.68824,30.63115],[-93.68997,30.63043],[-93.68862,30.62773],[-93.68476,30.62741],[-93.68533,30.62574],[-93.6815,30.62064],[-93.68176,30.61879],[-93.68955,30.61158],[-93.68333,30.60859],[-93.68294,30.60497],[-93.67838,30.59829],[-93.67857,30.59348],[-93.68371,30.59349],[-93.68456,30.5865],[-93.68652,30.58553],[-93.69247,30.58566],[-93.68781,30.59038],[-93.69252,30.59424],[-93.70083,30.59154],[-93.69656,30.58684],[-93.69838,30.58495],[-93.7008,30.58529],[-93.70273,30.58888],[-93.70431,30.58807],[-93.70468,30.58524],[-93.70734,30.58861],[-93.71264,30.58846],[-93.71325,30.58236],[-93.7101,30.58064],[-93.71099,30.57854],[-93.71682,30.57778],[-93.72128,30.5805],[-93.72818,30.57365],[-93.7259,30.56951],[-93.72799,30.56618],[-93.7235,30.55993],[-93.72503,30.55691],[-93.73114,30.55298],[-93.73132,30.55044],[-93.72847,30.54555],[-93.74004,30.5397],[-93.73837,30.5373],[-93.73247,30.53682],[-93.73325,30.53057],[-93.72831,30.52596],[-93.72036,30.52457],[-93.71725,30.51952],[-93.71343,30.51826],[-93.70928,30.52186],[-93.70772,30.52114],[-93.71081,30.518],[-93.71017,30.51378],[-93.71189,30.51111],[-93.70775,30.5109],[-93.70608,30.50715],[-93.71019,30.50608],[-93.71479,30.50176],[-93.71326,30.50019],[-93.70973,30.50141],[-93.70854,30.49916],[-93.71081,30.49752],[-93.71443,30.49793],[-93.71651,30.4942],[-93.70932,30.4835],[-93.71123,30.4824],[-93.71548,30.48519],[-93.71702,30.48305],[-93.71031,30.47577],[-93.71188,30.46938],[-93.70756,30.46768],[-93.69902,30.4591],[-93.70037,30.45775],[-93.70691,30.4573],[-93.70253,30.45036],[-93.70735,30.4452],[-93.70557,30.4434],[-93.69896,30.44528],[-93.69776,30.43985],[-93.70414,30.43429],[-93.70199,30.43026],[-93.70797,30.43014],[-93.712,30.43366],[-93.7165,30.4286],[-93.71639,30.42422],[-93.7178,30.4229],[-93.71908,30.42307],[-93.7223,30.43219],[-93.72566,30.43116],[-93.72675,30.42422],[-93.72205,30.4207],[-93.72683,30.41933],[-93.72964,30.4133],[-93.73346,30.41521],[-93.73504,30.41237],[-93.73482,30.40772],[-93.73806,30.40408],[-93.74127,30.40384],[-93.74183,30.40061],[-93.73641,30.39931],[-93.74306,30.395],[-93.73922,30.3951],[-93.73852,30.39348],[-93.74519,30.39326],[-93.74418,30.38965],[-93.74623,30.38823],[-93.74842,30.3901],[-93.74878,30.39284],[-93.74578,30.3953],[-93.74828,30.39702],[-93.75171,30.396],[-93.75352,30.39178],[-93.75762,30.3906],[-93.75811,30.38594],[-93.75432,30.38591],[-93.75517,30.38406],[-93.7588,30.38419],[-93.75519,30.37912],[-93.7546,30.36683],[-93.75626,30.36599],[-93.75789,30.36995],[-93.75921,30.3687],[-93.75761,30.36494],[-93.75096,30.35985],[-93.7553,30.35973],[-93.7571,30.35611],[-93.75939,30.36058],[-93.76096,30.35979],[-93.75816,30.35461],[-93.76263,30.35334],[-93.75761,30.35021],[-93.76352,30.34636],[-93.75949,30.34223],[-93.76578,30.34347],[-93.76328,30.33947],[-93.75865,30.33895],[-93.76587,30.33266],[-93.76303,30.32945],[-93.7591,30.33024],[-93.75734,30.33249],[-93.7554,30.33145],[-93.75522,30.3284],[-93.75162,30.32922],[-93.75225,30.32758],[-93.75589,30.32681],[-93.75436,30.32387],[-93.75777,30.32216],[-93.75639,30.32033],[-93.75321,30.32245],[-93.75058,30.322],[-93.75106,30.32002],[-93.74745,30.31875],[-93.75016,30.31685],[-93.74672,30.31544],[-93.74859,30.31203],[-93.74114,30.31672],[-93.73925,30.31589],[-93.74336,30.31165],[-93.74262,30.3097],[-93.73753,30.30763],[-93.74443,30.30522],[-93.74278,30.30126],[-93.73878,30.30384],[-93.73449,30.30164],[-93.73767,30.29933],[-93.73265,30.29912],[-93.72905,30.29654],[-93.72543,30.29839],[-93.72427,30.29506],[-93.71892,30.29615],[-93.71568,30.2928],[-93.71457,30.29341],[-93.71527,30.29568],[-93.71199,30.29228],[-93.71343,30.28957],[-93.71271,30.28767],[-93.71003,30.28839],[-93.70923,30.29238],[-93.70515,30.29106],[-93.70523,30.28611],[-93.70885,30.28389],[-93.709,30.28128],[-93.7047,30.28072],[-93.70451,30.28404],[-93.70123,30.28495],[-93.70089,30.28394],[-93.70569,30.27759],[-93.70701,30.27306],[-93.71045,30.27328],[-93.70764,30.27168],[-93.70877,30.26756],[-93.70546,30.26798],[-93.70874,30.26556],[-93.70607,30.26567],[-93.70807,30.26404],[-93.70734,30.26124],[-93.70277,30.26097],[-93.70477,30.25785],[-93.70284,30.2566],[-93.7006,30.25857],[-93.70002,30.25746],[-93.70398,30.25458],[-93.70516,30.25673],[-93.7058,30.25357],[-93.70845,30.25166],[-93.70735,30.24903],[-93.70938,30.24862],[-93.7069,30.24766],[-93.70631,30.24566],[-93.70933,30.24641],[-93.7105,30.24523],[-93.7079,30.24439],[-93.90132,30.24268],[-93.87486,30.677],[-93.86556,30.94722],[-93.91108,31.15818],[-93.6001,31.17628],[-93.58748,31.1656],[-93.57756,31.16816],[-93.57023,31.17714],[-93.55261,31.18559],[-93.5551,31.18791],[-93.55244,31.18956],[-93.54377,31.1834]]]]},"properties":{"fips":"48351","name":"Newton","n":0,"mw":0.0,"first":null,"last":null,"hh":null,"projects":0}},{"type":"Feature","id":48395,"geometry":{"type":"MultiPolygon","coordinates":[[[[-96.24098,30.97383],[-96.2624,30.96466],[-96.28192,30.95241],[-96.30565,30.94036],[-96.33687,30.92131],[-96.34948,30.91126],[-96.36242,30.89605],[-96.36535,30.88495],[-96.38243,30.87059],[-96.38725,30.86413],[-96.39875,30.84001],[-96.40986,30.82637],[-96.42322,30.79302],[-96.43869,30.77414],[-96.45757,30.74452],[-96.56701,30.69576],[-96.56797,30.69976],[-96.57234,30.70441],[-96.59641,30.71541],[-96.59458,30.72247],[-96.59777,30.72795],[-96.60442,30.7293],[-96.61885,30.7285],[-96.63293,30.74128],[-96.62609,30.74979],[-96.6189,30.74829],[-96.61485,30.75017],[-96.61233,30.75442],[-96.61252,30.75867],[-96.62095,30.76984],[-96.62534,30.78044],[-96.63385,30.78204],[-96.64176,30.77801],[-96.64713,30.78006],[-96.6489,30.78409],[-96.64813,30.78819],[-96.64573,30.79117],[-96.63819,30.79506],[-96.63602,30.79867],[-96.63674,30.8079],[-96.64064,30.81717],[-96.64921,30.82596],[-96.66855,30.83312],[-96.66868,30.84091],[-96.67848,30.84374],[-96.6819,30.8519],[-96.69439,30.8636],[-96.69597,30.87419],[-96.69511,30.87771],[-96.69139,30.87959],[-96.68399,30.87938],[-96.68221,30.88201],[-96.68353,30.8843],[-96.69317,30.89027],[-96.69733,30.89753],[-96.69532,30.89851],[-96.68583,30.89563],[-96.68323,30.89952],[-96.68472,30.90591],[-96.69067,30.90878],[-96.69757,30.9088],[-96.70648,30.90536],[-96.71577,30.89733],[-96.72622,30.89853],[-96.73404,30.90294],[-96.72796,30.91313],[-96.72844,30.91528],[-96.74252,30.91577],[-96.7568,30.92805],[-96.75566,30.94541],[-96.76063,30.95588],[-96.76478,30.95869],[-96.76917,30.95853],[-96.771,30.96043],[-96.77239,30.96721],[-96.77067,30.97221],[-96.75952,30.97792],[-96.75662,30.98856],[-96.74701,30.99318],[-96.74569,30.99639],[-96.74679,31.00024],[-96.74849,31.00247],[-96.75587,31.00551],[-96.76632,30.99961],[-96.77055,31.00083],[-96.77438,31.01834],[-96.77063,31.02238],[-96.77033,31.02702],[-96.77621,31.03008],[-96.77869,31.03381],[-96.77727,31.03677],[-96.76716,31.04284],[-96.76724,31.04776],[-96.7704,31.04996],[-96.78418,31.04855],[-96.78611,31.05117],[-96.78696,31.06104],[-96.7916,31.06509],[-96.79749,31.06411],[-96.8104,31.05839],[-96.81957,31.06047],[-96.82113,31.06413],[-96.81991,31.06896],[-96.80924,31.08031],[-96.81643,31.09008],[-96.83042,31.10024],[-96.83111,31.10235],[-96.82952,31.10558],[-96.75261,31.14228],[-96.63526,31.20172],[-96.31913,31.35707],[-96.31994,31.35028],[-96.31843,31.34659],[-96.31601,31.34645],[-96.317,31.34412],[-96.31467,31.34223],[-96.31585,31.3386],[-96.31949,31.33597],[-96.31862,31.33323],[-96.32026,31.33068],[-96.31817,31.32778],[-96.32018,31.32622],[-96.31843,31.32075],[-96.32194,31.31761],[-96.32037,31.31683],[-96.32226,31.31494],[-96.3207,31.31383],[-96.32507,31.31299],[-96.32579,31.31131],[-96.31712,31.30166],[-96.32049,31.29985],[-96.32103,31.29783],[-96.32598,31.30067],[-96.32821,31.29878],[-96.32845,31.29627],[-96.32638,31.29321],[-96.32801,31.2913],[-96.32742,31.28513],[-96.32467,31.28241],[-96.32216,31.28291],[-96.31602,31.27736],[-96.31755,31.273],[-96.31391,31.27033],[-96.31474,31.26586],[-96.31732,31.26473],[-96.31682,31.26321],[-96.32015,31.26019],[-96.32046,31.25793],[-96.32383,31.25785],[-96.32544,31.25956],[-96.32404,31.26058],[-96.32482,31.26175],[-96.3292,31.25745],[-96.33107,31.25238],[-96.3291,31.25083],[-96.32985,31.24905],[-96.32798,31.24846],[-96.3286,31.24632],[-96.3208,31.24286],[-96.31966,31.23682],[-96.31395,31.22885],[-96.31689,31.22618],[-96.31695,31.22368],[-96.31938,31.2225],[-96.31587,31.21847],[-96.31431,31.21816],[-96.3142,31.21967],[-96.31054,31.21752],[-96.30989,31.21381],[-96.31175,31.20866],[-96.31055,31.20803],[-96.31121,31.2048],[-96.30902,31.20402],[-96.31164,31.19816],[-96.30557,31.19567],[-96.30222,31.18597],[-96.29708,31.18115],[-96.30111,31.17913],[-96.29904,31.17717],[-96.29946,31.17529],[-96.29673,31.17519],[-96.29882,31.17221],[-96.29938,31.16412],[-96.30162,31.16379],[-96.29955,31.15924],[-96.30058,31.15876],[-96.29743,31.15515],[-96.29906,31.15329],[-96.29903,31.14817],[-96.29587,31.14008],[-96.29321,31.1404],[-96.29427,31.13874],[-96.2917,31.13594],[-96.29283,31.13325],[-96.28931,31.13174],[-96.2855,31.12547],[-96.28371,31.12542],[-96.2827,31.11951],[-96.27688,31.11625],[-96.27836,31.11395],[-96.27695,31.11001],[-96.279,31.10861],[-96.27801,31.10562],[-96.27934,31.10372],[-96.27809,31.10347],[-96.28052,31.09599],[-96.2774,31.09231],[-96.27743,31.08817],[-96.27221,31.08466],[-96.27206,31.08131],[-96.26904,31.078],[-96.26542,31.07881],[-96.26279,31.07668],[-96.26191,31.07783],[-96.26082,31.07492],[-96.26059,31.07719],[-96.25282,31.0731],[-96.25247,31.07197],[-96.25464,31.07219],[-96.25699,31.0693],[-96.2554,31.0657],[-96.25291,31.06653],[-96.25305,31.06424],[-96.25149,31.06515],[-96.24776,31.06067],[-96.24611,31.06109],[-96.24668,31.06248],[-96.24318,31.06167],[-96.2441,31.05968],[-96.24145,31.05702],[-96.2441,31.05657],[-96.24318,31.05449],[-96.24623,31.0515],[-96.24028,31.04882],[-96.24012,31.0475],[-96.24148,31.0475],[-96.24178,31.04447],[-96.24708,31.04336],[-96.24949,31.03782],[-96.24728,31.0371],[-96.24872,31.03342],[-96.25281,31.03122],[-96.25389,31.02777],[-96.25535,31.02823],[-96.25593,31.02392],[-96.25825,31.02316],[-96.25682,31.02127],[-96.25812,31.01569],[-96.26012,31.01509],[-96.26063,31.00787],[-96.25976,31.00622],[-96.25856,31.00767],[-96.248,31.00486],[-96.24669,31.00605],[-96.24621,30.99821],[-96.24432,30.99985],[-96.23498,30.99564],[-96.23606,30.9937],[-96.23825,30.99408],[-96.23794,30.98943],[-96.23938,30.98974],[-96.23956,30.98844],[-96.23758,30.98564],[-96.2408,30.98286],[-96.24155,30.97912],[-96.24026,30.97916],[-96.2401,30.97731],[-96.24243,30.97744],[-96.24098,30.97383]]]]},"properties":{"fips":"48395","name":"Robertson","n":0,"mw":0.0,"first":null,"last":null,"hh":null,"projects":0}},{"type":"Feature","id":48455,"geometry":{"type":"MultiPolygon","coordinates":[[[[-94.84279,31.14658],[-94.93916,31.04197],[-95.19992,30.82472],[-95.20738,30.83212],[-95.21725,30.83377],[-95.23125,30.84126],[-95.23601,30.858],[-95.24303,30.86618],[-95.23057,30.88644],[-95.24601,30.90385],[-95.25066,30.90643],[-95.27126,30.90401],[-95.28094,30.90121],[-95.29072,30.9029],[-95.30009,30.90239],[-95.31335,30.8977],[-95.31423,30.89486],[-95.31129,30.89155],[-95.31071,30.88838],[-95.31212,30.88423],[-95.31679,30.87995],[-95.31422,30.87226],[-95.32226,30.8669],[-95.32437,30.8614],[-95.3273,30.85958],[-95.33114,30.86131],[-95.33702,30.87223],[-95.34379,30.87579],[-95.35047,30.86809],[-95.34963,30.86045],[-95.35374,30.85627],[-95.36427,30.85464],[-95.37313,30.85598],[-95.38317,30.85294],[-95.38926,30.85617],[-95.39611,30.85748],[-95.39873,30.86034],[-95.3987,30.86657],[-95.39147,30.87608],[-95.39991,30.88079],[-95.39678,30.88282],[-95.38945,30.87914],[-95.3816,30.87915],[-95.38047,30.88008],[-95.38079,30.8863],[-95.38514,30.88906],[-95.38997,30.88909],[-95.39893,30.89221],[-95.4054,30.8985],[-95.40624,30.90652],[-95.41523,30.9074],[-95.41537,30.9089],[-95.41087,30.9128],[-95.41425,30.91851],[-95.40995,30.92786],[-95.41255,30.93209],[-95.42246,30.93697],[-95.43446,30.93741],[-95.43472,31.05806],[-95.17859,31.23412],[-95.13184,31.26346],[-94.95795,31.387],[-94.94952,31.3807],[-94.95271,31.37961],[-94.95478,31.38089],[-94.95736,31.3789],[-94.95742,31.37537],[-94.95535,31.37346],[-94.95856,31.36357],[-94.95732,31.36279],[-94.95544,31.3642],[-94.9546,31.36283],[-94.95593,31.36133],[-94.95347,31.36119],[-94.95266,31.35906],[-94.95016,31.35998],[-94.95106,31.35779],[-94.95557,31.35651],[-94.95571,31.35489],[-94.95805,31.35667],[-94.95728,31.35297],[-94.95995,31.35368],[-94.96128,31.35247],[-94.96119,31.34896],[-94.95551,31.34964],[-94.9564,31.34795],[-94.95519,31.34588],[-94.95758,31.34518],[-94.9579,31.3429],[-94.95375,31.34381],[-94.95453,31.34222],[-94.94752,31.33845],[-94.94729,31.34039],[-94.94552,31.34085],[-94.94494,31.33815],[-94.94244,31.34175],[-94.94009,31.34027],[-94.93998,31.34284],[-94.93394,31.34092],[-94.93197,31.33835],[-94.92933,31.33823],[-94.92962,31.34064],[-94.91747,31.33593],[-94.91638,31.33656],[-94.9178,31.33956],[-94.91084,31.33608],[-94.90935,31.33677],[-94.90722,31.33231],[-94.90207,31.33194],[-94.90362,31.32928],[-94.89932,31.32745],[-94.89881,31.32431],[-94.89715,31.32333],[-94.89841,31.32059],[-94.89658,31.31907],[-94.90142,31.3133],[-94.89671,31.30679],[-94.89847,31.30476],[-94.89468,31.29955],[-94.89506,31.29656],[-94.89646,31.29625],[-94.89449,31.29163],[-94.89134,31.29244],[-94.89088,31.29591],[-94.88823,31.29207],[-94.88808,31.29437],[-94.88621,31.29555],[-94.88383,31.28743],[-94.88041,31.28948],[-94.87797,31.28784],[-94.87682,31.28281],[-94.88363,31.27759],[-94.88785,31.27671],[-94.89143,31.26908],[-94.89724,31.26492],[-94.89617,31.26288],[-94.89846,31.26182],[-94.8977,31.25801],[-94.89157,31.25392],[-94.88951,31.25553],[-94.88473,31.25577],[-94.88299,31.24898],[-94.88079,31.2475],[-94.87482,31.25007],[-94.87172,31.24444],[-94.86844,31.24423],[-94.86694,31.23885],[-94.86324,31.23509],[-94.8603,31.23468],[-94.8611,31.23262],[-94.86421,31.23211],[-94.86287,31.22696],[-94.86452,31.22573],[-94.86249,31.22469],[-94.86259,31.22266],[-94.85833,31.22078],[-94.86281,31.22013],[-94.86131,31.21824],[-94.85902,31.21891],[-94.85916,31.21618],[-94.86331,31.2166],[-94.8631,31.21407],[-94.86129,31.21302],[-94.86547,31.21233],[-94.86283,31.2109],[-94.86638,31.20903],[-94.86316,31.20316],[-94.86164,31.20337],[-94.8624,31.20081],[-94.859,31.19798],[-94.85837,31.19566],[-94.8605,31.19544],[-94.85773,31.19065],[-94.8538,31.18933],[-94.85297,31.18536],[-94.85436,31.18473],[-94.85183,31.18317],[-94.8501,31.17826],[-94.85222,31.17781],[-94.84995,31.1712],[-94.85309,31.17198],[-94.85316,31.17379],[-94.85501,31.17265],[-94.85373,31.16636],[-94.84974,31.15976],[-94.85155,31.15636],[-94.84996,31.15518],[-94.85527,31.15445],[-94.85648,31.15022],[-94.85315,31.15014],[-94.85184,31.14794],[-94.84826,31.14943],[-94.8455,31.14793],[-94.84411,31.1493],[-94.84279,31.14658]]]]},"properties":{"fips":"48455","name":"Trinity","n":0,"mw":0.0,"first":null,"last":null,"hh":null,"projects":0}},{"type":"Feature","id":48411,"geometry":{"type":"MultiPolygon","coordinates":[[[[-99.01856,31.4695],[-99.00984,31.47168],[-99.00518,31.48044],[-98.98974,31.48375],[-98.98729,31.48187],[-98.98691,31.47902],[-98.99435,31.47239],[-98.99486,31.46647],[-98.97746,31.4559],[-98.96511,31.45344],[-98.96354,31.44656],[-98.96713,31.44406],[-98.96647,31.43524],[-98.96345,31.43494],[-98.953,31.44719],[-98.95564,31.45112],[-98.95341,31.45454],[-98.94675,31.45814],[-98.94084,31.45847],[-98.93564,31.45523],[-98.93327,31.43703],[-98.92563,31.43403],[-98.91793,31.43597],[-98.91006,31.4341],[-98.90362,31.43633],[-98.89582,31.43355],[-98.88563,31.44271],[-98.87521,31.44459],[-98.87102,31.44376],[-98.85879,31.43426],[-98.85245,31.42033],[-98.85477,31.41401],[-98.84671,31.4106],[-98.83022,31.41024],[-98.81577,31.41703],[-98.81419,31.41302],[-98.81679,31.40699],[-98.81289,31.40477],[-98.80764,31.40576],[-98.7997,31.41059],[-98.78819,31.40764],[-98.77676,31.41388],[-98.7735,31.41201],[-98.77284,31.40866],[-98.77459,31.40343],[-98.77597,31.38607],[-98.77945,31.37888],[-98.77727,31.37695],[-98.77102,31.38055],[-98.7676,31.37524],[-98.76204,31.37573],[-98.75178,31.38709],[-98.75567,31.39697],[-98.75553,31.40067],[-98.75097,31.40367],[-98.74418,31.40429],[-98.74018,31.40783],[-98.7368,31.41845],[-98.74276,31.42822],[-98.73794,31.43048],[-98.72829,31.42905],[-98.72429,31.42644],[-98.72568,31.41591],[-98.7291,31.4131],[-98.72477,31.40785],[-98.7184,31.40411],[-98.70634,31.40764],[-98.69733,31.40768],[-98.69552,31.40529],[-98.69603,31.39455],[-98.69294,31.38767],[-98.69857,31.38547],[-98.7043,31.38022],[-98.70515,31.36936],[-98.7026,31.36494],[-98.70334,31.35994],[-98.70594,31.35622],[-98.71263,31.35526],[-98.7127,31.34779],[-98.70668,31.34707],[-98.70282,31.33921],[-98.69611,31.33962],[-98.69001,31.34401],[-98.68294,31.34599],[-98.67693,31.35198],[-98.67167,31.35308],[-98.66992,31.35593],[-98.67002,31.36104],[-98.654,31.37008],[-98.65119,31.3685],[-98.65024,31.36588],[-98.65465,31.35857],[-98.65197,31.35708],[-98.64853,31.35977],[-98.6453,31.35951],[-98.63641,31.3526],[-98.63832,31.34684],[-98.64172,31.34604],[-98.64693,31.34066],[-98.64512,31.33566],[-98.63971,31.33205],[-98.64211,31.3278],[-98.64854,31.32341],[-98.6479,31.31499],[-98.64347,31.31428],[-98.63162,31.3258],[-98.62235,31.32547],[-98.61869,31.32402],[-98.61825,31.32208],[-98.63063,31.31581],[-98.63081,31.31023],[-98.62358,31.30943],[-98.60832,31.31189],[-98.6038,31.3132],[-98.59799,31.318],[-98.59426,31.32645],[-98.58739,31.32555],[-98.58636,31.3201],[-98.59459,31.31121],[-98.59619,31.30641],[-98.59853,31.28699],[-98.6141,31.28164],[-98.62229,31.28512],[-98.62689,31.28131],[-98.6283,31.27397],[-98.62538,31.26969],[-98.60655,31.26097],[-98.59627,31.25324],[-98.59403,31.25446],[-98.59468,31.26248],[-98.59266,31.26614],[-98.58884,31.26759],[-98.57933,31.26517],[-98.57526,31.25394],[-98.56529,31.24228],[-98.56301,31.23553],[-98.56332,31.22228],[-98.56963,31.20446],[-98.56882,31.19841],[-98.5569,31.19212],[-98.54393,31.19468],[-98.53943,31.19253],[-98.53548,31.18604],[-98.54439,31.17947],[-98.54298,31.17488],[-98.53016,31.17364],[-98.51959,31.16493],[-98.51417,31.1648],[-98.50596,31.16734],[-98.50421,31.16614],[-98.50439,31.16238],[-98.51128,31.15516],[-98.52546,31.15609],[-98.52812,31.15502],[-98.52941,31.15227],[-98.5271,31.14212],[-98.52783,31.13749],[-98.53681,31.13248],[-98.54693,31.12942],[-98.54798,31.1277],[-98.54727,31.1226],[-98.53827,31.1138],[-98.5308,31.10263],[-98.52957,31.095],[-98.52717,31.09074],[-98.52362,31.0888],[-98.5183,31.09271],[-98.51226,31.10598],[-98.50536,31.1087],[-98.50084,31.11742],[-98.49878,31.1186],[-98.49381,31.11839],[-98.48794,31.11399],[-98.48067,31.119],[-98.47415,31.10969],[-98.46919,31.10672],[-98.45975,31.11199],[-98.45582,31.11111],[-98.45601,31.10692],[-98.47055,31.09466],[-98.46863,31.09212],[-98.45785,31.08873],[-98.45629,31.07904],[-98.46202,31.07612],[-98.4726,31.07641],[-98.47622,31.07064],[-98.48348,31.06797],[-98.48405,31.06302],[-98.48269,31.0597],[-98.47495,31.05281],[-98.4476,31.04141],[-98.44013,31.03029],[-98.43961,31.02509],[-98.4417,31.0214],[-98.45741,31.0131],[-98.45957,31.01014],[-98.45903,31.00685],[-98.44654,30.9933],[-98.44199,30.98439],[-98.44266,30.9802],[-98.45233,30.9698],[-98.45287,30.96436],[-98.44611,30.95086],[-98.42445,30.94831],[-98.41553,30.94404],[-98.4147,30.94068],[-98.4186,30.92636],[-98.42264,30.92426],[-98.43096,30.92673],[-98.4394,30.92671],[-98.44252,30.92545],[-98.44577,30.92145],[-98.44766,30.92143],[-98.87265,30.92079],[-99.09243,30.92199],[-99.09053,31.46091],[-99.08804,31.46036],[-99.08802,31.45698],[-99.08604,31.45583],[-99.08511,31.45809],[-99.07557,31.46312],[-99.07246,31.46702],[-99.06308,31.46263],[-99.06002,31.46536],[-99.0619,31.47107],[-99.05553,31.47415],[-99.05025,31.48463],[-99.04121,31.49049],[-99.03323,31.48662],[-99.02149,31.47484],[-99.01856,31.4695]]]]},"properties":{"fips":"48411","name":"San Saba","n":0,"mw":0.0,"first":null,"last":null,"hh":null,"projects":0}},{"type":"Feature","id":48047,"geometry":{"type":"MultiPolygon","coordinates":[[[[-97.98581,27.2417],[-97.98553,26.78098],[-98.42258,26.78352],[-98.41793,27.0553],[-98.46662,27.05463],[-98.4673,27.14199],[-98.49295,27.14198],[-98.49299,27.23499],[-98.49604,27.2369],[-98.50594,27.23858],[-98.50965,27.24352],[-98.51048,27.24906],[-98.51234,27.25126],[-98.51894,27.25037],[-98.52233,27.25402],[-98.53128,27.25415],[-98.53668,27.26524],[-97.98585,27.26042],[-97.98581,27.2417]]]]},"properties":{"fips":"48047","name":"Brooks","n":0,"mw":0.0,"first":null,"last":null,"hh":null,"projects":0}},{"type":"Feature","id":48273,"geometry":{"type":"MultiPolygon","coordinates":[[[[-97.92499,27.62456],[-97.91072,27.62213],[-97.90727,27.62417],[-97.90564,27.62222],[-97.8886,27.6201],[-97.88776,27.61614],[-97.87947,27.61188],[-97.87949,27.60932],[-97.87678,27.60828],[-97.87747,27.60359],[-97.87536,27.59876],[-97.87733,27.59639],[-97.87388,27.58783],[-97.87021,27.58731],[-97.86552,27.58243],[-97.85813,27.5807],[-97.8583,27.57844],[-97.84911,27.57287],[-97.84914,27.57012],[-97.84561,27.5681],[-97.84697,27.56648],[-97.84494,27.56727],[-97.84186,27.56453],[-97.84,27.56494],[-97.83875,27.5591],[-97.84068,27.55833],[-97.32496,27.56082],[-97.24204,27.58283],[-97.22216,27.5764],[-97.2676,27.48897],[-97.30041,27.41716],[-97.31685,27.37533],[-97.3477,27.27794],[-97.42424,27.27795],[-97.50791,27.26671],[-97.65068,27.28346],[-97.72819,27.26578],[-97.73361,27.26815],[-97.73863,27.27388],[-97.74396,27.2734],[-97.75526,27.28259],[-97.75861,27.28305],[-97.7669,27.27942],[-97.782,27.28411],[-97.79374,27.28067],[-97.79723,27.27121],[-97.802,27.27318],[-97.80682,27.26998],[-97.81025,27.27168],[-97.81567,27.27152],[-97.81738,27.26869],[-97.8151,27.26447],[-97.81639,27.25392],[-97.83889,27.24603],[-97.84088,27.24398],[-97.84487,27.24487],[-97.84583,27.24793],[-97.8552,27.25229],[-97.85665,27.24978],[-97.8543,27.24683],[-97.8563,27.24371],[-97.85873,27.24338],[-97.85846,27.24536],[-97.86044,27.24627],[-97.86831,27.24021],[-97.87069,27.24039],[-97.87079,27.24222],[-97.87739,27.24186],[-97.88491,27.23576],[-97.8876,27.23766],[-97.88847,27.24068],[-97.89449,27.23896],[-97.89647,27.24243],[-97.90169,27.23826],[-97.90809,27.24092],[-97.91417,27.23732],[-97.91709,27.23844],[-97.91759,27.24194],[-97.91926,27.24312],[-97.92263,27.23707],[-97.93187,27.23852],[-97.93436,27.23505],[-97.94169,27.23544],[-97.94659,27.23249],[-97.95165,27.2334],[-97.95258,27.22729],[-97.95696,27.22319],[-97.95469,27.22011],[-97.95946,27.21719],[-97.95793,27.21446],[-97.95891,27.213],[-97.96284,27.21528],[-97.96452,27.21229],[-97.96819,27.21323],[-97.9692,27.21084],[-97.97153,27.21021],[-97.98273,27.21194],[-97.9854,27.20937],[-97.98585,27.26042],[-98.05807,27.26101],[-98.05982,27.63589],[-97.93241,27.63583],[-97.93149,27.6325],[-97.92463,27.62725],[-97.92499,27.62456]]]]},"properties":{"fips":"48273","name":"Kleberg","n":0,"mw":0.0,"first":null,"last":null,"hh":null,"projects":0}},{"type":"Feature","id":48249,"geometry":{"type":"MultiPolygon","coordinates":[[[[-97.88268,28.05307],[-97.87939,28.05415],[-97.87506,28.05048],[-97.87807,28.0463],[-97.87481,28.04524],[-97.87238,28.04638],[-97.86778,28.04121],[-97.86448,28.0414],[-97.86092,28.0383],[-97.85482,28.03834],[-97.8533,28.03665],[-97.85,28.03768],[-97.83949,28.03457],[-97.8341,28.03719],[-97.82399,28.03558],[-97.82283,28.03676],[-97.82595,28.03805],[-97.82003,28.0388],[-97.81993,28.04064],[-97.81442,28.03852],[-97.81179,28.04145],[-97.80572,28.04129],[-97.80125,28.0382],[-97.80158,28.03625],[-97.79857,28.03363],[-97.79989,28.0326],[-97.79904,28.0313],[-97.79602,28.03106],[-97.79037,28.01932],[-97.79119,28.01635],[-97.78905,28.01393],[-97.79159,28.01131],[-97.79161,28.01442],[-97.79329,28.0145],[-97.79483,28.01133],[-97.79663,28.01115],[-97.79589,28.00296],[-97.79844,27.9956],[-97.93436,27.88495],[-97.93377,27.77516],[-97.94166,27.63584],[-98.05982,27.63589],[-98.05807,27.26101],[-98.23227,27.26245],[-98.23546,28.05789],[-97.88288,28.05667],[-97.88465,28.0547],[-97.88268,28.05307]]]]},"properties":{"fips":"48249","name":"Jim Wells","n":0,"mw":0.0,"first":null,"last":null,"hh":null,"projects":0}},{"type":"Feature","id":48007,"geometry":{"type":"MultiPolygon","coordinates":[[[[-96.79849,28.27683],[-96.8305,28.10905],[-96.83768,28.09985],[-96.83769,28.09477],[-96.84578,28.07936],[-96.84685,28.0705],[-96.85504,28.06224],[-96.85597,28.05797],[-96.91432,28.00513],[-96.93862,27.98053],[-97.01024,27.90092],[-97.0378,27.85979],[-97.04376,27.84667],[-97.04519,27.83725],[-97.0548,27.84235],[-97.06539,27.85182],[-97.05724,27.86534],[-97.0957,27.9578],[-97.1182,27.92573],[-97.13307,27.90002],[-97.26075,28.07571],[-97.24041,28.06152],[-97.23641,28.0617],[-97.22114,28.07439],[-97.14477,28.10265],[-97.02349,28.18767],[-97.01752,28.20276],[-97.02838,28.2032],[-97.03731,28.20126],[-97.03922,28.20436],[-97.03874,28.20687],[-97.04313,28.20892],[-97.04397,28.20743],[-97.04768,28.20813],[-97.04695,28.20605],[-97.04943,28.20676],[-97.05452,28.20376],[-97.06199,28.20622],[-97.06513,28.21113],[-97.06484,28.21429],[-97.07064,28.21429],[-97.07528,28.21953],[-97.0884,28.22075],[-97.09224,28.22364],[-97.10226,28.22652],[-97.10238,28.22786],[-97.09801,28.2307],[-97.09806,28.23239],[-97.10201,28.23425],[-97.10343,28.23313],[-97.10466,28.2364],[-97.10818,28.23675],[-97.10854,28.24027],[-97.11264,28.24281],[-97.11243,28.24615],[-97.11799,28.24689],[-97.12006,28.25122],[-97.12559,28.25347],[-97.12418,28.25595],[-97.11921,28.2563],[-97.11753,28.25946],[-97.12108,28.26459],[-97.12076,28.2695],[-97.124,28.2711],[-97.12365,28.2726],[-96.7903,28.31923],[-96.79849,28.27683]]]]},"properties":{"fips":"48007","name":"Aransas","n":0,"mw":0.0,"first":null,"last":null,"hh":null,"projects":0}},{"type":"Feature","id":48283,"geometry":{"type":"MultiPolygon","coordinates":[[[[-98.80296,28.39352],[-98.80338,28.05747],[-99.3889,28.03039],[-99.3998,28.37528],[-99.4082,28.37527],[-99.40833,28.6405],[-99.22473,28.64372],[-98.80088,28.64757],[-98.80361,28.56911],[-98.80296,28.39352]]]]},"properties":{"fips":"48283","name":"La Salle","n":0,"mw":0.0,"first":null,"last":null,"hh":null,"projects":0}},{"type":"Feature","id":48311,"geometry":{"type":"MultiPolygon","coordinates":[[[[-98.3351,28.65172],[-98.33433,28.05785],[-98.80338,28.05747],[-98.80361,28.56911],[-98.80088,28.64757],[-98.52058,28.65119],[-98.3351,28.65172]]]]},"properties":{"fips":"48311","name":"McMullen","n":0,"mw":0.0,"first":null,"last":null,"hh":null,"projects":0}},{"type":"Feature","id":48057,"geometry":{"type":"MultiPolygon","coordinates":[[[[-96.39961,28.72987],[-96.40007,28.68995],[-96.40428,28.68994],[-96.40443,28.67399],[-96.32354,28.67558],[-96.3227,28.64246],[-96.3804,28.38126],[-96.38334,28.38078],[-96.3987,28.34239],[-96.41426,28.32712],[-96.44541,28.31618],[-96.55081,28.26926],[-96.62188,28.2293],[-96.706,28.17431],[-96.77352,28.12532],[-96.8435,28.06878],[-96.85393,28.06287],[-96.84685,28.0705],[-96.84578,28.07936],[-96.83769,28.09477],[-96.83768,28.09985],[-96.8305,28.10905],[-96.79022,28.32371],[-96.79474,28.3445],[-96.79415,28.35124],[-96.79139,28.35775],[-96.79488,28.36438],[-96.7989,28.36461],[-96.80958,28.36945],[-96.83179,28.38322],[-96.85059,28.40417],[-96.85697,28.40792],[-96.85766,28.41157],[-96.85997,28.41361],[-96.8595,28.41659],[-96.85296,28.42475],[-96.84965,28.42245],[-96.85142,28.42564],[-96.84836,28.42845],[-96.83824,28.43318],[-96.82879,28.42709],[-96.82515,28.42829],[-96.81825,28.42543],[-96.7921,28.40476],[-96.78055,28.39892],[-96.77854,28.40007],[-96.77659,28.40506],[-96.7638,28.41195],[-96.76618,28.41967],[-96.76303,28.42619],[-96.77121,28.42916],[-96.77301,28.43278],[-96.77798,28.43682],[-96.78103,28.44502],[-96.78463,28.4477],[-96.78987,28.44712],[-96.79785,28.4422],[-96.79926,28.4389],[-96.80924,28.43099],[-96.81489,28.43086],[-96.82165,28.44355],[-96.82974,28.44824],[-96.83415,28.45417],[-96.83933,28.45772],[-96.84116,28.46705],[-96.84395,28.47093],[-96.84859,28.47251],[-96.84884,28.47654],[-96.85532,28.47418],[-96.86103,28.47592],[-96.86281,28.47872],[-96.86428,28.4897],[-96.87891,28.49593],[-96.88072,28.49821],[-96.88078,28.50403],[-96.89104,28.50737],[-96.893,28.51376],[-96.89603,28.51393],[-96.89901,28.51826],[-96.89711,28.52012],[-96.89752,28.52378],[-96.90199,28.52413],[-96.90042,28.52746],[-96.90586,28.53262],[-96.90162,28.53654],[-96.90065,28.5422],[-96.89516,28.54867],[-96.89679,28.55202],[-96.90159,28.55445],[-96.89823,28.56013],[-96.90279,28.56053],[-96.90091,28.56303],[-96.90259,28.56637],[-96.90816,28.56712],[-96.90623,28.57187],[-96.90918,28.57273],[-96.9113,28.56892],[-96.91541,28.56963],[-96.92233,28.57984],[-96.9303,28.58669],[-96.85375,28.63536],[-96.72297,28.66972],[-96.66585,28.70581],[-96.65936,28.70119],[-96.64313,28.71227],[-96.61084,28.72135],[-96.5951,28.72481],[-96.58581,28.72499],[-96.58059,28.71926],[-96.57772,28.70705],[-96.58008,28.6974],[-96.57435,28.69809],[-96.57479,28.69518],[-96.57325,28.69303],[-96.56888,28.69295],[-96.56741,28.69543],[-96.56949,28.69868],[-96.56911,28.70279],[-96.56591,28.69895],[-96.56112,28.69653],[-96.55946,28.69278],[-96.55818,28.69432],[-96.55889,28.69778],[-96.56297,28.70509],[-96.47546,28.70665],[-96.47483,28.70499],[-96.47795,28.70252],[-96.42835,28.70352],[-96.42863,28.71366],[-96.4204,28.71363],[-96.4077,28.73006],[-96.39961,28.72987]]]]},"properties":{"fips":"48057","name":"Calhoun","n":0,"mw":0.0,"first":null,"last":null,"hh":null,"projects":0}},{"type":"Feature","id":48297,"geometry":{"type":"MultiPolygon","coordinates":[[[[-98.1726,28.73224],[-98.09867,28.78653],[-98.00522,28.69028],[-98.08973,28.66298],[-97.8089,28.18338],[-97.90407,28.11417],[-97.89776,28.11339],[-97.89936,28.10389],[-97.89641,28.1011],[-97.89723,28.09958],[-97.90753,28.09744],[-97.90695,28.09494],[-97.90874,28.09219],[-97.90773,28.08676],[-97.90369,28.08637],[-97.89543,28.07568],[-97.89725,28.07449],[-97.90117,28.0758],[-97.90204,28.07126],[-97.90023,28.06932],[-97.9014,28.06784],[-97.89502,28.06086],[-97.89019,28.06333],[-97.88934,28.06062],[-97.88381,28.05996],[-97.88461,28.05749],[-97.88288,28.05667],[-98.33433,28.05785],[-98.33502,28.61261],[-98.1726,28.73224]]]]},"properties":{"fips":"48297","name":"Live Oak","n":0,"mw":0.0,"first":null,"last":null,"hh":null,"projects":0}},{"type":"Feature","id":48175,"geometry":{"type":"MultiPolygon","coordinates":[[[[-97.41096,28.92535],[-97.40455,28.91908],[-97.4022,28.91432],[-97.39948,28.9147],[-97.39672,28.91916],[-97.3827,28.91583],[-97.384,28.90741],[-97.37386,28.90447],[-97.37211,28.89932],[-97.36754,28.90123],[-97.36246,28.89653],[-97.35526,28.8976],[-97.35554,28.89358],[-97.35332,28.89179],[-97.35026,28.89519],[-97.3396,28.8954],[-97.32469,28.88271],[-97.32648,28.87712],[-97.32539,28.87489],[-97.31771,28.87567],[-97.31157,28.87851],[-97.31049,28.87652],[-97.31278,28.87227],[-97.31165,28.86954],[-97.30586,28.86406],[-97.29902,28.86221],[-97.29754,28.86019],[-97.29927,28.858],[-97.29847,28.85291],[-97.30491,28.85086],[-97.30452,28.84759],[-97.30115,28.8445],[-97.29348,28.84757],[-97.28751,28.84528],[-97.28282,28.84754],[-97.27572,28.84701],[-97.26678,28.84868],[-97.25961,28.84726],[-97.25573,28.84903],[-97.25512,28.85617],[-97.25351,28.85798],[-97.23911,28.85393],[-97.23479,28.85433],[-97.23299,28.85803],[-97.23726,28.86392],[-97.23322,28.86577],[-97.21592,28.86032],[-97.21055,28.85549],[-97.20356,28.85456],[-97.19544,28.83913],[-97.19,28.8372],[-97.18631,28.83342],[-97.18928,28.82448],[-97.19018,28.81249],[-97.18619,28.80923],[-97.17561,28.78983],[-97.17009,28.78578],[-97.16095,28.78324],[-97.15898,28.77632],[-97.16216,28.77286],[-97.16371,28.76558],[-97.16768,28.75916],[-97.16616,28.75247],[-97.16739,28.74871],[-97.17691,28.74126],[-97.17845,28.73785],[-97.1707,28.73671],[-97.1677,28.72801],[-97.18237,28.61062],[-97.17984,28.60425],[-97.17529,28.59917],[-97.17556,28.59423],[-97.17179,28.59377],[-97.16996,28.58984],[-97.162,28.5855],[-97.16461,28.5838],[-97.17106,28.58671],[-97.17122,28.58535],[-97.16574,28.58128],[-97.17001,28.58003],[-97.1703,28.57764],[-97.16779,28.57631],[-97.16477,28.57754],[-97.16174,28.57103],[-97.1579,28.5745],[-97.15727,28.57162],[-97.15373,28.56968],[-97.15419,28.56756],[-97.15842,28.56783],[-97.15841,28.56431],[-97.16397,28.56504],[-97.16022,28.56275],[-97.16441,28.56034],[-97.16169,28.55883],[-97.16287,28.55625],[-97.16069,28.55342],[-97.37558,28.38861],[-97.37923,28.39085],[-97.38705,28.39026],[-97.38913,28.39218],[-97.38805,28.3954],[-97.38985,28.39703],[-97.39199,28.39688],[-97.39569,28.39242],[-97.39976,28.39237],[-97.40169,28.39614],[-97.40044,28.40064],[-97.39794,28.40316],[-97.39885,28.4048],[-97.41089,28.4079],[-97.42007,28.40411],[-97.42848,28.4128],[-97.44275,28.40866],[-97.44433,28.40344],[-97.44655,28.40285],[-97.45073,28.40926],[-97.4576,28.40733],[-97.4625,28.40952],[-97.46556,28.41662],[-97.47016,28.41909],[-97.46999,28.42461],[-97.47491,28.42686],[-97.48231,28.43503],[-97.49288,28.43867],[-97.49864,28.4385],[-97.50329,28.43754],[-97.5081,28.43288],[-97.51771,28.43194],[-97.52034,28.43352],[-97.52132,28.4379],[-97.52384,28.44026],[-97.52084,28.4439],[-97.52094,28.44642],[-97.53157,28.44623],[-97.53465,28.4481],[-97.53966,28.44616],[-97.54502,28.45026],[-97.55197,28.45082],[-97.55367,28.45423],[-97.55458,28.4642],[-97.55152,28.46814],[-97.55154,28.47189],[-97.55333,28.47413],[-97.55173,28.4776],[-97.5526,28.48216],[-97.55539,28.48503],[-97.554,28.48774],[-97.55499,28.49166],[-97.55261,28.49462],[-97.55437,28.49787],[-97.55369,28.50239],[-97.55664,28.50483],[-97.55858,28.51414],[-97.5606,28.51376],[-97.5629,28.51633],[-97.5688,28.51537],[-97.57348,28.52078],[-97.57732,28.52256],[-97.58399,28.52259],[-97.58666,28.52445],[-97.59542,28.525],[-97.60128,28.52334],[-97.60507,28.52436],[-97.60701,28.52664],[-97.61038,28.52321],[-97.61755,28.52817],[-97.61984,28.52714],[-97.62303,28.5296],[-97.62341,28.5278],[-97.6262,28.52832],[-97.63843,28.52354],[-97.64234,28.52442],[-97.64207,28.52194],[-97.64621,28.52086],[-97.6536,28.52449],[-97.65531,28.52862],[-97.6589,28.5274],[-97.66815,28.53056],[-97.66974,28.53552],[-97.67934,28.53526],[-97.68435,28.53693],[-97.68622,28.54011],[-97.69696,28.54194],[-97.70093,28.55047],[-97.69886,28.55099],[-97.69978,28.55447],[-97.70333,28.55808],[-97.70166,28.56104],[-97.70512,28.56149],[-97.70362,28.56363],[-97.70569,28.56958],[-97.70818,28.5683],[-97.70934,28.56924],[-97.70836,28.57493],[-97.71267,28.57661],[-97.71151,28.57815],[-97.71421,28.58403],[-97.71304,28.58626],[-97.72164,28.59531],[-97.71977,28.59755],[-97.72091,28.6013],[-97.72873,28.61009],[-97.72831,28.62096],[-97.72941,28.62301],[-97.73169,28.62328],[-97.73187,28.62855],[-97.73776,28.63041],[-97.74215,28.63554],[-97.75071,28.63928],[-97.75364,28.64333],[-97.75233,28.64952],[-97.75473,28.65432],[-97.76291,28.65805],[-97.76236,28.66004],[-97.76563,28.66177],[-97.76642,28.66456],[-97.77096,28.6651],[-97.77092,28.6671],[-97.77394,28.669],[-97.77855,28.66805],[-97.41731,28.92522],[-97.41096,28.92535]]]]},"properties":{"fips":"48175","name":"Goliad","n":0,"mw":0.0,"first":null,"last":null,"hh":null,"projects":0}},{"type":"Feature","id":48323,"geometry":{"type":"MultiPolygon","coordinates":[[[[-100.45151,29.08517],[-100.11112,29.08625],[-100.11435,28.63082],[-100.11379,28.19787],[-100.21235,28.19684],[-100.21637,28.22327],[-100.22099,28.233],[-100.22613,28.23576],[-100.2449,28.23414],[-100.25364,28.2372],[-100.2725,28.25589],[-100.28222,28.26984],[-100.28887,28.27332],[-100.29286,28.27744],[-100.29416,28.28436],[-100.28731,28.30202],[-100.28636,28.31215],[-100.28874,28.31713],[-100.31433,28.34605],[-100.31861,28.35978],[-100.34109,28.38403],[-100.34417,28.38937],[-100.34954,28.40276],[-100.34289,28.41215],[-100.3362,28.42935],[-100.33742,28.44213],[-100.34201,28.45026],[-100.35008,28.45869],[-100.3581,28.4643],[-100.36807,28.47525],[-100.36866,28.47771],[-100.36404,28.48188],[-100.35235,28.48272],[-100.34351,28.48669],[-100.33652,28.4925],[-100.33404,28.49949],[-100.33985,28.5022],[-100.35548,28.5046],[-100.36185,28.50821],[-100.38802,28.5146],[-100.39479,28.52835],[-100.40202,28.53231],[-100.40591,28.53723],[-100.41096,28.54948],[-100.40932,28.55682],[-100.4049,28.56077],[-100.40449,28.56385],[-100.39736,28.57496],[-100.39678,28.58079],[-100.39836,28.58517],[-100.42987,28.59622],[-100.43199,28.59795],[-100.43403,28.60658],[-100.44407,28.60752],[-100.44729,28.60926],[-100.44872,28.61606],[-100.44564,28.63699],[-100.44689,28.64214],[-100.44967,28.64299],[-100.46146,28.64086],[-100.47437,28.64704],[-100.47957,28.65548],[-100.49637,28.65851],[-100.50036,28.66179],[-100.50988,28.68983],[-100.51211,28.70649],[-100.5085,28.71088],[-100.50687,28.71681],[-100.50769,28.74091],[-100.51526,28.74299],[-100.51494,28.75197],[-100.52077,28.75748],[-100.52848,28.75607],[-100.53336,28.75914],[-100.52991,28.77023],[-100.53165,28.77363],[-100.5358,28.77668],[-100.53762,28.78173],[-100.53277,28.78963],[-100.53344,28.80004],[-100.53547,28.8055],[-100.5415,28.80806],[-100.54578,28.8129],[-100.54649,28.82547],[-100.56136,28.82927],[-100.57045,28.82617],[-100.57466,28.82895],[-100.57691,28.83564],[-100.57292,28.84835],[-100.58116,28.85668],[-100.58991,28.86183],[-100.59146,28.86432],[-100.59112,28.87274],[-100.59677,28.87359],[-100.59863,28.87533],[-100.59794,28.88002],[-100.59074,28.88344],[-100.58956,28.8858],[-100.59168,28.88936],[-100.60003,28.88721],[-100.6036,28.88849],[-100.60166,28.90191],[-100.61391,28.90138],[-100.61774,28.90809],[-100.62222,28.90952],[-100.62599,28.9076],[-100.62687,28.90402],[-100.63178,28.90304],[-100.63606,28.91086],[-100.64071,28.91448],[-100.63919,28.91619],[-100.63099,28.91704],[-100.62966,28.92082],[-100.63067,28.92408],[-100.63866,28.92766],[-100.6442,28.93836],[-100.65162,28.94389],[-100.64689,28.95657],[-100.65019,28.96283],[-100.64628,28.96838],[-100.64872,28.97753],[-100.64607,28.98834],[-100.64911,28.99604],[-100.64983,29.00532],[-100.65587,29.01732],[-100.66192,29.03809],[-100.66366,29.07361],[-100.66729,29.08413],[-100.45151,29.08517]]]]},"properties":{"fips":"48323","name":"Maverick","n":0,"mw":0.0,"first":null,"last":null,"hh":null,"projects":0}},{"type":"Feature","id":48507,"geometry":{"type":"MultiPolygon","coordinates":[[[[-100.11412,28.64811],[-100.11112,29.08625],[-99.41388,29.08749],[-99.41159,28.76202],[-99.40833,28.6405],[-99.86823,28.64398],[-100.11412,28.64811]]]]},"properties":{"fips":"48507","name":"Zavala","n":0,"mw":0.0,"first":null,"last":null,"hh":null,"projects":0}},{"type":"Feature","id":48163,"geometry":{"type":"MultiPolygon","coordinates":[[[[-99.41388,29.08749],[-98.80492,29.09038],[-98.80088,28.64757],[-99.22473,28.64372],[-99.40833,28.6405],[-99.41159,28.76202],[-99.41388,29.08749]]]]},"properties":{"fips":"48163","name":"Frio","n":0,"mw":0.0,"first":null,"last":null,"hh":null,"projects":0}},{"type":"Feature","id":48469,"geometry":{"type":"MultiPolygon","coordinates":[[[[-96.94773,29.07278],[-96.93873,29.06317],[-96.83916,29.02547],[-96.83525,29.02109],[-96.8321,29.02131],[-96.82556,29.01025],[-96.82683,29.00748],[-96.82139,28.99661],[-96.8163,28.99332],[-96.81774,28.99083],[-96.8152,28.98715],[-96.81693,28.98533],[-96.81137,28.9814],[-96.81202,28.97755],[-96.81054,28.97418],[-96.80564,28.97285],[-96.80937,28.96467],[-96.8079,28.95603],[-96.80455,28.95312],[-96.80491,28.94511],[-96.80064,28.93922],[-96.80191,28.93526],[-96.79329,28.92969],[-96.79421,28.92637],[-96.79127,28.92289],[-96.79211,28.91878],[-96.78571,28.91746],[-96.78344,28.91504],[-96.77496,28.91548],[-96.77229,28.90638],[-96.76297,28.90518],[-96.76125,28.90254],[-96.76263,28.89942],[-96.7588,28.89674],[-96.75013,28.89501],[-96.74738,28.897],[-96.74511,28.89091],[-96.73884,28.89395],[-96.73213,28.88664],[-96.73226,28.87621],[-96.72952,28.87392],[-96.72973,28.87099],[-96.72594,28.86991],[-96.72168,28.86164],[-96.71493,28.85919],[-96.71568,28.85522],[-96.71149,28.85144],[-96.70972,28.85129],[-96.70772,28.8537],[-96.70318,28.85178],[-96.70275,28.85021],[-96.70658,28.84589],[-96.7137,28.84507],[-96.7134,28.84255],[-96.71662,28.8357],[-96.71216,28.83041],[-96.7192,28.82938],[-96.71883,28.82514],[-96.71526,28.82387],[-96.72289,28.82088],[-96.71814,28.81633],[-96.70606,28.81479],[-96.70678,28.80496],[-96.70126,28.79859],[-96.70217,28.79711],[-96.70517,28.79813],[-96.70581,28.79572],[-96.69611,28.79672],[-96.69523,28.79137],[-96.69812,28.78615],[-96.69649,28.78004],[-96.69917,28.77807],[-96.69743,28.77404],[-96.69553,28.77263],[-96.68594,28.77199],[-96.68564,28.77016],[-96.68933,28.76737],[-96.6858,28.76374],[-96.67397,28.76334],[-96.67013,28.76108],[-96.67171,28.75101],[-96.66487,28.74651],[-96.66319,28.74273],[-96.66878,28.73652],[-96.66283,28.73238],[-96.65935,28.72483],[-96.65977,28.72033],[-96.65531,28.71981],[-96.65583,28.72321],[-96.6542,28.72352],[-96.64611,28.72],[-96.64543,28.72109],[-96.64255,28.71735],[-96.65058,28.72102],[-96.65011,28.71543],[-96.64571,28.71179],[-96.64313,28.71227],[-96.65936,28.70119],[-96.66585,28.70581],[-96.72297,28.66972],[-96.85375,28.63536],[-96.9303,28.58669],[-96.92233,28.57984],[-96.91541,28.56963],[-96.9113,28.56892],[-96.90918,28.57273],[-96.90623,28.57187],[-96.90816,28.56712],[-96.90243,28.56617],[-96.90091,28.56303],[-96.90279,28.56053],[-96.89823,28.56013],[-96.90159,28.55445],[-96.89716,28.55233],[-96.89513,28.54911],[-96.90065,28.5422],[-96.90162,28.53654],[-96.90586,28.53262],[-96.90042,28.52746],[-96.90199,28.52413],[-96.89752,28.52378],[-96.89711,28.52012],[-96.89896,28.51806],[-96.8959,28.51383],[-96.893,28.51376],[-96.89117,28.50692],[-96.8923,28.50577],[-96.89691,28.50892],[-96.90186,28.50962],[-96.90316,28.50659],[-96.90649,28.50603],[-96.91573,28.49906],[-96.91603,28.49678],[-96.91151,28.49409],[-96.90999,28.48998],[-96.9157,28.48575],[-96.91682,28.48774],[-96.92555,28.48848],[-96.93576,28.49744],[-96.94697,28.50129],[-96.95062,28.50115],[-96.95325,28.50378],[-96.96309,28.50309],[-96.96421,28.50463],[-96.96992,28.50511],[-96.97923,28.5029],[-96.98226,28.49964],[-96.98577,28.49998],[-96.99333,28.50361],[-96.99517,28.50931],[-97.00467,28.50894],[-97.00928,28.51479],[-97.01963,28.52019],[-97.0222,28.51667],[-97.02427,28.52367],[-97.02261,28.5257],[-97.02716,28.53271],[-97.02716,28.53639],[-97.02335,28.53713],[-97.02555,28.53951],[-97.03163,28.54149],[-97.03163,28.53927],[-97.03507,28.53812],[-97.04154,28.53143],[-97.04486,28.53213],[-97.04603,28.53534],[-97.0513,28.5351],[-97.05128,28.53697],[-97.04718,28.53736],[-97.04856,28.54016],[-97.04668,28.53966],[-97.04411,28.5422],[-97.04788,28.54731],[-97.04495,28.54985],[-97.04903,28.54985],[-97.05081,28.54577],[-97.05229,28.5464],[-97.05204,28.54875],[-97.05598,28.55009],[-97.05754,28.54728],[-97.06264,28.54726],[-97.05902,28.54491],[-97.06011,28.5437],[-97.05888,28.54233],[-97.06216,28.54089],[-97.06337,28.54158],[-97.06205,28.54402],[-97.06545,28.5425],[-97.06777,28.5444],[-97.07163,28.54274],[-97.06977,28.54482],[-97.07247,28.54697],[-97.07578,28.54384],[-97.07411,28.54262],[-97.07485,28.54102],[-97.07765,28.54047],[-97.07623,28.54382],[-97.07934,28.54542],[-97.08264,28.54223],[-97.07969,28.53715],[-97.07688,28.53771],[-97.07737,28.53412],[-97.07924,28.53363],[-97.08026,28.53548],[-97.08211,28.53242],[-97.08337,28.53492],[-97.08683,28.53266],[-97.08637,28.53557],[-97.08821,28.53683],[-97.08992,28.53399],[-97.09138,28.54],[-97.09248,28.53804],[-97.09441,28.5381],[-97.09588,28.54282],[-97.09414,28.54464],[-97.09785,28.54384],[-97.09666,28.54782],[-97.10238,28.54741],[-97.10239,28.54867],[-97.09897,28.55],[-97.10343,28.55051],[-97.10311,28.55359],[-97.10445,28.55476],[-97.11063,28.55345],[-97.11503,28.54923],[-97.1181,28.54869],[-97.11903,28.54645],[-97.12268,28.54907],[-97.12244,28.54582],[-97.12372,28.54534],[-97.12545,28.54611],[-97.12577,28.54876],[-97.12836,28.54557],[-97.13225,28.55121],[-97.13555,28.5495],[-97.13917,28.55395],[-97.14301,28.5484],[-97.14654,28.54944],[-97.14747,28.54642],[-97.15164,28.54963],[-97.1483,28.54983],[-97.14878,28.55302],[-97.15574,28.54786],[-97.15672,28.5512],[-97.16059,28.55051],[-97.16287,28.55625],[-97.16158,28.5586],[-97.16441,28.56034],[-97.16022,28.56275],[-97.16397,28.56504],[-97.15841,28.56431],[-97.15842,28.56783],[-97.15419,28.56756],[-97.15373,28.56968],[-97.15727,28.57162],[-97.1579,28.5745],[-97.16174,28.57103],[-97.16477,28.57754],[-97.16779,28.57631],[-97.1703,28.57764],[-97.17001,28.58003],[-97.16574,28.58128],[-97.17122,28.58535],[-97.17106,28.58671],[-97.16461,28.5838],[-97.162,28.5855],[-97.16996,28.58984],[-97.17179,28.59377],[-97.17556,28.59423],[-97.17529,28.59917],[-97.17984,28.60425],[-97.18237,28.61062],[-97.1677,28.72801],[-97.1707,28.73671],[-97.17845,28.73785],[-97.17691,28.74126],[-97.1716,28.74432],[-97.16693,28.74969],[-97.16768,28.75916],[-97.16371,28.76558],[-97.16216,28.77286],[-97.15903,28.77591],[-97.16073,28.78286],[-97.17009,28.78578],[-97.17517,28.78934],[-97.18619,28.80923],[-97.19018,28.81249],[-97.18928,28.82448],[-97.18631,28.83342],[-97.19,28.8372],[-97.19544,28.83913],[-97.20356,28.85456],[-97.21055,28.85549],[-97.21592,28.86032],[-97.23322,28.86577],[-97.23726,28.86392],[-97.23299,28.85803],[-97.23479,28.85433],[-97.23911,28.85393],[-97.25351,28.85798],[-97.25512,28.85617],[-97.25573,28.84903],[-97.25961,28.84726],[-97.26678,28.84868],[-97.27572,28.84701],[-97.28282,28.84754],[-97.28751,28.84528],[-97.29348,28.84757],[-97.30079,28.8444],[-97.30452,28.84759],[-97.30491,28.85086],[-97.29847,28.85291],[-97.29927,28.858],[-97.29754,28.86019],[-97.29902,28.86221],[-97.30586,28.86406],[-97.04208,29.05779],[-96.97674,29.10377],[-96.94773,29.07278]]]]},"properties":{"fips":"48469","name":"Victoria","n":0,"mw":0.0,"first":null,"last":null,"hh":null,"projects":0}},{"type":"Feature","id":48255,"geometry":{"type":"MultiPolygon","coordinates":[[[[-98.13295,28.82186],[-98.19095,28.8823],[-97.72847,29.21969],[-97.6138,29.11039],[-97.65236,29.08],[-97.75462,29.0049],[-97.57467,28.81329],[-97.77855,28.66805],[-97.78451,28.67066],[-97.78727,28.67539],[-97.79166,28.67686],[-97.79542,28.67339],[-97.82541,28.67035],[-97.82604,28.67447],[-97.82976,28.67801],[-97.83151,28.67585],[-97.8342,28.67561],[-97.83557,28.68029],[-97.83832,28.67939],[-97.83925,28.68124],[-97.84096,28.68042],[-97.85295,28.68504],[-97.85844,28.68433],[-97.86706,28.68949],[-97.87582,28.69148],[-97.87701,28.69353],[-97.87933,28.69372],[-97.87933,28.69586],[-97.88084,28.69458],[-97.88145,28.6965],[-97.88411,28.69562],[-97.88438,28.69837],[-97.89332,28.69996],[-97.89185,28.70347],[-97.89772,28.70549],[-97.90175,28.71267],[-97.90692,28.71305],[-97.91505,28.71947],[-98.00522,28.69028],[-98.13295,28.82186]]]]},"properties":{"fips":"48255","name":"Karnes","n":0,"mw":0.0,"first":null,"last":null,"hh":null,"projects":0}},{"type":"Feature","id":48013,"geometry":{"type":"MultiPolygon","coordinates":[[[[-98.1726,28.73224],[-98.33502,28.61261],[-98.3351,28.65172],[-98.52058,28.65119],[-98.80088,28.64757],[-98.8046,29.00191],[-98.80466,29.2505],[-98.4072,29.11428],[-98.18838,28.87955],[-98.09867,28.78653],[-98.1726,28.73224]]]]},"properties":{"fips":"48013","name":"Atascosa","n":0,"mw":0.0,"first":null,"last":null,"hh":null,"projects":0}},{"type":"Feature","id":48239,"geometry":{"type":"MultiPolygon","coordinates":[[[[-96.36618,29.01247],[-96.30893,28.96304],[-96.32354,28.67558],[-96.40443,28.67399],[-96.40428,28.68994],[-96.40007,28.68995],[-96.39961,28.72987],[-96.4077,28.73006],[-96.4204,28.71363],[-96.42863,28.71366],[-96.42835,28.70352],[-96.47795,28.70252],[-96.47483,28.70499],[-96.47546,28.70665],[-96.56297,28.70509],[-96.55889,28.69778],[-96.55818,28.69432],[-96.55946,28.69278],[-96.56112,28.69653],[-96.56591,28.69895],[-96.56911,28.70279],[-96.56949,28.69868],[-96.56741,28.69543],[-96.56888,28.69295],[-96.57325,28.69303],[-96.57479,28.69518],[-96.57435,28.69809],[-96.58008,28.6974],[-96.57772,28.70705],[-96.58059,28.71926],[-96.58667,28.72524],[-96.61084,28.72135],[-96.64529,28.71176],[-96.65035,28.71572],[-96.65121,28.71946],[-96.64929,28.72104],[-96.64273,28.71713],[-96.64515,28.72093],[-96.64611,28.72],[-96.65444,28.72352],[-96.65583,28.72321],[-96.65531,28.71981],[-96.65933,28.71991],[-96.65935,28.72483],[-96.66314,28.73293],[-96.66878,28.73652],[-96.66319,28.74273],[-96.66487,28.74651],[-96.67171,28.75101],[-96.67013,28.76108],[-96.67397,28.76334],[-96.6858,28.76374],[-96.68933,28.76737],[-96.68564,28.77016],[-96.68594,28.77199],[-96.69553,28.77263],[-96.69743,28.77404],[-96.69917,28.77807],[-96.69649,28.78004],[-96.69812,28.78615],[-96.69523,28.79137],[-96.69611,28.79672],[-96.70581,28.79572],[-96.70517,28.79813],[-96.70217,28.79711],[-96.70126,28.79859],[-96.70678,28.80496],[-96.70606,28.81479],[-96.71814,28.81633],[-96.72289,28.82088],[-96.71526,28.82387],[-96.71883,28.82514],[-96.7192,28.82938],[-96.71216,28.83041],[-96.71662,28.8357],[-96.7134,28.84255],[-96.7137,28.84507],[-96.70658,28.84589],[-96.70293,28.85144],[-96.7066,28.8537],[-96.71149,28.85144],[-96.71568,28.85522],[-96.71493,28.85919],[-96.72168,28.86164],[-96.72594,28.86991],[-96.72973,28.87099],[-96.72952,28.87392],[-96.73226,28.87621],[-96.73213,28.88664],[-96.73884,28.89395],[-96.74511,28.89091],[-96.74738,28.897],[-96.75013,28.89501],[-96.7588,28.89674],[-96.76263,28.89942],[-96.76125,28.90254],[-96.76297,28.90518],[-96.77229,28.90638],[-96.77496,28.91548],[-96.78344,28.91504],[-96.78571,28.91746],[-96.79211,28.91878],[-96.79127,28.92289],[-96.79421,28.92637],[-96.79329,28.92969],[-96.80191,28.93526],[-96.80064,28.93922],[-96.80491,28.94511],[-96.80455,28.95312],[-96.8079,28.95603],[-96.80937,28.96467],[-96.80564,28.97285],[-96.81054,28.97418],[-96.81202,28.97755],[-96.81137,28.9814],[-96.81693,28.98533],[-96.8152,28.98715],[-96.81774,28.99083],[-96.8163,28.99332],[-96.82139,28.99661],[-96.82683,29.00748],[-96.82556,29.01025],[-96.8321,29.02131],[-96.83525,29.02109],[-96.83916,29.02547],[-96.93873,29.06317],[-96.87348,29.11123],[-96.65724,29.26435],[-96.36618,29.01247]]]]},"properties":{"fips":"48239","name":"Jackson","n":0,"mw":0.0,"first":null,"last":null,"hh":null,"projects":0}},{"type":"Feature","id":48123,"geometry":{"type":"MultiPolygon","coordinates":[[[[-96.97674,29.10377],[-97.04208,29.05779],[-97.30586,28.86406],[-97.3127,28.87179],[-97.31049,28.87652],[-97.31141,28.87839],[-97.31771,28.87567],[-97.32562,28.87501],[-97.32648,28.87712],[-97.32469,28.88271],[-97.34025,28.89576],[-97.35026,28.89519],[-97.35332,28.89179],[-97.35554,28.89358],[-97.35526,28.8976],[-97.36246,28.89653],[-97.36754,28.90123],[-97.37211,28.89932],[-97.37386,28.90447],[-97.38374,28.90708],[-97.38219,28.91475],[-97.38367,28.91646],[-97.39672,28.91916],[-97.40126,28.91406],[-97.41096,28.92535],[-97.41731,28.92522],[-97.57467,28.81329],[-97.75462,29.0049],[-97.4978,29.19639],[-97.24011,29.38455],[-97.11632,29.2558],[-96.97674,29.10377]]]]},"properties":{"fips":"48123","name":"De Witt","n":0,"mw":0.0,"first":null,"last":null,"hh":null,"projects":0}},{"type":"Feature","id":48493,"geometry":{"type":"MultiPolygon","coordinates":[[[[-98.31877,29.0207],[-98.4072,29.11428],[-98.13517,29.43872],[-98.13154,29.43299],[-98.13556,29.43189],[-98.13629,29.429],[-98.13339,29.42701],[-98.1302,29.41834],[-98.13341,29.41456],[-98.13206,29.41214],[-98.12804,29.41137],[-98.13022,29.40552],[-98.12803,29.40419],[-98.12698,29.40079],[-98.12816,29.39784],[-98.13042,29.39798],[-98.12649,29.39497],[-98.12603,29.39065],[-98.1216,29.38774],[-98.1193,29.38306],[-98.12247,29.37849],[-98.11515,29.37101],[-98.11304,29.36544],[-98.08484,29.37995],[-97.84006,29.37501],[-97.85853,29.35097],[-97.72847,29.21969],[-98.19095,28.8823],[-98.31877,29.0207]]]]},"properties":{"fips":"48493","name":"Wilson","n":0,"mw":0.0,"first":null,"last":null,"hh":null,"projects":0}},{"type":"Feature","id":48221,"geometry":{"type":"MultiPolygon","coordinates":[[[[-97.64309,32.5568],[-97.61691,32.55631],[-97.61573,32.31874],[-97.78279,32.31648],[-97.9457,32.23341],[-98.00026,32.3601],[-98.06851,32.51158],[-98.06672,32.56223],[-97.64309,32.5568]]]]},"properties":{"fips":"48221","name":"Hood","n":0,"mw":0.0,"first":null,"last":null,"hh":null,"projects":0}},{"type":"Feature","id":48251,"geometry":{"type":"MultiPolygon","coordinates":[[[[-97.0869,32.2667],[-97.47598,32.1817],[-97.47183,32.17551],[-97.48675,32.17153],[-97.49499,32.16431],[-97.51162,32.16179],[-97.51323,32.15295],[-97.51184,32.14545],[-97.50823,32.13865],[-97.51324,32.1339],[-97.52691,32.13618],[-97.5535,32.14903],[-97.56881,32.15055],[-97.57071,32.15424],[-97.5645,32.16171],[-97.56777,32.16568],[-97.56765,32.17399],[-97.5697,32.17814],[-97.57697,32.18092],[-97.59334,32.17431],[-97.60132,32.17544],[-97.60258,32.17764],[-97.60159,32.17992],[-97.59247,32.18465],[-97.59026,32.18738],[-97.59074,32.19661],[-97.59411,32.20157],[-97.59827,32.20394],[-97.61509,32.2035],[-97.61691,32.55631],[-97.08697,32.54926],[-97.0869,32.2667]]]]},"properties":{"fips":"48251","name":"Johnson","n":0,"mw":0.0,"first":null,"last":null,"hh":null,"projects":0}},{"type":"Feature","id":48423,"geometry":{"type":"MultiPolygon","coordinates":[[[[-95.59319,32.68399],[-95.59194,32.68242],[-95.58936,32.68349],[-95.58435,32.68185],[-95.58479,32.6792],[-95.58305,32.67776],[-95.58417,32.67637],[-95.58229,32.67392],[-95.57112,32.67596],[-95.57148,32.67277],[-95.56735,32.67355],[-95.56757,32.67091],[-95.56316,32.66695],[-95.56509,32.66487],[-95.56155,32.66538],[-95.56074,32.66237],[-95.55573,32.66103],[-95.55441,32.65867],[-95.55348,32.66086],[-95.54217,32.65493],[-95.54065,32.65093],[-95.5438,32.65101],[-95.54215,32.64681],[-95.53337,32.64599],[-95.53067,32.64755],[-95.52802,32.64404],[-95.52452,32.64381],[-95.51975,32.64006],[-95.52089,32.63847],[-95.51848,32.63744],[-95.51764,32.63368],[-95.51178,32.63278],[-95.5139,32.63063],[-95.5108,32.62701],[-95.51624,32.62475],[-95.51444,32.62262],[-95.51279,32.62314],[-95.51123,32.62046],[-95.4937,32.61863],[-95.49093,32.61746],[-95.49176,32.61602],[-95.49045,32.61431],[-95.48624,32.61286],[-95.48376,32.61426],[-95.48438,32.61215],[-95.47958,32.6126],[-95.47743,32.61001],[-95.47581,32.61126],[-95.47494,32.6062],[-95.47018,32.60947],[-95.46748,32.6087],[-95.47023,32.60748],[-95.46945,32.60577],[-95.467,32.60731],[-95.46588,32.60639],[-95.46568,32.60874],[-95.46239,32.60743],[-95.46284,32.60913],[-95.46158,32.60961],[-95.45969,32.6091],[-95.45951,32.60583],[-95.45715,32.60751],[-95.45477,32.60609],[-95.4502,32.60641],[-95.45039,32.60776],[-95.44724,32.60635],[-95.44294,32.60786],[-95.44599,32.60882],[-95.44636,32.61372],[-95.44356,32.6126],[-95.44399,32.61157],[-95.43816,32.61034],[-95.43759,32.61212],[-95.43556,32.61233],[-95.4371,32.60914],[-95.43532,32.60685],[-95.43303,32.60824],[-95.43185,32.60588],[-95.42888,32.60692],[-95.42871,32.61021],[-95.42518,32.60718],[-95.4226,32.60903],[-95.41898,32.60895],[-95.4192,32.60529],[-95.41326,32.60713],[-95.40882,32.6046],[-95.40443,32.60676],[-95.40569,32.60403],[-95.40189,32.60346],[-95.40229,32.60623],[-95.40026,32.60459],[-95.39934,32.60633],[-95.39596,32.60449],[-95.39664,32.60177],[-95.39129,32.60122],[-95.38977,32.59891],[-95.38395,32.60216],[-95.382,32.6016],[-95.38205,32.59844],[-95.37886,32.59931],[-95.37539,32.59748],[-95.37472,32.60304],[-95.37058,32.6049],[-95.36393,32.60367],[-95.3619,32.60687],[-95.35822,32.60829],[-95.35411,32.60575],[-95.35149,32.60537],[-95.35066,32.60762],[-95.34761,32.60538],[-95.34604,32.60918],[-95.34427,32.60399],[-95.34119,32.6042],[-95.34075,32.60607],[-95.33871,32.60327],[-95.3372,32.60382],[-95.33765,32.6056],[-95.33562,32.60405],[-95.33156,32.6057],[-95.32707,32.60006],[-95.32549,32.60149],[-95.31931,32.59591],[-95.31425,32.596],[-95.31302,32.59353],[-95.31047,32.59338],[-95.31054,32.59504],[-95.30728,32.59683],[-95.30535,32.59484],[-95.30605,32.59232],[-95.30351,32.59247],[-95.3017,32.59049],[-95.29807,32.59165],[-95.29726,32.59066],[-95.29956,32.58931],[-95.29675,32.58952],[-95.29722,32.58692],[-95.29432,32.58661],[-95.29505,32.58518],[-95.28994,32.58535],[-95.2905,32.58116],[-95.28143,32.58018],[-95.27821,32.57179],[-95.2739,32.57398],[-95.26611,32.57254],[-95.26374,32.57515],[-95.25449,32.57549],[-95.25549,32.57802],[-95.25065,32.57787],[-95.24747,32.57569],[-95.24798,32.57378],[-95.24486,32.5719],[-95.24626,32.56966],[-95.24268,32.56887],[-95.24462,32.56743],[-95.23835,32.56077],[-95.22814,32.56033],[-95.22381,32.56372],[-95.22316,32.56606],[-95.21866,32.5633],[-95.21529,32.56553],[-95.21484,32.56889],[-95.2082,32.56883],[-95.20506,32.57231],[-95.20323,32.56822],[-95.20544,32.56735],[-95.20299,32.56653],[-95.20215,32.56429],[-95.2069,32.55978],[-95.20662,32.55831],[-95.18898,32.54649],[-95.18996,32.54237],[-95.18358,32.54101],[-95.18103,32.54216],[-95.18183,32.547],[-95.17825,32.54986],[-95.17567,32.5555],[-95.16807,32.54425],[-95.16385,32.54563],[-95.15967,32.55053],[-95.16247,32.55462],[-95.1583,32.56662],[-95.15035,32.57237],[-95.15061,32.57003],[-95.146,32.56984],[-95.14448,32.56744],[-95.14415,32.56353],[-95.14089,32.55967],[-95.14144,32.55435],[-95.13999,32.55024],[-95.13524,32.54829],[-95.12194,32.54993],[-95.12177,32.54659],[-95.11916,32.5426],[-95.11473,32.54522],[-95.11308,32.54775],[-95.11422,32.54891],[-95.11104,32.5518],[-95.1045,32.55108],[-95.09895,32.55236],[-95.09885,32.55],[-95.09738,32.5499],[-95.0964,32.55082],[-95.09868,32.55568],[-95.09594,32.55523],[-95.09324,32.55765],[-95.08732,32.55611],[-95.08473,32.55775],[-95.08585,32.55437],[-95.0848,32.55307],[-95.08126,32.55599],[-95.07897,32.55603],[-95.0839,32.54281],[-95.07714,32.54006],[-95.07577,32.53723],[-95.07204,32.53897],[-95.07152,32.54117],[-95.06615,32.53774],[-95.06008,32.53828],[-95.05596,32.54074],[-95.05361,32.53849],[-95.0509,32.5383],[-95.04465,32.54218],[-95.04392,32.54078],[-95.04623,32.53882],[-95.04353,32.53651],[-95.04238,32.53215],[-95.02525,32.53691],[-95.02418,32.53843],[-95.02805,32.54077],[-95.0267,32.54577],[-95.02511,32.54739],[-95.02129,32.54696],[-95.01923,32.54323],[-95.01511,32.54292],[-95.01727,32.53814],[-95.01544,32.53275],[-95.01791,32.52625],[-95.02238,32.52196],[-95.01203,32.51657],[-95.00858,32.5169],[-95.00483,32.52088],[-94.99878,32.52202],[-94.99219,32.5292],[-94.98843,32.53683],[-94.98624,32.53742],[-94.98541,32.13804],[-95.4607,32.13553],[-95.46044,32.13675],[-95.46894,32.14374],[-95.47765,32.14583],[-95.48001,32.15143],[-95.47736,32.15738],[-95.47915,32.15852],[-95.47314,32.16561],[-95.47414,32.16778],[-95.47264,32.1667],[-95.47085,32.16804],[-95.4718,32.16949],[-95.46974,32.1711],[-95.47103,32.173],[-95.46907,32.17455],[-95.47055,32.17864],[-95.4683,32.1806],[-95.46571,32.17876],[-95.46464,32.18039],[-95.4629,32.17971],[-95.46083,32.18333],[-95.46449,32.18366],[-95.46373,32.18531],[-95.46731,32.18747],[-95.46759,32.19065],[-95.46337,32.19095],[-95.46484,32.1929],[-95.46225,32.1955],[-95.46396,32.19808],[-95.46148,32.2007],[-95.46479,32.20446],[-95.46978,32.20448],[-95.46986,32.20577],[-95.46696,32.20657],[-95.46894,32.20914],[-95.46891,32.21241],[-95.47458,32.21105],[-95.4791,32.21372],[-95.47983,32.21605],[-95.47759,32.21797],[-95.48456,32.22392],[-95.48634,32.23217],[-95.48772,32.23272],[-95.48605,32.23416],[-95.48631,32.23698],[-95.48069,32.23675],[-95.48235,32.23795],[-95.48107,32.2419],[-95.47575,32.24255],[-95.46648,32.24692],[-95.46875,32.24916],[-95.46936,32.26301],[-95.45783,32.27301],[-95.45208,32.28588],[-95.45164,32.29495],[-95.44694,32.29607],[-95.44876,32.3003],[-95.45403,32.30578],[-95.45369,32.30871],[-95.45586,32.31147],[-95.45076,32.3145],[-95.45412,32.31706],[-95.45684,32.31702],[-95.45413,32.31983],[-95.45578,32.32524],[-95.45882,32.32853],[-95.45307,32.33456],[-95.45457,32.33778],[-95.45289,32.34323],[-95.45495,32.34511],[-95.44753,32.34726],[-95.44883,32.3495],[-95.44797,32.35316],[-95.4499,32.35659],[-95.44919,32.35974],[-95.45657,32.36822],[-95.45887,32.36824],[-95.45837,32.36703],[-95.4606,32.36721],[-95.46003,32.3654],[-95.46254,32.36494],[-95.46387,32.36747],[-95.47108,32.36924],[-95.47432,32.37478],[-95.48244,32.3806],[-95.48212,32.38263],[-95.49367,32.38933],[-95.49697,32.3977],[-95.50205,32.40175],[-95.50115,32.4075],[-95.50497,32.41397],[-95.51361,32.41663],[-95.517,32.42078],[-95.52468,32.4212],[-95.52603,32.42393],[-95.52517,32.42566],[-95.5288,32.42708],[-95.53231,32.43105],[-95.53955,32.43332],[-95.54092,32.43944],[-95.54499,32.44049],[-95.54628,32.44341],[-95.54479,32.44291],[-95.54515,32.44439],[-95.54788,32.44482],[-95.55194,32.44894],[-95.55274,32.45359],[-95.56045,32.45564],[-95.55962,32.45474],[-95.56107,32.4545],[-95.56099,32.45743],[-95.56283,32.45949],[-95.57278,32.46161],[-95.59427,32.47981],[-95.59465,32.68708],[-95.59297,32.68652],[-95.59415,32.68474],[-95.59319,32.68399]]]]},"properties":{"fips":"48423","name":"Smith","n":0,"mw":0.0,"first":null,"last":null,"hh":null,"projects":0}},{"type":"Feature","id":48183,"geometry":{"type":"MultiPolygon","coordinates":[[[[-94.75116,32.6618],[-94.7476,32.66092],[-94.74513,32.6561],[-94.7412,32.65554],[-94.73957,32.65678],[-94.71934,32.65455],[-94.71238,32.65812],[-94.70889,32.65748],[-94.70876,32.6557],[-94.70396,32.65817],[-94.70286,32.65653],[-94.70268,32.42156],[-94.69298,32.42741],[-94.6899,32.42587],[-94.6846,32.42752],[-94.67183,32.42204],[-94.67556,32.41868],[-94.67425,32.41767],[-94.67185,32.41881],[-94.67367,32.4138],[-94.67133,32.41228],[-94.66792,32.41306],[-94.66858,32.40921],[-94.66501,32.41102],[-94.66018,32.41052],[-94.65701,32.4068],[-94.6541,32.40608],[-94.65324,32.40263],[-94.64391,32.39918],[-94.61563,32.39764],[-94.59908,32.39981],[-94.58869,32.3916],[-94.57944,32.3949],[-94.59205,32.36589],[-94.59442,32.36632],[-94.60024,32.36029],[-94.60522,32.36002],[-94.62759,32.36597],[-94.64,32.37123],[-94.65162,32.36869],[-94.66558,32.37104],[-94.74935,32.37133],[-94.98587,32.36968],[-94.98624,32.53742],[-94.97475,32.53602],[-94.97165,32.53869],[-94.82024,32.5906],[-94.75938,32.65958],[-94.75116,32.6618]]]]},"properties":{"fips":"48183","name":"Gregg","n":0,"mw":0.0,"first":null,"last":null,"hh":null,"projects":0}},{"type":"Feature","id":48257,"geometry":{"type":"MultiPolygon","coordinates":[[[[-96.07588,32.5303],[-96.07564,32.35742],[-96.1958,32.35815],[-96.19579,32.35498],[-96.23133,32.35471],[-96.24962,32.35489],[-96.24975,32.35863],[-96.45235,32.35909],[-96.45466,32.36166],[-96.45018,32.36466],[-96.45384,32.36731],[-96.45234,32.3708],[-96.45081,32.37091],[-96.45143,32.36833],[-96.44899,32.36676],[-96.44723,32.36778],[-96.44803,32.37095],[-96.44619,32.3691],[-96.44401,32.36979],[-96.44763,32.37264],[-96.44851,32.37622],[-96.44549,32.37542],[-96.44504,32.37826],[-96.43745,32.37913],[-96.43904,32.38322],[-96.43574,32.38695],[-96.43878,32.3892],[-96.43456,32.38956],[-96.43986,32.4002],[-96.43653,32.40477],[-96.43788,32.40741],[-96.43469,32.41144],[-96.43871,32.41248],[-96.4412,32.41644],[-96.44941,32.42204],[-96.45091,32.42487],[-96.45715,32.4244],[-96.47777,32.43465],[-96.48446,32.44409],[-96.48326,32.44713],[-96.48494,32.45168],[-96.48803,32.45088],[-96.49806,32.45328],[-96.49346,32.45706],[-96.49493,32.461],[-96.49329,32.46648],[-96.50118,32.46979],[-96.50445,32.47757],[-96.51037,32.48264],[-96.50213,32.48814],[-96.50267,32.48978],[-96.50868,32.49198],[-96.50822,32.49525],[-96.50548,32.49772],[-96.50298,32.49384],[-96.50062,32.49585],[-96.50496,32.50201],[-96.50903,32.50159],[-96.51321,32.51189],[-96.51227,32.51332],[-96.50943,32.51128],[-96.50701,32.51324],[-96.50348,32.51173],[-96.50142,32.51251],[-96.504,32.51582],[-96.50754,32.51732],[-96.50495,32.51816],[-96.50325,32.52602],[-96.50492,32.52707],[-96.50605,32.52481],[-96.50969,32.5267],[-96.51017,32.53037],[-96.50726,32.53277],[-96.51117,32.53566],[-96.5144,32.53618],[-96.51532,32.53176],[-96.51898,32.53149],[-96.52045,32.53275],[-96.52,32.53531],[-96.5244,32.53671],[-96.5244,32.54151],[-96.52725,32.53961],[-96.52923,32.54043],[-96.52988,32.54539],[-96.52333,32.54535],[-96.51902,32.81392],[-96.2975,32.81417],[-96.29733,32.84171],[-96.07671,32.83849],[-96.07588,32.5303]]]]},"properties":{"fips":"48257","name":"Kaufman","n":0,"mw":0.0,"first":null,"last":null,"hh":null,"projects":0}},{"type":"Feature","id":48203,"geometry":{"type":"MultiPolygon","coordinates":[[[[-94.5386,32.70979],[-94.50737,32.69384],[-94.39193,32.69452],[-94.38404,32.69333],[-94.37413,32.69809],[-94.37189,32.70148],[-94.37247,32.70415],[-94.36819,32.70407],[-94.3668,32.70091],[-94.36336,32.70053],[-94.36173,32.70359],[-94.35757,32.70556],[-94.35257,32.70541],[-94.34782,32.70921],[-94.34639,32.71269],[-94.33941,32.71647],[-94.33249,32.71468],[-94.3291,32.71579],[-94.32832,32.72275],[-94.32563,32.72188],[-94.32155,32.72433],[-94.31987,32.72743],[-94.31642,32.7293],[-94.317,32.7302],[-94.31044,32.72672],[-94.30777,32.72724],[-94.30402,32.72495],[-94.29975,32.72551],[-94.29838,32.72359],[-94.29598,32.72393],[-94.29576,32.7267],[-94.28653,32.73001],[-94.28796,32.73608],[-94.2858,32.73609],[-94.28463,32.74377],[-94.28257,32.74502],[-94.28329,32.74699],[-94.28131,32.74942],[-94.2751,32.75032],[-94.27265,32.74678],[-94.26829,32.7456],[-94.26436,32.74764],[-94.25996,32.74535],[-94.26013,32.74956],[-94.256,32.75035],[-94.25598,32.75179],[-94.25,32.75021],[-94.24828,32.74674],[-94.25006,32.74685],[-94.2504,32.74545],[-94.2472,32.74357],[-94.24604,32.74442],[-94.24656,32.74912],[-94.24367,32.75091],[-94.24024,32.74625],[-94.2344,32.74311],[-94.23225,32.73743],[-94.23331,32.73223],[-94.22523,32.72672],[-94.22836,32.72353],[-94.2269,32.72222],[-94.23418,32.72064],[-94.231,32.71974],[-94.231,32.71666],[-94.23438,32.71901],[-94.23635,32.71641],[-94.23364,32.71338],[-94.22485,32.70971],[-94.22277,32.70294],[-94.21464,32.70149],[-94.20622,32.70342],[-94.19145,32.69746],[-94.17536,32.69443],[-94.17239,32.69656],[-94.16762,32.70921],[-94.16259,32.71418],[-94.16139,32.72175],[-94.15567,32.72552],[-94.15001,32.72599],[-94.14973,32.7295],[-94.14456,32.73236],[-94.14627,32.73871],[-94.14481,32.74081],[-94.14188,32.74136],[-94.13186,32.73835],[-94.12545,32.74001],[-94.11802,32.73722],[-94.11293,32.73829],[-94.10719,32.7335],[-94.1061,32.73614],[-94.1019,32.73835],[-94.09813,32.7328],[-94.09267,32.73416],[-94.09137,32.72938],[-94.09716,32.72834],[-94.10261,32.72442],[-94.09853,32.72358],[-94.09316,32.7259],[-94.08792,32.72262],[-94.08786,32.7211],[-94.09227,32.71843],[-94.09231,32.71593],[-94.0961,32.71576],[-94.096,32.71209],[-94.10296,32.71167],[-94.10506,32.71441],[-94.10905,32.71339],[-94.11236,32.71528],[-94.11595,32.71351],[-94.11808,32.70958],[-94.11756,32.70746],[-94.10782,32.70299],[-94.0988,32.70556],[-94.09418,32.69936],[-94.0924,32.69093],[-94.09028,32.68935],[-94.08368,32.6902],[-94.07323,32.68724],[-94.06659,32.68959],[-94.04313,32.69309],[-94.04292,32.39229],[-94.34754,32.33083],[-94.3486,32.33237],[-94.35011,32.33004],[-94.3495,32.32734],[-94.35103,32.32664],[-94.3547,32.32938],[-94.35749,32.32944],[-94.35564,32.33174],[-94.35732,32.33493],[-94.36056,32.33604],[-94.36112,32.34016],[-94.36624,32.34204],[-94.36791,32.34625],[-94.37242,32.34547],[-94.37227,32.34102],[-94.37879,32.34226],[-94.38245,32.34519],[-94.38356,32.34783],[-94.37945,32.34903],[-94.38305,32.35557],[-94.38294,32.36578],[-94.38643,32.36698],[-94.38972,32.36513],[-94.39012,32.36848],[-94.39556,32.36859],[-94.39934,32.36649],[-94.40194,32.36907],[-94.40848,32.36953],[-94.41019,32.37166],[-94.41198,32.37009],[-94.4094,32.36877],[-94.40962,32.36734],[-94.41706,32.36854],[-94.41659,32.36537],[-94.41793,32.36469],[-94.42107,32.36567],[-94.42227,32.36952],[-94.42838,32.36672],[-94.43,32.36232],[-94.43784,32.36137],[-94.44709,32.36745],[-94.44592,32.36979],[-94.44703,32.37207],[-94.45669,32.36923],[-94.46337,32.3725],[-94.4645,32.37716],[-94.47719,32.37874],[-94.47671,32.38135],[-94.47496,32.37984],[-94.47401,32.38086],[-94.47552,32.38428],[-94.47854,32.38599],[-94.47875,32.38979],[-94.48068,32.39074],[-94.48375,32.38965],[-94.49428,32.39505],[-94.49802,32.39455],[-94.49838,32.39764],[-94.50194,32.39783],[-94.50706,32.39464],[-94.50742,32.38884],[-94.50962,32.39124],[-94.51284,32.39035],[-94.51557,32.38726],[-94.51829,32.38869],[-94.51748,32.39074],[-94.52103,32.39152],[-94.52157,32.39494],[-94.52386,32.39499],[-94.52481,32.39277],[-94.52738,32.39368],[-94.52756,32.39694],[-94.52467,32.39744],[-94.52767,32.40002],[-94.52602,32.40237],[-94.53231,32.40339],[-94.54181,32.39946],[-94.54556,32.40296],[-94.55073,32.40326],[-94.55064,32.40687],[-94.55495,32.40761],[-94.56453,32.39956],[-94.58917,32.39164],[-94.59908,32.39981],[-94.60931,32.39779],[-94.62841,32.39912],[-94.63856,32.39815],[-94.65304,32.40255],[-94.6541,32.40608],[-94.65701,32.4068],[-94.66018,32.41052],[-94.66501,32.41102],[-94.66858,32.40921],[-94.66792,32.41306],[-94.67133,32.41228],[-94.67367,32.4138],[-94.67185,32.41881],[-94.67425,32.41767],[-94.67556,32.41868],[-94.67183,32.42204],[-94.6846,32.42752],[-94.6899,32.42587],[-94.69298,32.42741],[-94.70268,32.42156],[-94.70224,32.79313],[-94.5386,32.70979]]]]},"properties":{"fips":"48203","name":"Harrison","n":0,"mw":0.0,"first":null,"last":null,"hh":null,"projects":0}},{"type":"Feature","id":48467,"geometry":{"type":"MultiPolygon","coordinates":[[[[-95.92543,32.82741],[-95.92762,32.82701],[-95.92637,32.82514],[-95.92749,32.82255],[-95.92215,32.82097],[-95.92454,32.81845],[-95.92156,32.81805],[-95.92215,32.81548],[-95.91664,32.81352],[-95.91596,32.81102],[-95.90632,32.8104],[-95.90466,32.80856],[-95.90688,32.80685],[-95.89942,32.80217],[-95.89608,32.80217],[-95.89482,32.80366],[-95.89368,32.80247],[-95.89508,32.79946],[-95.89256,32.80049],[-95.89331,32.79844],[-95.89102,32.79882],[-95.88901,32.79451],[-95.8797,32.78939],[-95.87926,32.79144],[-95.87759,32.79117],[-95.87816,32.78763],[-95.87526,32.78944],[-95.87547,32.78719],[-95.87267,32.78831],[-95.87273,32.78596],[-95.86986,32.78343],[-95.86532,32.78232],[-95.86349,32.77685],[-95.85478,32.77852],[-95.85666,32.77648],[-95.8523,32.77436],[-95.85256,32.77207],[-95.85074,32.77082],[-95.84863,32.77151],[-95.84733,32.76968],[-95.84486,32.77035],[-95.84383,32.76913],[-95.83541,32.77188],[-95.83467,32.77031],[-95.83114,32.77038],[-95.82914,32.76683],[-95.82237,32.76872],[-95.82047,32.76731],[-95.81902,32.76998],[-95.81725,32.76818],[-95.81442,32.77099],[-95.81311,32.76721],[-95.8167,32.76674],[-95.81587,32.76549],[-95.80766,32.76811],[-95.8077,32.77378],[-95.80459,32.77138],[-95.8017,32.7741],[-95.79729,32.77255],[-95.79511,32.77318],[-95.79536,32.77593],[-95.78978,32.77454],[-95.79166,32.77334],[-95.79095,32.77234],[-95.78671,32.77344],[-95.78432,32.77011],[-95.78238,32.77235],[-95.77891,32.77087],[-95.78013,32.77328],[-95.77905,32.77384],[-95.7756,32.77084],[-95.77469,32.77209],[-95.77287,32.77088],[-95.77259,32.77284],[-95.76546,32.77172],[-95.76467,32.77],[-95.76121,32.76993],[-95.76324,32.76813],[-95.76289,32.76566],[-95.76505,32.76433],[-95.76128,32.76216],[-95.76434,32.75929],[-95.76252,32.75558],[-95.76098,32.75844],[-95.75598,32.75413],[-95.7549,32.75468],[-95.75619,32.75648],[-95.75399,32.7579],[-95.74683,32.75389],[-95.74456,32.75549],[-95.74045,32.75454],[-95.73912,32.75666],[-95.73325,32.75252],[-95.73617,32.75099],[-95.73354,32.74634],[-95.7314,32.74732],[-95.73167,32.74939],[-95.72609,32.7473],[-95.72352,32.74798],[-95.71589,32.74382],[-95.70988,32.74535],[-95.70827,32.74289],[-95.70238,32.74235],[-95.70174,32.73787],[-95.69031,32.73634],[-95.68939,32.73068],[-95.68702,32.73069],[-95.68891,32.72965],[-95.6883,32.72841],[-95.67771,32.72782],[-95.67676,32.72335],[-95.67144,32.72205],[-95.67361,32.7187],[-95.66784,32.71616],[-95.66789,32.71338],[-95.66607,32.71555],[-95.664,32.71553],[-95.66159,32.71363],[-95.66243,32.7117],[-95.65921,32.7115],[-95.65714,32.71411],[-95.65231,32.71385],[-95.65229,32.71611],[-95.6484,32.71938],[-95.64656,32.71789],[-95.64237,32.71911],[-95.64122,32.71806],[-95.63931,32.72167],[-95.64014,32.7239],[-95.63714,32.72476],[-95.63453,32.71659],[-95.62904,32.71649],[-95.6268,32.71403],[-95.62754,32.71048],[-95.62586,32.70855],[-95.62078,32.70822],[-95.62109,32.71028],[-95.61817,32.70767],[-95.61589,32.70819],[-95.61373,32.70545],[-95.6081,32.70495],[-95.60755,32.70376],[-95.60506,32.70489],[-95.60466,32.69923],[-95.60286,32.69904],[-95.60396,32.69634],[-95.60067,32.69683],[-95.59985,32.69445],[-95.59664,32.69513],[-95.59714,32.69315],[-95.59533,32.69245],[-95.59368,32.69392],[-95.59503,32.69036],[-95.59265,32.68808],[-95.59511,32.68736],[-95.59427,32.47981],[-95.57278,32.46161],[-95.56283,32.45949],[-95.56099,32.45743],[-95.56107,32.4545],[-95.55962,32.45474],[-95.56045,32.45564],[-95.55274,32.45359],[-95.55194,32.44894],[-95.54788,32.44482],[-95.54515,32.44439],[-95.54479,32.44291],[-95.54628,32.44341],[-95.54499,32.44049],[-95.54092,32.43944],[-95.53955,32.43332],[-95.53231,32.43105],[-95.5288,32.42708],[-95.52517,32.42566],[-95.52603,32.42393],[-95.52468,32.4212],[-95.517,32.42078],[-95.51361,32.41663],[-95.50497,32.41397],[-95.50115,32.4075],[-95.50205,32.40175],[-95.49697,32.3977],[-95.49367,32.38933],[-95.48212,32.38263],[-95.48244,32.3806],[-95.47432,32.37478],[-95.47035,32.36869],[-95.46387,32.36747],[-95.46254,32.36494],[-95.46003,32.3654],[-95.4606,32.36721],[-95.45837,32.36703],[-95.45875,32.36828],[-95.45657,32.36822],[-95.4557,32.36614],[-95.45453,32.36688],[-95.45314,32.36276],[-95.44921,32.35981],[-95.449,32.35505],[-96.07564,32.35742],[-96.07671,32.83849],[-95.9343,32.8372],[-95.92566,32.82934],[-95.92543,32.82741]]]]},"properties":{"fips":"48467","name":"Van Zandt","n":0,"mw":0.0,"first":null,"last":null,"hh":null,"projects":0}},{"type":"Feature","id":48253,"geometry":{"type":"MultiPolygon","coordinates":[[[[-99.94239,32.95988],[-99.61198,32.95695],[-99.61211,32.51627],[-99.61034,32.51489],[-99.62965,32.51456],[-99.62967,32.5207],[-100.1463,32.52286],[-100.14572,32.75003],[-100.14173,32.95967],[-99.94239,32.95988]]]]},"properties":{"fips":"48253","name":"Jones","n":0,"mw":0.0,"first":null,"last":null,"hh":null,"projects":0}},{"type":"Feature","id":48429,"geometry":{"type":"MultiPolygon","coordinates":[[[[-98.70965,32.95648],[-98.57559,32.9545],[-98.57615,32.51513],[-99.09616,32.51497],[-99.09599,32.95694],[-98.70965,32.95648]]]]},"properties":{"fips":"48429","name":"Stephens","n":0,"mw":0.0,"first":null,"last":null,"hh":null,"projects":0}},{"type":"Feature","id":48459,"geometry":{"type":"MultiPolygon","coordinates":[[[[-94.72219,32.90181],[-94.72087,32.90203],[-94.72083,32.90047],[-94.71586,32.90057],[-94.71541,32.89805],[-94.71143,32.89886],[-94.71162,32.89707],[-94.70837,32.89604],[-94.70871,32.89432],[-94.70668,32.89485],[-94.70538,32.89226],[-94.7058,32.88556],[-94.70825,32.88392],[-94.706,32.87934],[-94.70983,32.8704],[-94.70792,32.87112],[-94.7071,32.86957],[-94.70631,32.86095],[-94.70311,32.86062],[-94.70355,32.8622],[-94.7022,32.86262],[-94.69806,32.85986],[-94.70025,32.85176],[-94.69805,32.84785],[-94.69913,32.84526],[-94.69783,32.84326],[-94.68779,32.84288],[-94.68685,32.84183],[-94.68906,32.83987],[-94.68781,32.83841],[-94.68602,32.83816],[-94.68643,32.84035],[-94.68299,32.84109],[-94.68164,32.84035],[-94.6828,32.83848],[-94.68189,32.83686],[-94.68095,32.8381],[-94.67977,32.83623],[-94.67839,32.83803],[-94.67561,32.83685],[-94.67469,32.83843],[-94.67282,32.83741],[-94.67403,32.83587],[-94.67239,32.83493],[-94.70221,32.82056],[-94.70214,32.65239],[-94.70396,32.65817],[-94.70713,32.65567],[-94.70886,32.65577],[-94.70998,32.65806],[-94.71136,32.657],[-94.71338,32.65807],[-94.71913,32.6546],[-94.72201,32.6558],[-94.72518,32.65473],[-94.73957,32.65678],[-94.74097,32.65554],[-94.74513,32.6561],[-94.74561,32.65901],[-94.75162,32.66261],[-94.75333,32.66065],[-94.75821,32.66012],[-94.82024,32.5906],[-94.97165,32.53869],[-94.97475,32.53602],[-94.98129,32.53764],[-94.9879,32.53705],[-94.99595,32.5247],[-94.99878,32.52202],[-95.00491,32.52084],[-95.00911,32.51669],[-95.01706,32.5182],[-95.02233,32.5218],[-95.01772,32.52655],[-95.01544,32.53275],[-95.01727,32.53814],[-95.01511,32.54292],[-95.01923,32.54323],[-95.02129,32.54696],[-95.02511,32.54739],[-95.0267,32.54577],[-95.02805,32.54077],[-95.02418,32.53843],[-95.02525,32.53691],[-95.04223,32.53214],[-95.04353,32.53651],[-95.04623,32.53882],[-95.04392,32.54078],[-95.04465,32.54218],[-95.0509,32.5383],[-95.05361,32.53849],[-95.05596,32.54074],[-95.06008,32.53828],[-95.06615,32.53774],[-95.07152,32.54117],[-95.07204,32.53897],[-95.07577,32.53723],[-95.07714,32.54006],[-95.08377,32.54236],[-95.08354,32.54648],[-95.07911,32.55293],[-95.07887,32.55577],[-95.08126,32.55599],[-95.08494,32.55309],[-95.08483,32.55778],[-95.08732,32.55611],[-95.09324,32.55765],[-95.09594,32.55523],[-95.09847,32.55587],[-95.0964,32.55082],[-95.0978,32.54966],[-95.09895,32.55236],[-95.11127,32.55171],[-95.11422,32.54891],[-95.11308,32.54775],[-95.11473,32.54522],[-95.1188,32.54255],[-95.12158,32.54612],[-95.12194,32.54993],[-95.13524,32.54829],[-95.14032,32.55063],[-95.14089,32.55967],[-95.14415,32.56353],[-95.14586,32.56968],[-95.15061,32.57003],[-95.15035,32.57237],[-95.15335,32.57029],[-95.15216,32.90253],[-94.87508,32.90262],[-94.71994,32.90445],[-94.72287,32.90313],[-94.72219,32.90181]]]]},"properties":{"fips":"48459","name":"Upshur","n":0,"mw":0.0,"first":null,"last":null,"hh":null,"projects":0}},{"type":"Feature","id":48315,"geometry":{"type":"MultiPolygon","coordinates":[[[[-94.04315,32.88088],[-94.04313,32.69309],[-94.07367,32.68722],[-94.08368,32.6902],[-94.09168,32.68989],[-94.09418,32.69936],[-94.0988,32.70556],[-94.10782,32.70299],[-94.11802,32.7081],[-94.11595,32.71351],[-94.11198,32.71536],[-94.10905,32.71339],[-94.10506,32.71441],[-94.1033,32.71173],[-94.096,32.71209],[-94.0961,32.71576],[-94.09241,32.71584],[-94.09227,32.71843],[-94.08767,32.72133],[-94.09316,32.7259],[-94.09853,32.72358],[-94.10253,32.72397],[-94.10153,32.72621],[-94.09103,32.72982],[-94.09254,32.73406],[-94.09813,32.7328],[-94.10177,32.73833],[-94.1061,32.73614],[-94.10719,32.7335],[-94.11293,32.73829],[-94.11802,32.73722],[-94.12545,32.74001],[-94.13186,32.73835],[-94.14188,32.74136],[-94.14512,32.74066],[-94.14627,32.73871],[-94.14456,32.73236],[-94.14973,32.7295],[-94.15001,32.72599],[-94.15567,32.72552],[-94.16139,32.72175],[-94.16291,32.71357],[-94.16798,32.70858],[-94.17239,32.69656],[-94.17622,32.69444],[-94.19145,32.69746],[-94.20622,32.70342],[-94.21464,32.70149],[-94.22277,32.70294],[-94.22485,32.70971],[-94.23364,32.71338],[-94.23635,32.71641],[-94.23438,32.71901],[-94.231,32.71666],[-94.231,32.71974],[-94.23418,32.72064],[-94.2269,32.72222],[-94.22836,32.72353],[-94.22523,32.72672],[-94.23331,32.73223],[-94.23225,32.73743],[-94.2344,32.74311],[-94.24024,32.74625],[-94.24367,32.75091],[-94.24656,32.74912],[-94.24604,32.74442],[-94.2472,32.74357],[-94.2504,32.74545],[-94.25006,32.74685],[-94.24828,32.74674],[-94.25,32.75021],[-94.25598,32.75179],[-94.256,32.75035],[-94.26013,32.74956],[-94.25996,32.74535],[-94.26436,32.74764],[-94.26829,32.7456],[-94.27265,32.74678],[-94.2751,32.75032],[-94.28131,32.74942],[-94.28329,32.74699],[-94.28257,32.74502],[-94.28463,32.74377],[-94.2858,32.73609],[-94.28796,32.73608],[-94.28653,32.73001],[-94.29576,32.7267],[-94.29598,32.72393],[-94.29838,32.72359],[-94.29975,32.72551],[-94.30402,32.72495],[-94.30777,32.72724],[-94.31044,32.72672],[-94.317,32.7302],[-94.31642,32.7293],[-94.31987,32.72743],[-94.32155,32.72433],[-94.32563,32.72188],[-94.32832,32.72275],[-94.3291,32.71579],[-94.33249,32.71468],[-94.33941,32.71647],[-94.34639,32.71269],[-94.34782,32.70921],[-94.35257,32.70541],[-94.35757,32.70556],[-94.36173,32.70359],[-94.36336,32.70053],[-94.3668,32.70091],[-94.36819,32.70407],[-94.37247,32.70415],[-94.37189,32.70148],[-94.37413,32.69809],[-94.38379,32.69338],[-94.39193,32.69452],[-94.50737,32.69384],[-94.70224,32.79313],[-94.70221,32.82056],[-94.67239,32.83493],[-94.67403,32.83587],[-94.67282,32.83741],[-94.67469,32.83843],[-94.67561,32.83685],[-94.67839,32.83803],[-94.67977,32.83623],[-94.68095,32.8381],[-94.68189,32.83686],[-94.6828,32.83848],[-94.68164,32.84035],[-94.68299,32.84109],[-94.68643,32.84035],[-94.68602,32.83816],[-94.68781,32.83841],[-94.68906,32.83987],[-94.68685,32.84183],[-94.68779,32.84288],[-94.69783,32.84326],[-94.69913,32.84526],[-94.69805,32.84785],[-94.70025,32.85176],[-94.69806,32.85986],[-94.7022,32.86262],[-94.70355,32.8622],[-94.70311,32.86062],[-94.70631,32.86095],[-94.7071,32.86957],[-94.70792,32.87112],[-94.70983,32.8704],[-94.706,32.87934],[-94.04315,32.88088]]]]},"properties":{"fips":"48315","name":"Marion","n":0,"mw":0.0,"first":null,"last":null,"hh":null,"projects":0}},{"type":"Feature","id":48363,"geometry":{"type":"MultiPolygon","coordinates":[[[[-98.05597,33.00361],[-98.06452,32.62667],[-98.06851,32.51158],[-98.47521,32.51296],[-98.57615,32.51513],[-98.57559,32.9545],[-98.42718,32.9523],[-98.42692,33.00781],[-98.05597,33.00361]]]]},"properties":{"fips":"48363","name":"Palo Pinto","n":0,"mw":0.0,"first":null,"last":null,"hh":null,"projects":0}},{"type":"Feature","id":48367,"geometry":{"type":"MultiPolygon","coordinates":[[[[-97.92154,33.00121],[-97.54413,32.99405],[-97.54983,32.67952],[-97.55061,32.55506],[-98.06672,32.56223],[-98.05597,33.00361],[-97.92154,33.00121]]]]},"properties":{"fips":"48367","name":"Parker","n":0,"mw":0.0,"first":null,"last":null,"hh":null,"projects":0}},{"type":"Feature","id":48145,"geometry":{"type":"MultiPolygon","coordinates":[[[[-96.63676,31.27994],[-96.59648,31.22031],[-96.75261,31.14228],[-96.83036,31.10513],[-96.82882,31.11083],[-97.07003,30.98606],[-97.27804,31.27971],[-96.98141,31.42901],[-96.80112,31.52214],[-96.63676,31.27994]]]]},"properties":{"fips":"48145","name":"Falls","n":0,"mw":0.0,"first":null,"last":null,"hh":null,"projects":0}},{"type":"Feature","id":48005,"geometry":{"type":"MultiPolygon","coordinates":[[[[-94.86428,31.52594],[-94.86499,31.52067],[-94.86247,31.52137],[-94.86019,31.51954],[-94.86293,31.51755],[-94.86102,31.51632],[-94.86149,31.51502],[-94.85828,31.51295],[-94.85632,31.51355],[-94.85725,31.51191],[-94.85538,31.5101],[-94.85381,31.51164],[-94.85156,31.51102],[-94.85303,31.50865],[-94.85165,31.50867],[-94.85255,31.50723],[-94.85104,31.50519],[-94.84892,31.50793],[-94.84392,31.50609],[-94.84006,31.50765],[-94.8392,31.50426],[-94.84077,31.50212],[-94.83458,31.50254],[-94.83353,31.50088],[-94.83365,31.49767],[-94.83598,31.49562],[-94.83262,31.49451],[-94.83247,31.4929],[-94.83018,31.49356],[-94.82823,31.49074],[-94.82642,31.49165],[-94.8226,31.484],[-94.82037,31.48364],[-94.81919,31.48711],[-94.81587,31.48705],[-94.81256,31.48412],[-94.81017,31.48468],[-94.81174,31.4874],[-94.80849,31.48963],[-94.80517,31.48837],[-94.80386,31.49043],[-94.8014,31.48897],[-94.80366,31.48732],[-94.80009,31.48648],[-94.7998,31.48516],[-94.7977,31.48597],[-94.79999,31.48348],[-94.79712,31.48138],[-94.79746,31.48267],[-94.79622,31.48269],[-94.79636,31.48],[-94.79477,31.48121],[-94.79235,31.47925],[-94.78144,31.48135],[-94.77743,31.4805],[-94.77404,31.4777],[-94.77086,31.47751],[-94.7722,31.47605],[-94.77014,31.4769],[-94.77215,31.47441],[-94.7693,31.47476],[-94.76712,31.47163],[-94.76512,31.47212],[-94.76466,31.46938],[-94.76167,31.4715],[-94.75989,31.47004],[-94.75556,31.4717],[-94.7428,31.46549],[-94.74209,31.4664],[-94.74119,31.4651],[-94.74041,31.46684],[-94.73895,31.4633],[-94.73504,31.46291],[-94.73534,31.46469],[-94.73362,31.4653],[-94.72855,31.46135],[-94.72838,31.45731],[-94.72107,31.45624],[-94.72157,31.45855],[-94.72036,31.45928],[-94.71663,31.4579],[-94.71716,31.45653],[-94.70473,31.45697],[-94.70132,31.45379],[-94.69533,31.452],[-94.69346,31.4536],[-94.68624,31.45074],[-94.67888,31.45205],[-94.67631,31.45361],[-94.67701,31.45511],[-94.67448,31.45362],[-94.67443,31.4515],[-94.6737,31.45637],[-94.67139,31.45499],[-94.67102,31.45683],[-94.66424,31.45954],[-94.66099,31.45462],[-94.65876,31.45414],[-94.66067,31.45257],[-94.64151,31.44399],[-94.63488,31.44407],[-94.6357,31.44092],[-94.63289,31.44137],[-94.63243,31.44469],[-94.63048,31.44424],[-94.62661,31.4423],[-94.62906,31.44038],[-94.62779,31.43889],[-94.62542,31.44028],[-94.62271,31.43925],[-94.62214,31.44223],[-94.61856,31.43914],[-94.61835,31.44156],[-94.61613,31.44006],[-94.61096,31.44231],[-94.60915,31.44023],[-94.60718,31.44084],[-94.60714,31.4428],[-94.60701,31.43983],[-94.60398,31.44063],[-94.6054,31.44319],[-94.6037,31.4436],[-94.60221,31.44165],[-94.60215,31.4453],[-94.59844,31.44748],[-94.59638,31.44703],[-94.59448,31.44937],[-94.59098,31.44744],[-94.59374,31.44719],[-94.59559,31.44444],[-94.58997,31.44356],[-94.58849,31.44769],[-94.58673,31.44684],[-94.5885,31.44531],[-94.58628,31.44469],[-94.58719,31.4425],[-94.58297,31.44401],[-94.58357,31.44096],[-94.58191,31.43994],[-94.58347,31.43924],[-94.58189,31.43868],[-94.58471,31.43468],[-94.5814,31.43317],[-94.56591,31.43293],[-94.56111,31.43525],[-94.55611,31.43341],[-94.5555,31.43512],[-94.55042,31.43327],[-94.55136,31.43084],[-94.54837,31.43004],[-94.54483,31.43189],[-94.54711,31.42892],[-94.54449,31.42467],[-94.54635,31.42106],[-94.54222,31.41883],[-94.54363,31.41668],[-94.54118,31.41323],[-94.54167,31.4104],[-94.54029,31.41056],[-94.54261,31.40537],[-94.54088,31.40063],[-94.53741,31.39854],[-94.53337,31.40017],[-94.52882,31.39839],[-94.52106,31.40261],[-94.52046,31.40091],[-94.51758,31.40159],[-94.51617,31.40444],[-94.51971,31.40511],[-94.51523,31.40702],[-94.51648,31.40899],[-94.51096,31.4099],[-94.5113,31.41171],[-94.50738,31.411],[-94.50714,31.40852],[-94.50423,31.4062],[-94.50322,31.40771],[-94.50508,31.41006],[-94.50245,31.41074],[-94.49808,31.40451],[-94.49653,31.4061],[-94.49433,31.40233],[-94.49227,31.40245],[-94.49153,31.40011],[-94.49384,31.39891],[-94.48946,31.39884],[-94.49012,31.39728],[-94.49294,31.39732],[-94.49233,31.39453],[-94.48886,31.39372],[-94.48653,31.39514],[-94.48654,31.38973],[-94.48464,31.39069],[-94.48353,31.38823],[-94.48041,31.38796],[-94.47693,31.38411],[-94.47614,31.38694],[-94.47413,31.38548],[-94.47426,31.38743],[-94.47142,31.38509],[-94.47413,31.38329],[-94.47342,31.38154],[-94.46948,31.38406],[-94.46842,31.38195],[-94.46939,31.37994],[-94.46608,31.37895],[-94.46995,31.37791],[-94.4665,31.37607],[-94.46664,31.37442],[-94.46882,31.3756],[-94.47154,31.37289],[-94.46864,31.37242],[-94.46973,31.36896],[-94.46796,31.36571],[-94.46504,31.36457],[-94.46436,31.3607],[-94.46104,31.36029],[-94.46215,31.35424],[-94.4561,31.35193],[-94.45784,31.35013],[-94.45696,31.34513],[-94.45885,31.34367],[-94.45831,31.341],[-94.45672,31.33912],[-94.45245,31.34052],[-94.45222,31.33782],[-94.45483,31.33763],[-94.45553,31.33548],[-94.45193,31.33202],[-94.45258,31.32978],[-94.45073,31.33044],[-94.44862,31.32868],[-94.45145,31.32782],[-94.44913,31.32568],[-94.44967,31.32116],[-94.44788,31.32011],[-94.44759,31.31743],[-94.44456,31.31967],[-94.44142,31.31644],[-94.44037,31.31892],[-94.4384,31.31279],[-94.43417,31.31363],[-94.43297,31.31198],[-94.43207,31.31507],[-94.43046,31.31243],[-94.42818,31.31349],[-94.42151,31.31018],[-94.42213,31.30815],[-94.41814,31.30991],[-94.4109,31.30964],[-94.41015,31.30666],[-94.40598,31.30795],[-94.40736,31.3065],[-94.40508,31.3062],[-94.40622,31.30421],[-94.40267,31.30416],[-94.4003,31.30204],[-94.40162,31.30073],[-94.39526,31.3022],[-94.39559,31.30005],[-94.39305,31.29943],[-94.38876,31.29267],[-94.38638,31.29231],[-94.38704,31.29045],[-94.38527,31.29033],[-94.38712,31.28578],[-94.38685,31.28141],[-94.38341,31.28203],[-94.38172,31.28008],[-94.38326,31.27501],[-94.38034,31.27579],[-94.37893,31.27354],[-94.37605,31.27395],[-94.37246,31.26371],[-94.37021,31.26479],[-94.36676,31.26091],[-94.35744,31.25957],[-94.35925,31.2577],[-94.35935,31.25391],[-94.35621,31.25448],[-94.35651,31.25115],[-94.35423,31.25109],[-94.35707,31.24688],[-94.35393,31.24861],[-94.35048,31.24745],[-94.35244,31.24561],[-94.34697,31.24304],[-94.34938,31.24094],[-94.34866,31.23831],[-94.34655,31.23636],[-94.34374,31.23669],[-94.34135,31.23149],[-94.33859,31.22929],[-94.33874,31.23117],[-94.3355,31.22962],[-94.33649,31.22818],[-94.33385,31.22643],[-94.33565,31.22501],[-94.3348,31.22297],[-94.32808,31.22301],[-94.33001,31.22442],[-94.3279,31.22563],[-94.32441,31.22367],[-94.32178,31.22465],[-94.32091,31.22173],[-94.31255,31.22364],[-94.3116,31.22244],[-94.31307,31.22113],[-94.31086,31.21962],[-94.31247,31.21796],[-94.30881,31.2175],[-94.30715,31.21454],[-94.30313,31.21454],[-94.30616,31.21284],[-94.30264,31.21137],[-94.29466,31.21281],[-94.29341,31.20827],[-94.29042,31.20762],[-94.29132,31.20573],[-94.28878,31.20169],[-94.27793,31.20111],[-94.27645,31.2003],[-94.2781,31.19859],[-94.27422,31.19909],[-94.26983,31.19625],[-94.26412,31.19045],[-94.26629,31.1877],[-94.26256,31.18046],[-94.26044,31.18038],[-94.26059,31.18305],[-94.25601,31.18212],[-94.25424,31.18656],[-94.25047,31.18827],[-94.25066,31.1841],[-94.24756,31.18477],[-94.2458,31.18052],[-94.2493,31.17859],[-94.24893,31.1772],[-94.24524,31.1767],[-94.23887,31.18046],[-94.23786,31.17801],[-94.23255,31.17754],[-94.23318,31.17522],[-94.22469,31.17614],[-94.22367,31.17397],[-94.2189,31.17327],[-94.22075,31.17135],[-94.21945,31.16444],[-94.21611,31.1628],[-94.21601,31.16012],[-94.2111,31.16005],[-94.21178,31.15739],[-94.20284,31.15403],[-94.20346,31.15093],[-94.20686,31.15241],[-94.20734,31.15076],[-94.19926,31.14587],[-94.19881,31.14446],[-94.20122,31.14465],[-94.20079,31.14343],[-94.19518,31.13999],[-94.18937,31.13957],[-94.19239,31.13535],[-94.1883,31.1375],[-94.18982,31.13436],[-94.18149,31.12944],[-94.17832,31.12383],[-94.17348,31.12637],[-94.16891,31.12224],[-94.16653,31.12418],[-94.16113,31.12216],[-94.15712,31.11869],[-94.15777,31.11455],[-94.15478,31.11604],[-94.15189,31.11465],[-94.14412,31.11509],[-94.14475,31.11234],[-94.1411,31.11049],[-94.14241,31.10718],[-94.13913,31.10713],[-94.14044,31.10465],[-94.1334,31.10768],[-94.13022,31.10525],[-94.13199,31.10139],[-94.12952,31.09933],[-94.46234,31.0331],[-94.47298,31.02616],[-94.48565,31.03148],[-94.48429,31.03418],[-94.48535,31.03871],[-94.49093,31.03894],[-94.48916,31.04052],[-94.49105,31.04099],[-94.49174,31.04487],[-94.49601,31.04187],[-94.50063,31.04261],[-94.50221,31.04463],[-94.50334,31.04311],[-94.50638,31.04582],[-94.50876,31.04338],[-94.51031,31.047],[-94.51244,31.04626],[-94.51777,31.05153],[-94.52146,31.05086],[-94.5212,31.04863],[-94.52294,31.04846],[-94.52405,31.05134],[-94.52294,31.05296],[-94.52634,31.05115],[-94.52712,31.05595],[-94.52879,31.05372],[-94.53416,31.05663],[-94.53343,31.05372],[-94.53661,31.05193],[-94.53621,31.05375],[-94.53822,31.0545],[-94.54298,31.05368],[-94.54772,31.05907],[-94.54932,31.05771],[-94.54785,31.05353],[-94.5499,31.0551],[-94.5541,31.05462],[-94.55448,31.05763],[-94.55809,31.05699],[-94.55801,31.05901],[-94.56029,31.05781],[-94.5619,31.05898],[-94.56087,31.06117],[-94.56218,31.06361],[-94.56291,31.06215],[-94.5676,31.0643],[-94.56866,31.06162],[-94.56905,31.06426],[-94.57128,31.06327],[-94.5742,31.06637],[-94.5741,31.06852],[-94.57486,31.06725],[-94.5789,31.06893],[-94.58197,31.06808],[-94.58258,31.06476],[-94.58556,31.06653],[-94.58895,31.06601],[-94.5923,31.06839],[-94.59101,31.07107],[-94.59447,31.07277],[-94.59891,31.06857],[-94.60255,31.07154],[-94.60191,31.07392],[-94.60454,31.07766],[-94.60581,31.07471],[-94.60734,31.07792],[-94.61219,31.07805],[-94.60958,31.08211],[-94.61434,31.08106],[-94.61301,31.08225],[-94.61436,31.08513],[-94.61744,31.0839],[-94.61871,31.08593],[-94.62161,31.08542],[-94.62297,31.08741],[-94.62356,31.08546],[-94.62546,31.08667],[-94.6299,31.08355],[-94.63504,31.09008],[-94.64034,31.08692],[-94.64322,31.0882],[-94.64659,31.09257],[-94.64832,31.09905],[-94.65482,31.09402],[-94.65466,31.08886],[-94.65836,31.08487],[-94.66327,31.08637],[-94.66354,31.08851],[-94.67074,31.0885],[-94.67252,31.09152],[-94.67222,31.09307],[-94.66989,31.09352],[-94.67089,31.09557],[-94.67819,31.09319],[-94.67929,31.09609],[-94.68683,31.09638],[-94.69006,31.09797],[-94.69239,31.09581],[-94.69687,31.09861],[-94.69789,31.09817],[-94.69697,31.09629],[-94.69828,31.09631],[-94.69974,31.09775],[-94.6992,31.09951],[-94.70288,31.10208],[-94.70417,31.09892],[-94.7063,31.09972],[-94.70559,31.10259],[-94.70912,31.10117],[-94.70965,31.10396],[-94.70782,31.10453],[-94.71023,31.10558],[-94.71292,31.10355],[-94.71401,31.10475],[-94.71572,31.10369],[-94.71609,31.10565],[-94.71916,31.10713],[-94.72152,31.10612],[-94.72352,31.10841],[-94.7259,31.10597],[-94.73762,31.10352],[-94.74578,31.10676],[-94.75137,31.10561],[-94.75457,31.10928],[-94.76023,31.11099],[-94.76531,31.11493],[-94.76826,31.11489],[-94.76973,31.11746],[-94.77545,31.118],[-94.78083,31.12365],[-94.7828,31.12228],[-94.79007,31.12418],[-94.79499,31.12744],[-94.79375,31.12848],[-94.79673,31.13125],[-94.8029,31.13209],[-94.80278,31.13008],[-94.81251,31.13352],[-94.81402,31.13065],[-94.81857,31.13246],[-94.8226,31.14021],[-94.82504,31.13821],[-94.82756,31.13992],[-94.8295,31.13874],[-94.83176,31.14168],[-94.84144,31.14339],[-94.84372,31.14916],[-94.84568,31.1479],[-94.84932,31.14933],[-94.85184,31.14794],[-94.85315,31.15014],[-94.85638,31.15016],[-94.85527,31.15445],[-94.84996,31.15518],[-94.85155,31.15636],[-94.84974,31.15976],[-94.85373,31.16636],[-94.85501,31.17265],[-94.85316,31.17379],[-94.85309,31.17198],[-94.84995,31.1712],[-94.85222,31.17781],[-94.8501,31.17826],[-94.85183,31.18317],[-94.85436,31.18473],[-94.85297,31.18536],[-94.8538,31.18933],[-94.85773,31.19065],[-94.8605,31.19544],[-94.85837,31.19566],[-94.859,31.19798],[-94.8624,31.20081],[-94.86164,31.20337],[-94.86316,31.20316],[-94.86638,31.20903],[-94.86283,31.2109],[-94.86547,31.21233],[-94.86129,31.21302],[-94.8631,31.21407],[-94.86331,31.2166],[-94.85916,31.21618],[-94.85902,31.21891],[-94.86131,31.21824],[-94.86281,31.22013],[-94.85833,31.22078],[-94.86259,31.22266],[-94.86249,31.22469],[-94.86452,31.22573],[-94.86287,31.22696],[-94.86421,31.23211],[-94.8611,31.23262],[-94.8603,31.23468],[-94.86324,31.23509],[-94.86694,31.23885],[-94.86844,31.24423],[-94.87172,31.24444],[-94.87482,31.25007],[-94.88079,31.2475],[-94.88299,31.24898],[-94.88473,31.25577],[-94.88951,31.25553],[-94.89157,31.25392],[-94.8977,31.25801],[-94.89846,31.26182],[-94.89617,31.26288],[-94.89724,31.26492],[-94.89143,31.26908],[-94.88785,31.27671],[-94.88363,31.27759],[-94.87673,31.28316],[-94.87917,31.28899],[-94.88383,31.28743],[-94.88621,31.29555],[-94.88808,31.29437],[-94.88823,31.29207],[-94.89088,31.29591],[-94.89134,31.29244],[-94.89449,31.29163],[-94.89646,31.29625],[-94.89506,31.29656],[-94.89468,31.29955],[-94.89847,31.30476],[-94.89671,31.30679],[-94.90139,31.31297],[-94.89658,31.31907],[-94.89841,31.32059],[-94.89714,31.32315],[-94.89881,31.32431],[-94.89859,31.32645],[-94.90362,31.32928],[-94.90207,31.33194],[-94.90722,31.33231],[-94.90935,31.33677],[-94.91084,31.33608],[-94.91768,31.33953],[-94.91638,31.33656],[-94.91747,31.33593],[-94.92962,31.34064],[-94.92933,31.33823],[-94.93197,31.33835],[-94.93394,31.34092],[-94.93998,31.34284],[-94.94009,31.34027],[-94.94244,31.34175],[-94.94494,31.33815],[-94.94552,31.34085],[-94.94729,31.34039],[-94.94752,31.33845],[-94.95453,31.34222],[-94.95375,31.34381],[-94.95778,31.34278],[-94.95758,31.34518],[-94.95519,31.34588],[-94.9564,31.34795],[-94.95551,31.34964],[-94.96119,31.34896],[-94.96128,31.35247],[-94.95995,31.35368],[-94.95728,31.35297],[-94.95805,31.35667],[-94.95571,31.35489],[-94.95557,31.35651],[-94.95106,31.35779],[-94.95016,31.35998],[-94.95266,31.35906],[-94.95347,31.36119],[-94.95593,31.36133],[-94.9546,31.36283],[-94.95544,31.3642],[-94.95732,31.36279],[-94.95856,31.36357],[-94.95535,31.37346],[-94.95742,31.37537],[-94.95736,31.3789],[-94.95478,31.38089],[-94.94994,31.38023],[-94.94988,31.38181],[-94.9573,31.3855],[-94.95696,31.38681],[-94.95938,31.38729],[-94.95876,31.38867],[-94.9661,31.39113],[-94.96438,31.39512],[-94.96558,31.39657],[-94.97368,31.39979],[-94.97785,31.39953],[-94.97605,31.40462],[-94.97948,31.40567],[-94.97598,31.40754],[-94.97685,31.40929],[-94.98217,31.41082],[-94.98571,31.41422],[-94.99375,31.41427],[-94.99366,31.41789],[-94.9975,31.41695],[-94.99955,31.42092],[-95.00059,31.41781],[-95.00556,31.42139],[-95.00465,31.42434],[-94.99939,31.42881],[-94.86592,31.52693],[-94.86428,31.52594]]]]},"properties":{"fips":"48005","name":"Angelina","n":0,"mw":0.0,"first":null,"last":null,"hh":null,"projects":0}},{"type":"Feature","id":48225,"geometry":{"type":"MultiPolygon","coordinates":[[[[-95.00318,31.42594],[-95.00489,31.424],[-95.00492,31.42052],[-95.00024,31.41776],[-94.99955,31.42092],[-94.9975,31.41695],[-94.99366,31.41789],[-94.99375,31.41427],[-94.98571,31.41422],[-94.98217,31.41082],[-94.97685,31.40929],[-94.97598,31.40754],[-94.97948,31.40567],[-94.97605,31.40462],[-94.97785,31.39953],[-94.97368,31.39979],[-94.96558,31.39657],[-94.96438,31.39512],[-94.96626,31.39133],[-94.95876,31.38867],[-94.95938,31.38729],[-94.95812,31.38679],[-95.13184,31.26346],[-95.18087,31.23258],[-95.57938,30.95677],[-95.62438,30.92731],[-95.63182,30.92579],[-95.63889,30.92694],[-95.64092,30.92849],[-95.6431,30.93474],[-95.64979,30.93584],[-95.65023,30.94656],[-95.66009,30.95725],[-95.66446,30.9709],[-95.67321,30.9768],[-95.67526,30.98546],[-95.68137,30.9871],[-95.67963,30.98995],[-95.67033,30.9938],[-95.66983,30.99836],[-95.66465,31.00335],[-95.65822,31.01624],[-95.66786,31.02093],[-95.66937,31.02543],[-95.66786,31.02809],[-95.66248,31.03373],[-95.64599,31.03665],[-95.6411,31.04238],[-95.63765,31.04209],[-95.6349,31.03731],[-95.63118,31.03689],[-95.63166,31.04003],[-95.62802,31.04365],[-95.62978,31.05184],[-95.6345,31.05417],[-95.64714,31.05497],[-95.64802,31.05892],[-95.65478,31.06715],[-95.64876,31.06861],[-95.64831,31.07016],[-95.65404,31.07357],[-95.65606,31.07933],[-95.6615,31.08042],[-95.66314,31.08426],[-95.67499,31.07587],[-95.6794,31.07867],[-95.68527,31.07662],[-95.68803,31.08062],[-95.69242,31.08202],[-95.69828,31.07664],[-95.70381,31.08251],[-95.70641,31.07779],[-95.7116,31.08189],[-95.72329,31.0798],[-95.72582,31.08167],[-95.72884,31.08811],[-95.73399,31.0837],[-95.73755,31.08412],[-95.74185,31.09104],[-95.75059,31.09221],[-95.75599,31.08878],[-95.76061,31.08903],[-95.76387,31.09296],[-95.7703,31.11112],[-95.77277,31.11338],[-95.7729,31.11779],[-95.77714,31.12104],[-95.77453,31.1228],[-95.77248,31.12805],[-95.77565,31.13503],[-95.77385,31.13864],[-95.76613,31.14036],[-95.76302,31.14382],[-95.75659,31.14113],[-95.75422,31.14833],[-95.74765,31.15384],[-95.74284,31.15222],[-95.73741,31.15937],[-95.73219,31.15854],[-95.72804,31.16232],[-95.74394,31.17798],[-95.74794,31.20646],[-95.74111,31.21703],[-95.73122,31.22174],[-95.72521,31.22904],[-95.72705,31.24028],[-95.72357,31.24549],[-95.72812,31.25171],[-95.72197,31.25515],[-95.72892,31.25999],[-95.72534,31.27087],[-95.71346,31.27533],[-95.70912,31.27985],[-95.7045,31.28038],[-95.70337,31.28208],[-95.70722,31.28542],[-95.70718,31.28722],[-95.70262,31.29268],[-95.6948,31.29698],[-95.69037,31.2971],[-95.68163,31.28804],[-95.67831,31.29186],[-95.67128,31.29537],[-95.67327,31.29872],[-95.67894,31.30189],[-95.67767,31.30347],[-95.67275,31.30272],[-95.66838,31.30794],[-95.6711,31.31743],[-95.66291,31.32073],[-95.66057,31.31908],[-95.66085,31.31605],[-95.65911,31.31586],[-95.65565,31.32415],[-95.65774,31.34396],[-95.65963,31.34539],[-95.67376,31.3446],[-95.67762,31.34738],[-95.67416,31.35051],[-95.67241,31.3562],[-95.66151,31.35709],[-95.66054,31.35904],[-95.6642,31.36102],[-95.6659,31.36654],[-95.67533,31.3655],[-95.67614,31.36892],[-95.68194,31.369],[-95.68475,31.3724],[-95.69118,31.37491],[-95.69243,31.37772],[-95.68922,31.37946],[-95.69255,31.38198],[-95.69097,31.38493],[-95.69424,31.38777],[-95.69325,31.39154],[-95.70088,31.39409],[-95.70179,31.40249],[-95.69832,31.40698],[-95.70681,31.41274],[-95.71148,31.4223],[-95.71086,31.43476],[-95.71278,31.44185],[-95.7113,31.45461],[-95.71682,31.46065],[-95.72141,31.46251],[-95.73688,31.45896],[-95.74152,31.46013],[-95.74506,31.45749],[-95.74682,31.45798],[-95.74628,31.46581],[-95.74132,31.46822],[-95.73881,31.47246],[-95.73318,31.47418],[-95.72579,31.47007],[-95.7225,31.47101],[-95.72172,31.47279],[-95.7299,31.48974],[-95.73675,31.48498],[-95.74272,31.48734],[-95.74505,31.49195],[-95.74013,31.49615],[-95.74321,31.5006],[-95.73968,31.50374],[-95.64698,31.52655],[-95.65168,31.54174],[-95.45345,31.56985],[-95.27327,31.59288],[-95.27404,31.59127],[-95.27286,31.59038],[-95.27005,31.59152],[-95.26922,31.5872],[-95.26216,31.58116],[-95.26055,31.57738],[-95.25529,31.57486],[-95.25172,31.57637],[-95.24118,31.57467],[-95.23976,31.57672],[-95.23017,31.57349],[-95.22811,31.57507],[-95.23138,31.57701],[-95.22774,31.57621],[-95.22621,31.57744],[-95.21825,31.57342],[-95.21161,31.57329],[-95.21065,31.5719],[-95.20889,31.57303],[-95.20866,31.5703],[-95.20269,31.57337],[-95.1978,31.57152],[-95.19826,31.57399],[-95.19432,31.57467],[-95.19271,31.57319],[-95.19264,31.57608],[-95.18987,31.57811],[-95.18508,31.57807],[-95.17934,31.58038],[-95.1767,31.58472],[-95.17185,31.58493],[-95.17014,31.58436],[-95.17062,31.58315],[-95.16845,31.58346],[-95.17066,31.58091],[-95.16222,31.57771],[-95.16158,31.57322],[-95.14973,31.56948],[-95.15103,31.56574],[-95.14782,31.56341],[-95.14397,31.5628],[-95.143,31.56461],[-95.13969,31.56292],[-95.1419,31.55779],[-95.14738,31.55346],[-95.14326,31.54462],[-95.14398,31.54218],[-95.14611,31.54295],[-95.14368,31.5398],[-95.13576,31.54047],[-95.12841,31.53774],[-95.12644,31.53852],[-95.12538,31.53741],[-95.12627,31.53437],[-95.12346,31.53109],[-95.12317,31.53439],[-95.12016,31.53469],[-95.12049,31.53288],[-95.10795,31.5262],[-95.11008,31.52435],[-95.10799,31.52293],[-95.10338,31.52351],[-95.10006,31.51899],[-95.09884,31.51502],[-95.09985,31.51177],[-95.0966,31.5098],[-95.09745,31.50889],[-95.10029,31.5107],[-95.10071,31.50889],[-95.09731,31.50595],[-95.09822,31.50441],[-95.09376,31.50345],[-95.09553,31.50126],[-95.09575,31.49934],[-95.09429,31.49897],[-95.09764,31.49831],[-95.09797,31.49351],[-95.10093,31.49602],[-95.10229,31.49385],[-95.10518,31.49477],[-95.10485,31.49207],[-95.10899,31.48937],[-95.10882,31.48609],[-95.11098,31.4839],[-95.10601,31.48309],[-95.10649,31.48068],[-95.10299,31.47906],[-95.10221,31.47535],[-95.10347,31.4744],[-95.09832,31.47466],[-95.09843,31.47686],[-95.09729,31.47588],[-95.10096,31.47119],[-95.10074,31.46847],[-95.09247,31.46944],[-95.09095,31.46688],[-95.08799,31.46612],[-95.08147,31.46804],[-95.08145,31.47025],[-95.07846,31.46752],[-95.07409,31.4669],[-95.0735,31.46384],[-95.07215,31.4635],[-95.06701,31.46662],[-95.06633,31.47015],[-95.0689,31.47021],[-95.06464,31.4712],[-95.06204,31.46933],[-95.06214,31.4675],[-95.0604,31.46799],[-95.05667,31.46487],[-95.0583,31.46366],[-95.05493,31.46209],[-95.05563,31.46023],[-95.05192,31.45855],[-95.05165,31.45303],[-95.04459,31.44635],[-95.04525,31.44501],[-95.03918,31.44669],[-95.03459,31.44478],[-95.03512,31.44338],[-95.03104,31.44331],[-95.03206,31.44558],[-95.02377,31.44262],[-95.01644,31.44506],[-95.01608,31.44677],[-95.01111,31.44488],[-95.00638,31.44509],[-95.00645,31.44325],[-95.00394,31.44191],[-95.0044,31.44023],[-95.01081,31.43838],[-95.01147,31.43627],[-95.00687,31.43368],[-95.00719,31.43133],[-95.00342,31.42794],[-95.00318,31.42594]]]]},"properties":{"fips":"48225","name":"Houston","n":0,"mw":0.0,"first":null,"last":null,"hh":null,"projects":0}},{"type":"Feature","id":48103,"geometry":{"type":"MultiPolygon","coordinates":[[[[-102.31242,31.34395],[-102.30729,31.19715],[-102.30099,31.12784],[-102.30122,31.08626],[-102.39036,31.08718],[-102.39282,31.08833],[-102.39549,31.08674],[-102.39903,31.08812],[-102.39946,31.08628],[-102.4062,31.08778],[-102.40426,31.09046],[-102.40621,31.08968],[-102.40599,31.09191],[-102.4076,31.09184],[-102.40652,31.09487],[-102.41095,31.09591],[-102.41097,31.10076],[-102.4158,31.107],[-102.41357,31.10883],[-102.41589,31.11185],[-102.41769,31.11171],[-102.42019,31.1182],[-102.42189,31.11707],[-102.42193,31.11884],[-102.42545,31.11959],[-102.42551,31.12168],[-102.42831,31.12421],[-102.42715,31.12765],[-102.4302,31.12914],[-102.42562,31.13402],[-102.42675,31.13527],[-102.42532,31.13702],[-102.4258,31.13856],[-102.42728,31.1369],[-102.43015,31.13868],[-102.42762,31.13916],[-102.42854,31.14151],[-102.42726,31.14258],[-102.43011,31.14609],[-102.42651,31.14624],[-102.42599,31.14804],[-102.42276,31.14907],[-102.42566,31.15241],[-102.42337,31.1561],[-102.42353,31.16012],[-102.42542,31.15933],[-102.42612,31.16117],[-102.42351,31.16337],[-102.4254,31.16384],[-102.42609,31.16689],[-102.42815,31.16676],[-102.42588,31.17265],[-102.42736,31.17156],[-102.4305,31.17479],[-102.42809,31.17467],[-102.42512,31.17825],[-102.42942,31.18332],[-102.42855,31.18927],[-102.43131,31.19244],[-102.42962,31.19359],[-102.43331,31.19404],[-102.43234,31.19689],[-102.43371,31.19551],[-102.4386,31.1979],[-102.4372,31.20265],[-102.44063,31.20656],[-102.43899,31.20846],[-102.44091,31.20878],[-102.44014,31.21022],[-102.44194,31.20981],[-102.44213,31.21267],[-102.44652,31.21464],[-102.44793,31.21454],[-102.44643,31.21349],[-102.44784,31.21244],[-102.44804,31.21372],[-102.4506,31.21335],[-102.45437,31.21905],[-102.45295,31.22025],[-102.45597,31.22362],[-102.46312,31.22197],[-102.46255,31.21888],[-102.46456,31.21781],[-102.4693,31.21971],[-102.46586,31.21956],[-102.46642,31.22216],[-102.46874,31.22337],[-102.46578,31.22664],[-102.47181,31.22863],[-102.47317,31.22684],[-102.47423,31.22965],[-102.47701,31.22941],[-102.47735,31.23168],[-102.48172,31.23395],[-102.4817,31.23589],[-102.48382,31.23549],[-102.48361,31.23714],[-102.48554,31.23821],[-102.48571,31.23564],[-102.49049,31.23504],[-102.48971,31.23798],[-102.49095,31.24065],[-102.49405,31.24053],[-102.49725,31.24401],[-102.49655,31.24559],[-102.49788,31.24435],[-102.49838,31.24631],[-102.50173,31.24547],[-102.49832,31.24882],[-102.50014,31.24756],[-102.5023,31.24907],[-102.50245,31.25312],[-102.50651,31.25385],[-102.50938,31.25853],[-102.51479,31.2588],[-102.51497,31.26034],[-102.5207,31.26282],[-102.52263,31.26066],[-102.52344,31.26276],[-102.5332,31.26082],[-102.53615,31.26337],[-102.53615,31.2652],[-102.5385,31.2639],[-102.53813,31.26535],[-102.54093,31.26564],[-102.54093,31.26737],[-102.54306,31.26507],[-102.54436,31.2673],[-102.54664,31.26626],[-102.548,31.2674],[-102.5499,31.26569],[-102.55121,31.26712],[-102.54993,31.269],[-102.56121,31.26782],[-102.56414,31.26897],[-102.56431,31.27108],[-102.56681,31.27262],[-102.56657,31.2699],[-102.56978,31.27086],[-102.57151,31.2697],[-102.57458,31.27285],[-102.57656,31.27077],[-102.57487,31.26821],[-102.57669,31.26818],[-102.57866,31.27185],[-102.57989,31.26779],[-102.58192,31.26703],[-102.5807,31.26319],[-102.58348,31.26519],[-102.58401,31.2629],[-102.5862,31.26339],[-102.5884,31.26033],[-102.58908,31.26351],[-102.59159,31.26409],[-102.5945,31.2675],[-102.59652,31.26417],[-102.59686,31.26685],[-102.59853,31.26581],[-102.60063,31.26709],[-102.59899,31.27033],[-102.60152,31.27004],[-102.60162,31.27215],[-102.604,31.27098],[-102.60461,31.27314],[-102.6027,31.27601],[-102.60477,31.27676],[-102.60484,31.2791],[-102.60857,31.28],[-102.60694,31.28158],[-102.61007,31.28236],[-102.61005,31.28361],[-102.60813,31.28368],[-102.60857,31.28598],[-102.61543,31.28516],[-102.61687,31.28609],[-102.61625,31.28934],[-102.62141,31.28933],[-102.62345,31.29235],[-102.6293,31.29098],[-102.63236,31.29399],[-102.63556,31.29369],[-102.638,31.29621],[-102.63559,31.29799],[-102.63708,31.30092],[-102.63522,31.30527],[-102.63809,31.30485],[-102.63989,31.30785],[-102.64208,31.30741],[-102.64115,31.31022],[-102.64643,31.31357],[-102.64804,31.31289],[-102.64775,31.31542],[-102.65108,31.31219],[-102.65516,31.31567],[-102.65641,31.31348],[-102.662,31.31587],[-102.66512,31.31378],[-102.66444,31.32133],[-102.66868,31.32712],[-102.67629,31.32998],[-102.67658,31.32682],[-102.69619,31.31852],[-102.70729,31.31146],[-102.71089,31.31261],[-102.71206,31.31024],[-102.71705,31.31095],[-102.71873,31.30903],[-102.72201,31.30964],[-102.72267,31.30723],[-102.72482,31.30834],[-102.72625,31.30447],[-102.72935,31.30294],[-102.72682,31.29996],[-102.72995,31.30121],[-102.72961,31.29812],[-102.73219,31.29829],[-102.73175,31.29535],[-102.72903,31.29502],[-102.73244,31.29246],[-102.73049,31.28726],[-102.73692,31.28559],[-102.73918,31.28264],[-102.74178,31.28301],[-102.74257,31.28483],[-102.74446,31.28317],[-102.74346,31.28145],[-102.74663,31.28258],[-102.75384,31.27912],[-102.7571,31.28351],[-102.75695,31.28545],[-102.75451,31.28566],[-102.75648,31.2879],[-102.75519,31.29032],[-102.75783,31.29022],[-102.7559,31.29166],[-102.76145,31.29442],[-102.76294,31.29288],[-102.76745,31.29377],[-102.76756,31.65138],[-102.3179,31.65132],[-102.31748,31.54804],[-102.31242,31.34395]]]]},"properties":{"fips":"48103","name":"Crane","n":0,"mw":0.0,"first":null,"last":null,"hh":null,"projects":0}},{"type":"Feature","id":48475,"geometry":{"type":"MultiPolygon","coordinates":[[[[-103.6084,31.65128],[-102.76756,31.65138],[-102.76745,31.29377],[-102.76848,31.2955],[-102.77247,31.29346],[-102.77458,31.29516],[-102.77559,31.29155],[-102.77834,31.29273],[-102.78454,31.28608],[-102.79292,31.28194],[-102.79529,31.28288],[-102.79989,31.28054],[-102.80037,31.28266],[-102.8023,31.28293],[-102.80203,31.28125],[-102.80644,31.2772],[-102.80903,31.2768],[-102.80976,31.27375],[-102.81167,31.27513],[-102.81285,31.27266],[-102.81376,31.27413],[-102.81603,31.27269],[-102.8174,31.27398],[-102.81687,31.27185],[-102.82104,31.27018],[-102.81892,31.26973],[-102.82086,31.26793],[-102.82345,31.27049],[-102.82412,31.26742],[-102.82688,31.26693],[-102.82551,31.26856],[-102.82714,31.26894],[-102.82616,31.27072],[-102.82785,31.27037],[-102.83089,31.27333],[-102.82941,31.27417],[-102.82985,31.27567],[-102.83542,31.28009],[-102.83745,31.28507],[-102.84498,31.28743],[-102.84811,31.29062],[-102.85197,31.29011],[-102.85332,31.29192],[-102.85628,31.29059],[-102.85593,31.29308],[-102.8576,31.29298],[-102.85906,31.29573],[-102.86484,31.29637],[-102.86565,31.29912],[-102.8719,31.30023],[-102.87281,31.30278],[-102.8773,31.30538],[-102.87672,31.31156],[-102.87299,31.3121],[-102.87561,31.3144],[-102.87567,31.31659],[-102.89961,31.32424],[-102.90121,31.33048],[-102.90541,31.33416],[-102.91209,31.33656],[-102.91396,31.33906],[-102.92749,31.33774],[-102.93237,31.34382],[-102.93144,31.34548],[-102.93374,31.34772],[-102.93365,31.35003],[-102.94405,31.34923],[-102.94543,31.35248],[-102.94773,31.35319],[-102.9581,31.351],[-102.95746,31.35256],[-102.95933,31.35465],[-102.96302,31.3531],[-102.96269,31.35162],[-102.96663,31.35145],[-102.97224,31.35663],[-102.97279,31.35906],[-102.97354,31.35598],[-102.97771,31.35795],[-102.97624,31.35598],[-102.97914,31.35287],[-102.98059,31.35607],[-102.98493,31.35575],[-102.98646,31.35796],[-102.98908,31.35611],[-102.99343,31.35774],[-102.99584,31.3568],[-102.99592,31.35872],[-102.99896,31.35918],[-102.99626,31.36099],[-102.99878,31.36379],[-103.00411,31.3655],[-103.00762,31.36947],[-103.01068,31.37041],[-103.01091,31.37744],[-103.01594,31.37573],[-103.02339,31.37948],[-103.02697,31.37802],[-103.02918,31.37975],[-103.0355,31.37826],[-103.03698,31.38241],[-103.03794,31.38022],[-103.0404,31.38022],[-103.04646,31.3837],[-103.04898,31.38419],[-103.04993,31.38263],[-103.05063,31.38415],[-103.05296,31.38377],[-103.05252,31.38554],[-103.05818,31.38514],[-103.05677,31.38356],[-103.06203,31.3795],[-103.06479,31.37921],[-103.06466,31.37735],[-103.06645,31.37753],[-103.06569,31.37477],[-103.06743,31.37407],[-103.06796,31.37041],[-103.06302,31.36845],[-103.06559,31.36595],[-103.07812,31.36422],[-103.09012,31.36534],[-103.09374,31.36386],[-103.10001,31.36518],[-103.10517,31.36387],[-103.10692,31.36105],[-103.10847,31.36373],[-103.12415,31.36533],[-103.12819,31.36738],[-103.12961,31.36399],[-103.14009,31.36484],[-103.16021,31.37249],[-103.182,31.37017],[-103.19415,31.37188],[-103.19548,31.37421],[-103.21074,31.37973],[-103.21274,31.38191],[-103.22142,31.38428],[-103.22708,31.38406],[-103.22978,31.38681],[-103.2343,31.38661],[-103.23772,31.38934],[-103.24508,31.38914],[-103.25083,31.40112],[-103.25423,31.40129],[-103.25621,31.4067],[-103.25779,31.40721],[-103.25704,31.40872],[-103.25966,31.41263],[-103.25946,31.41545],[-103.25527,31.42047],[-103.25909,31.42516],[-103.26124,31.42451],[-103.26106,31.42687],[-103.2625,31.42756],[-103.26753,31.42731],[-103.26679,31.42535],[-103.26904,31.42706],[-103.2746,31.42381],[-103.27308,31.42292],[-103.27682,31.42099],[-103.27448,31.42063],[-103.27445,31.41679],[-103.27638,31.41817],[-103.27866,31.4144],[-103.28069,31.4159],[-103.281,31.41866],[-103.28254,31.41705],[-103.28478,31.4181],[-103.28331,31.41988],[-103.29339,31.42168],[-103.29919,31.41963],[-103.30311,31.42116],[-103.30691,31.42006],[-103.30704,31.41807],[-103.30968,31.41628],[-103.31064,31.41759],[-103.31043,31.41615],[-103.31648,31.41781],[-103.33024,31.41196],[-103.33179,31.41417],[-103.33335,31.41282],[-103.33423,31.4148],[-103.33541,31.41312],[-103.33781,31.41794],[-103.34084,31.41662],[-103.34195,31.42011],[-103.34465,31.41983],[-103.34533,31.42251],[-103.34814,31.42096],[-103.34909,31.42346],[-103.35804,31.4181],[-103.35826,31.41513],[-103.36177,31.4153],[-103.3595,31.41734],[-103.36169,31.41899],[-103.36394,31.41482],[-103.3658,31.41595],[-103.36904,31.41391],[-103.3689,31.4153],[-103.37172,31.41625],[-103.36771,31.41794],[-103.37169,31.41881],[-103.37451,31.41729],[-103.38013,31.41935],[-103.38008,31.41727],[-103.38229,31.4173],[-103.3848,31.41883],[-103.38384,31.42199],[-103.38864,31.42426],[-103.39106,31.42949],[-103.39381,31.43126],[-103.39894,31.43109],[-103.39915,31.43387],[-103.40216,31.43114],[-103.40793,31.43188],[-103.40793,31.42962],[-103.41231,31.42997],[-103.41793,31.4261],[-103.42645,31.42833],[-103.4305,31.43138],[-103.43585,31.43055],[-103.44258,31.43367],[-103.44056,31.43127],[-103.44368,31.43086],[-103.44221,31.42806],[-103.44539,31.42738],[-103.44336,31.42719],[-103.44334,31.42587],[-103.44639,31.42429],[-103.45046,31.42646],[-103.45425,31.4257],[-103.45649,31.42851],[-103.45946,31.42856],[-103.45894,31.42998],[-103.46171,31.42953],[-103.46266,31.43138],[-103.46558,31.43211],[-103.46491,31.43405],[-103.46814,31.4341],[-103.46663,31.43547],[-103.46781,31.43763],[-103.47061,31.43738],[-103.47199,31.44023],[-103.47633,31.4402],[-103.4773,31.44232],[-103.47626,31.44465],[-103.48302,31.44706],[-103.48397,31.45075],[-103.48679,31.45283],[-103.48662,31.45504],[-103.48931,31.45625],[-103.48987,31.45998],[-103.48711,31.46214],[-103.48892,31.46517],[-103.48618,31.46701],[-103.48893,31.46901],[-103.48396,31.46895],[-103.48094,31.47523],[-103.48229,31.47743],[-103.4857,31.47837],[-103.48582,31.48188],[-103.48986,31.48245],[-103.4898,31.48682],[-103.49317,31.48649],[-103.49537,31.48886],[-103.49315,31.49129],[-103.49376,31.49284],[-103.49645,31.49287],[-103.49581,31.4992],[-103.50071,31.50164],[-103.49998,31.50369],[-103.5037,31.50571],[-103.50287,31.51165],[-103.50414,31.51489],[-103.49904,31.51632],[-103.49997,31.51917],[-103.4958,31.52179],[-103.49992,31.52272],[-103.49704,31.52517],[-103.50282,31.52835],[-103.49987,31.52909],[-103.5004,31.53182],[-103.49753,31.53194],[-103.49896,31.53556],[-103.496,31.5396],[-103.49669,31.54813],[-103.4954,31.54977],[-103.49835,31.54972],[-103.50166,31.55369],[-103.49911,31.55546],[-103.50015,31.55759],[-103.50052,31.55569],[-103.502,31.55588],[-103.50075,31.55806],[-103.5042,31.55863],[-103.50195,31.55911],[-103.50174,31.56068],[-103.50569,31.56103],[-103.50305,31.56202],[-103.50268,31.56376],[-103.50589,31.56238],[-103.50567,31.56347],[-103.5086,31.56434],[-103.50675,31.56589],[-103.50889,31.56653],[-103.50734,31.56917],[-103.51112,31.56948],[-103.50969,31.56799],[-103.51179,31.56714],[-103.51478,31.57684],[-103.51291,31.57852],[-103.51523,31.57924],[-103.51375,31.58281],[-103.51031,31.5796],[-103.51198,31.58153],[-103.50987,31.58448],[-103.51096,31.58609],[-103.50746,31.58746],[-103.50986,31.58724],[-103.51125,31.5907],[-103.50583,31.59021],[-103.5086,31.59248],[-103.50504,31.59244],[-103.50722,31.59498],[-103.50429,31.59671],[-103.50583,31.5984],[-103.50429,31.59977],[-103.50547,31.60214],[-103.5086,31.60262],[-103.50726,31.60559],[-103.51091,31.6076],[-103.51234,31.61226],[-103.5142,31.61306],[-103.50999,31.61465],[-103.51305,31.61534],[-103.51105,31.61789],[-103.51263,31.61937],[-103.51031,31.62063],[-103.51326,31.6232],[-103.50957,31.62279],[-103.5095,31.6259],[-103.51047,31.62406],[-103.51153,31.62634],[-103.51765,31.6252],[-103.51674,31.62858],[-103.51874,31.62783],[-103.51869,31.62959],[-103.52114,31.62848],[-103.52399,31.63239],[-103.53017,31.63258],[-103.52631,31.63442],[-103.53096,31.63617],[-103.52879,31.63851],[-103.53157,31.6425],[-103.53268,31.64037],[-103.53467,31.64245],[-103.53778,31.64114],[-103.54144,31.64332],[-103.54437,31.64234],[-103.55149,31.6448],[-103.55117,31.64237],[-103.55406,31.64132],[-103.55454,31.63947],[-103.55897,31.64069],[-103.56228,31.63301],[-103.56465,31.6342],[-103.57311,31.63228],[-103.58163,31.63493],[-103.58149,31.63682],[-103.58769,31.6381],[-103.5923,31.6419],[-103.59188,31.64478],[-103.59675,31.64288],[-103.59463,31.64583],[-103.59986,31.64681],[-103.60105,31.64989],[-103.6044,31.64787],[-103.60562,31.65091],[-103.61038,31.65073],[-103.6084,31.65128]]]]},"properties":{"fips":"48475","name":"Ward","n":0,"mw":0.0,"first":null,"last":null,"hh":null,"projects":0}},{"type":"Feature","id":48289,"geometry":{"type":"MultiPolygon","coordinates":[[[[-95.73451,31.65223],[-95.71879,31.63269],[-95.71704,31.62647],[-95.71014,31.61474],[-95.7123,31.60832],[-95.71122,31.60401],[-95.7166,31.59743],[-95.71553,31.59414],[-95.71963,31.5928],[-95.72231,31.58606],[-95.72945,31.58366],[-95.72157,31.57798],[-95.71815,31.57324],[-95.71831,31.57166],[-95.72212,31.56996],[-95.71702,31.56766],[-95.71724,31.55959],[-95.7154,31.55447],[-95.71862,31.5537],[-95.72385,31.5557],[-95.73058,31.55119],[-95.742,31.5541],[-95.75162,31.55193],[-95.75421,31.54628],[-95.75098,31.54098],[-95.75892,31.53418],[-95.75688,31.53118],[-95.74787,31.52841],[-95.74727,31.5241],[-95.74164,31.52278],[-95.73783,31.51953],[-95.73386,31.50948],[-95.7343,31.50765],[-95.74301,31.50097],[-95.74293,31.49854],[-95.74013,31.49615],[-95.74463,31.49284],[-95.74467,31.49012],[-95.74177,31.48633],[-95.73773,31.48488],[-95.7299,31.48974],[-95.72172,31.47279],[-95.7225,31.47101],[-95.72579,31.47007],[-95.73318,31.47418],[-95.73881,31.47246],[-95.74132,31.46822],[-95.74628,31.46581],[-95.747,31.45853],[-95.74516,31.45745],[-95.74152,31.46013],[-95.73688,31.45896],[-95.72141,31.46251],[-95.71682,31.46065],[-95.7113,31.45461],[-95.71278,31.44185],[-95.71086,31.43476],[-95.71148,31.4223],[-95.70681,31.41274],[-95.69832,31.40698],[-95.70179,31.40249],[-95.70088,31.39409],[-95.69325,31.39154],[-95.69424,31.38777],[-95.69097,31.38493],[-95.69255,31.38198],[-95.68922,31.37946],[-95.69243,31.37772],[-95.69118,31.37491],[-95.68475,31.3724],[-95.68194,31.369],[-95.67614,31.36892],[-95.67533,31.3655],[-95.6659,31.36654],[-95.6642,31.36102],[-95.66054,31.35904],[-95.66151,31.35709],[-95.67241,31.3562],[-95.67416,31.35051],[-95.67762,31.34738],[-95.67376,31.3446],[-95.65963,31.34539],[-95.65774,31.34396],[-95.65548,31.32625],[-95.65641,31.32001],[-95.65911,31.31586],[-95.66085,31.31605],[-95.66057,31.31908],[-95.66291,31.32073],[-95.67029,31.31852],[-95.67137,31.31603],[-95.66935,31.31376],[-95.66838,31.30794],[-95.6732,31.30248],[-95.67883,31.30255],[-95.67844,31.30063],[-95.67327,31.29872],[-95.67128,31.29537],[-95.67831,31.29186],[-95.68163,31.28804],[-95.69037,31.2971],[-95.6948,31.29698],[-95.70262,31.29268],[-95.70718,31.28722],[-95.70722,31.28542],[-95.70337,31.28208],[-95.7045,31.28038],[-95.70912,31.27985],[-95.71346,31.27533],[-95.72534,31.27087],[-95.72892,31.25999],[-95.72197,31.25515],[-95.72812,31.25171],[-95.72357,31.24549],[-95.72705,31.24028],[-95.72521,31.22904],[-95.73122,31.22174],[-95.74111,31.21703],[-95.74794,31.20646],[-95.74394,31.17798],[-95.72804,31.16232],[-95.73219,31.15854],[-95.73741,31.15937],[-95.74284,31.15222],[-95.74765,31.15384],[-95.75422,31.14833],[-95.75659,31.14113],[-95.76302,31.14382],[-95.76562,31.14062],[-95.77249,31.13946],[-95.77523,31.13663],[-95.77248,31.12805],[-95.77453,31.1228],[-95.77714,31.12104],[-95.7729,31.11779],[-95.77277,31.11338],[-95.76611,31.10213],[-95.76656,31.09938],[-95.76427,31.09431],[-95.97543,31.09189],[-95.98893,31.08605],[-96.00785,31.07317],[-96.01985,31.06921],[-96.04445,31.06975],[-96.04859,31.0684],[-96.07615,31.04879],[-96.17188,30.99406],[-96.19266,30.99147],[-96.20801,30.98368],[-96.21608,30.98125],[-96.22962,30.98],[-96.23455,30.97608],[-96.24098,30.97383],[-96.24243,30.97744],[-96.2401,30.97731],[-96.24026,30.97916],[-96.24155,30.97912],[-96.2408,30.98286],[-96.23758,30.98564],[-96.23956,30.98844],[-96.23938,30.98974],[-96.23794,30.98943],[-96.23825,30.99408],[-96.23606,30.9937],[-96.23498,30.99564],[-96.24432,30.99985],[-96.24621,30.99821],[-96.24669,31.00605],[-96.248,31.00486],[-96.25856,31.00767],[-96.25976,31.00622],[-96.26063,31.00787],[-96.26012,31.01509],[-96.25812,31.01569],[-96.25682,31.02127],[-96.25825,31.02316],[-96.25593,31.02392],[-96.25535,31.02823],[-96.25389,31.02777],[-96.25281,31.03122],[-96.24872,31.03342],[-96.24728,31.0371],[-96.24949,31.03782],[-96.24708,31.04336],[-96.24178,31.04447],[-96.24148,31.0475],[-96.24012,31.0475],[-96.24028,31.04882],[-96.24623,31.0515],[-96.24318,31.05449],[-96.2441,31.05657],[-96.24145,31.05702],[-96.2441,31.05968],[-96.24318,31.06167],[-96.24668,31.06248],[-96.24611,31.06109],[-96.24776,31.06067],[-96.25149,31.06515],[-96.25305,31.06424],[-96.25291,31.06653],[-96.2554,31.0657],[-96.25699,31.0693],[-96.25464,31.07219],[-96.25247,31.07197],[-96.25282,31.0731],[-96.26059,31.07719],[-96.26082,31.07492],[-96.26191,31.07783],[-96.26279,31.07668],[-96.26542,31.07881],[-96.26904,31.078],[-96.27206,31.08131],[-96.27221,31.08466],[-96.27743,31.08817],[-96.2774,31.09231],[-96.28052,31.09599],[-96.27809,31.10347],[-96.27934,31.10372],[-96.27801,31.10562],[-96.279,31.10861],[-96.27695,31.11001],[-96.27836,31.11395],[-96.27688,31.11625],[-96.2827,31.11951],[-96.28371,31.12542],[-96.2855,31.12547],[-96.28931,31.13174],[-96.29283,31.13325],[-96.2917,31.13594],[-96.29427,31.13874],[-96.29321,31.1404],[-96.29587,31.14008],[-96.29903,31.14817],[-96.29906,31.15329],[-96.29743,31.15515],[-96.30058,31.15876],[-96.29955,31.15924],[-96.30162,31.16379],[-96.29938,31.16412],[-96.29882,31.17221],[-96.29673,31.17519],[-96.29946,31.17529],[-96.29904,31.17717],[-96.30111,31.17913],[-96.29708,31.18115],[-96.30222,31.18597],[-96.30557,31.19567],[-96.31164,31.19816],[-96.30902,31.20402],[-96.31121,31.2048],[-96.31055,31.20803],[-96.31175,31.20866],[-96.30989,31.21381],[-96.31054,31.21752],[-96.3142,31.21967],[-96.31431,31.21816],[-96.31587,31.21847],[-96.31938,31.2225],[-96.31695,31.22368],[-96.31689,31.22618],[-96.31395,31.22885],[-96.31966,31.23682],[-96.3208,31.24286],[-96.3286,31.24632],[-96.32798,31.24846],[-96.32985,31.24905],[-96.3291,31.25083],[-96.33107,31.25238],[-96.3292,31.25745],[-96.32482,31.26175],[-96.32404,31.26058],[-96.32544,31.25956],[-96.32383,31.25785],[-96.32046,31.25793],[-96.32015,31.26019],[-96.31682,31.26321],[-96.31732,31.26473],[-96.31474,31.26586],[-96.31391,31.27033],[-96.31755,31.273],[-96.31602,31.27736],[-96.32216,31.28291],[-96.32493,31.28256],[-96.32785,31.28682],[-96.32801,31.2913],[-96.32638,31.29321],[-96.32841,31.29604],[-96.32821,31.29878],[-96.32558,31.30073],[-96.32103,31.29783],[-96.32049,31.29985],[-96.31714,31.30153],[-96.32579,31.31131],[-96.32507,31.31299],[-96.3207,31.31383],[-96.32226,31.31494],[-96.32037,31.31683],[-96.32194,31.31761],[-96.31843,31.32075],[-96.32018,31.32622],[-96.31817,31.32778],[-96.32026,31.33068],[-96.31862,31.33323],[-96.31949,31.33597],[-96.31585,31.3386],[-96.31467,31.34223],[-96.317,31.34412],[-96.31601,31.34645],[-96.31843,31.34659],[-96.31994,31.35028],[-96.31712,31.36177],[-96.32281,31.37392],[-95.84539,31.59314],[-95.78734,31.61833],[-95.78404,31.60943],[-95.77638,31.60136],[-95.76867,31.59736],[-95.76377,31.5996],[-95.76113,31.59922],[-95.76122,31.6033],[-95.75357,31.60684],[-95.75322,31.61382],[-95.74847,31.61802],[-95.75331,31.62921],[-95.75285,31.63506],[-95.75732,31.64309],[-95.7568,31.64545],[-95.75377,31.64884],[-95.73946,31.65373],[-95.736,31.65393],[-95.73451,31.65223]]]]},"properties":{"fips":"48289","name":"Leon","n":0,"mw":0.0,"first":null,"last":null,"hh":null,"projects":0}},{"type":"Feature","id":48099,"geometry":{"type":"MultiPolygon","coordinates":[[[[-97.68862,31.70924],[-97.4188,31.32013],[-97.90695,31.06953],[-98.17972,31.46413],[-97.68992,31.71113],[-97.68862,31.70924]]]]},"properties":{"fips":"48099","name":"Coryell","n":0,"mw":0.0,"first":null,"last":null,"hh":null,"projects":0}},{"type":"Feature","id":48403,"geometry":{"type":"MultiPolygon","coordinates":[[[[-93.8964,31.61159],[-93.89724,31.60909],[-93.89111,31.60741],[-93.88994,31.60469],[-93.88562,31.60362],[-93.88461,31.60096],[-93.88276,31.60204],[-93.88064,31.59932],[-93.87843,31.60009],[-93.87581,31.59831],[-93.87593,31.59678],[-93.87234,31.59644],[-93.87315,31.59858],[-93.86942,31.59914],[-93.86705,31.59691],[-93.86578,31.59818],[-93.86252,31.59656],[-93.86428,31.59468],[-93.86091,31.59193],[-93.85819,31.5932],[-93.85293,31.59241],[-93.85074,31.59402],[-93.84652,31.58879],[-93.84056,31.58747],[-93.83945,31.58883],[-93.83649,31.58554],[-93.83477,31.58612],[-93.83047,31.58029],[-93.8182,31.57104],[-93.8182,31.56951],[-93.82152,31.56908],[-93.82244,31.56751],[-93.82076,31.56364],[-93.81635,31.56347],[-93.81779,31.56048],[-93.82101,31.55984],[-93.81806,31.55441],[-93.80989,31.54984],[-93.80764,31.54629],[-93.79931,31.54337],[-93.80262,31.53914],[-93.79886,31.53815],[-93.798,31.53446],[-93.79054,31.53098],[-93.78705,31.52718],[-93.76011,31.52396],[-93.7537,31.52481],[-93.74739,31.53056],[-93.74692,31.52789],[-93.74262,31.5264],[-93.74059,31.51813],[-93.74451,31.5172],[-93.74245,31.51544],[-93.73343,31.51327],[-93.71465,31.51406],[-93.7111,31.51218],[-93.71375,31.50865],[-93.71945,31.50704],[-93.71741,31.50147],[-93.72341,31.50102],[-93.72251,31.49267],[-93.73045,31.48737],[-93.73532,31.48901],[-93.73728,31.48435],[-93.74218,31.48361],[-93.74539,31.48556],[-93.75242,31.48259],[-93.75096,31.47921],[-93.74696,31.4818],[-93.74526,31.47987],[-93.74999,31.46972],[-93.7404,31.46499],[-93.73085,31.45717],[-93.72282,31.45358],[-93.71687,31.45733],[-93.71035,31.45264],[-93.70877,31.45355],[-93.70838,31.45686],[-93.70364,31.45522],[-93.70953,31.44174],[-93.69177,31.4389],[-93.70464,31.41856],[-93.7048,31.41097],[-93.69478,31.40911],[-93.69016,31.40671],[-93.68159,31.39814],[-93.67429,31.39783],[-93.67007,31.38763],[-93.66908,31.37103],[-93.67386,31.37036],[-93.67108,31.36626],[-93.66677,31.36539],[-93.65737,31.36685],[-93.6393,31.37251],[-93.64458,31.36452],[-93.64534,31.35925],[-93.66867,31.35258],[-93.66884,31.33907],[-93.67742,31.33046],[-93.67368,31.32568],[-93.6739,31.32378],[-93.67597,31.32148],[-93.68272,31.31913],[-93.68806,31.30816],[-93.6837,31.30149],[-93.67556,31.30105],[-93.66895,31.29811],[-93.65912,31.28192],[-93.6486,31.28412],[-93.64445,31.27771],[-93.64242,31.26963],[-93.62051,31.27112],[-93.61982,31.26472],[-93.61402,31.25965],[-93.61586,31.25491],[-93.61422,31.25198],[-93.62165,31.24926],[-93.61628,31.24458],[-93.61612,31.23677],[-93.61812,31.23278],[-93.61084,31.23228],[-93.60773,31.22777],[-93.59794,31.23118],[-93.5963,31.22992],[-93.59925,31.2249],[-93.59541,31.22203],[-93.59518,31.22024],[-93.60332,31.21693],[-93.60348,31.21032],[-93.60711,31.2056],[-93.60176,31.19957],[-93.60236,31.18232],[-93.6001,31.17628],[-93.91108,31.15818],[-94.03885,31.13426],[-94.04184,31.13557],[-94.04811,31.14502],[-94.04878,31.14977],[-94.04667,31.15479],[-94.04705,31.15793],[-94.03862,31.176],[-94.03846,31.21765],[-94.0335,31.234],[-94.0297,31.24024],[-94.02909,31.25091],[-94.02973,31.25608],[-94.0348,31.2629],[-94.03768,31.27355],[-94.03705,31.28103],[-94.03841,31.28713],[-94.04663,31.29521],[-94.04724,31.29828],[-94.04401,31.30197],[-94.04506,31.30712],[-94.04157,31.31504],[-94.04338,31.32368],[-94.03691,31.33237],[-94.04155,31.3404],[-94.0361,31.34659],[-94.03177,31.35698],[-94.02247,31.36379],[-94.02159,31.36617],[-94.02614,31.38172],[-94.03039,31.38652],[-94.03283,31.39366],[-94.04406,31.41001],[-93.996,31.45196],[-93.98322,31.46605],[-93.98442,31.56932],[-93.97698,31.56974],[-93.96936,31.57256],[-93.95399,31.58382],[-93.94497,31.58641],[-93.9398,31.59043],[-93.92581,31.59061],[-93.92076,31.59901],[-93.89889,31.61174],[-93.8964,31.61159]]]]},"properties":{"fips":"48403","name":"Sabine","n":0,"mw":0.0,"first":null,"last":null,"hh":null,"projects":0}},{"type":"Feature","id":48405,"geometry":{"type":"MultiPolygon","coordinates":[[[[-94.33295,31.64658],[-94.0908,31.62066],[-93.98442,31.56932],[-93.98322,31.46605],[-93.996,31.45196],[-94.04406,31.41001],[-94.03283,31.39366],[-94.03039,31.38652],[-94.02614,31.38172],[-94.02159,31.36617],[-94.02247,31.36379],[-94.03177,31.35698],[-94.0361,31.34659],[-94.04155,31.3404],[-94.03691,31.33237],[-94.04338,31.32368],[-94.04157,31.31504],[-94.04506,31.30712],[-94.04401,31.30197],[-94.04724,31.29828],[-94.04663,31.29521],[-94.03841,31.28713],[-94.03705,31.28103],[-94.03768,31.27355],[-94.0348,31.2629],[-94.02973,31.25608],[-94.02909,31.25091],[-94.0297,31.24024],[-94.0335,31.234],[-94.03846,31.21765],[-94.03862,31.176],[-94.04141,31.17215],[-94.04862,31.1512],[-94.04811,31.14502],[-94.04184,31.13557],[-94.0389,31.13454],[-94.03974,31.12987],[-94.03754,31.12952],[-94.04103,31.12548],[-94.04013,31.12344],[-94.04166,31.12278],[-94.04212,31.1197],[-94.04543,31.1184],[-94.04555,31.11665],[-94.04728,31.11775],[-94.05083,31.11454],[-94.05711,31.11421],[-94.05773,31.11338],[-94.05554,31.1126],[-94.05654,31.11174],[-94.05894,31.11334],[-94.06069,31.11265],[-94.06072,31.11399],[-94.06218,31.11245],[-94.06261,31.1149],[-94.06411,31.11225],[-94.12952,31.09933],[-94.13199,31.10139],[-94.13022,31.10525],[-94.1334,31.10768],[-94.14044,31.10465],[-94.13913,31.10713],[-94.14241,31.10718],[-94.1411,31.11049],[-94.14475,31.11234],[-94.14412,31.11509],[-94.15189,31.11465],[-94.15478,31.11604],[-94.15777,31.11455],[-94.15712,31.11869],[-94.16113,31.12216],[-94.16653,31.12418],[-94.16891,31.12224],[-94.17348,31.12637],[-94.17832,31.12383],[-94.18149,31.12944],[-94.18982,31.13436],[-94.1883,31.1375],[-94.19239,31.13535],[-94.18937,31.13957],[-94.19518,31.13999],[-94.20079,31.14343],[-94.20122,31.14465],[-94.19881,31.14446],[-94.19926,31.14587],[-94.20734,31.15076],[-94.20686,31.15241],[-94.20346,31.15093],[-94.20284,31.15403],[-94.21178,31.15739],[-94.2111,31.16005],[-94.21601,31.16012],[-94.21611,31.1628],[-94.21945,31.16444],[-94.22075,31.17135],[-94.21876,31.17318],[-94.22367,31.17397],[-94.22469,31.17614],[-94.23318,31.17522],[-94.23255,31.17754],[-94.23786,31.17801],[-94.23887,31.18046],[-94.24524,31.1767],[-94.24893,31.1772],[-94.2493,31.17859],[-94.2458,31.18052],[-94.24756,31.18477],[-94.25066,31.1841],[-94.25047,31.18827],[-94.25424,31.18656],[-94.25601,31.18212],[-94.26059,31.18305],[-94.26044,31.18038],[-94.26256,31.18046],[-94.26629,31.1877],[-94.26412,31.19045],[-94.26983,31.19625],[-94.27422,31.19909],[-94.2781,31.19859],[-94.27645,31.2003],[-94.27793,31.20111],[-94.28878,31.20169],[-94.29132,31.20573],[-94.29042,31.20762],[-94.29341,31.20827],[-94.29466,31.21281],[-94.30264,31.21137],[-94.30616,31.21284],[-94.30313,31.21454],[-94.30715,31.21454],[-94.30881,31.2175],[-94.31247,31.21796],[-94.31086,31.21962],[-94.31307,31.22113],[-94.3116,31.22244],[-94.31255,31.22364],[-94.31823,31.22336],[-94.3208,31.22172],[-94.32178,31.22465],[-94.32659,31.22463],[-94.3247,31.2308],[-94.3264,31.23171],[-94.32763,31.23037],[-94.32754,31.23234],[-94.33253,31.23652],[-94.33502,31.23574],[-94.33508,31.24068],[-94.33974,31.24074],[-94.33871,31.24291],[-94.33651,31.24317],[-94.33816,31.24575],[-94.3341,31.24517],[-94.33398,31.24839],[-94.33134,31.25122],[-94.32871,31.25059],[-94.33117,31.25207],[-94.33262,31.25125],[-94.33206,31.25286],[-94.3345,31.25408],[-94.33419,31.25802],[-94.33662,31.26055],[-94.3397,31.26107],[-94.33861,31.26116],[-94.33829,31.26287],[-94.33966,31.26341],[-94.33755,31.26919],[-94.33078,31.27468],[-94.33239,31.27796],[-94.33135,31.27761],[-94.32873,31.28217],[-94.32406,31.28305],[-94.32524,31.28564],[-94.32222,31.28576],[-94.32438,31.29079],[-94.32741,31.29134],[-94.32692,31.29271],[-94.32372,31.29204],[-94.32031,31.29458],[-94.32563,31.29492],[-94.32286,31.2959],[-94.32144,31.29986],[-94.31984,31.30038],[-94.32158,31.3016],[-94.31826,31.30218],[-94.31793,31.30481],[-94.31573,31.3048],[-94.31501,31.30827],[-94.3185,31.30796],[-94.31862,31.30958],[-94.31557,31.31033],[-94.3184,31.312],[-94.31692,31.3133],[-94.31757,31.3152],[-94.31822,31.31427],[-94.32104,31.31617],[-94.31921,31.31612],[-94.31917,31.31876],[-94.32268,31.32177],[-94.32231,31.32379],[-94.31945,31.32318],[-94.31989,31.32514],[-94.3171,31.32396],[-94.31779,31.32647],[-94.31527,31.32843],[-94.31885,31.33279],[-94.3173,31.33241],[-94.31611,31.33688],[-94.31363,31.33755],[-94.31657,31.33905],[-94.31611,31.34101],[-94.31961,31.34178],[-94.31742,31.34243],[-94.31765,31.3443],[-94.31854,31.34325],[-94.31914,31.34568],[-94.3212,31.34494],[-94.32019,31.34612],[-94.32267,31.34748],[-94.32112,31.3482],[-94.32394,31.34959],[-94.32227,31.35119],[-94.32462,31.3527],[-94.32599,31.35177],[-94.32706,31.35451],[-94.32558,31.35553],[-94.32612,31.35769],[-94.33049,31.36006],[-94.32837,31.36134],[-94.33125,31.36296],[-94.32807,31.36561],[-94.32939,31.36816],[-94.32628,31.36746],[-94.32795,31.36853],[-94.32579,31.36934],[-94.32676,31.37005],[-94.32547,31.37157],[-94.32792,31.37251],[-94.32554,31.37281],[-94.32625,31.37524],[-94.32438,31.37578],[-94.32617,31.37672],[-94.32386,31.3813],[-94.32648,31.38006],[-94.32771,31.38431],[-94.32609,31.38565],[-94.32295,31.38522],[-94.32441,31.38623],[-94.32258,31.38816],[-94.32557,31.38852],[-94.32543,31.39095],[-94.32362,31.39063],[-94.32324,31.39232],[-94.32434,31.39192],[-94.32657,31.39585],[-94.32424,31.39745],[-94.3258,31.39707],[-94.32715,31.3995],[-94.31934,31.40554],[-94.31649,31.40494],[-94.31859,31.40372],[-94.31748,31.40201],[-94.31258,31.40417],[-94.31279,31.40738],[-94.31495,31.41],[-94.31276,31.40998],[-94.31428,31.41178],[-94.3125,31.41091],[-94.30855,31.41396],[-94.30984,31.41479],[-94.30797,31.41588],[-94.30955,31.41663],[-94.30645,31.41813],[-94.3049,31.42176],[-94.30864,31.42355],[-94.30798,31.42582],[-94.30984,31.4247],[-94.31006,31.42852],[-94.31622,31.43038],[-94.31588,31.43208],[-94.31329,31.43149],[-94.31637,31.4332],[-94.3148,31.43571],[-94.3191,31.43586],[-94.31881,31.43895],[-94.32496,31.44013],[-94.32146,31.44021],[-94.32094,31.44486],[-94.31794,31.44466],[-94.31552,31.44729],[-94.31814,31.45034],[-94.31576,31.44967],[-94.31506,31.45217],[-94.31792,31.45324],[-94.31583,31.45358],[-94.3166,31.45663],[-94.31346,31.45571],[-94.31402,31.45766],[-94.31552,31.4577],[-94.31287,31.46122],[-94.31501,31.46443],[-94.31197,31.4679],[-94.31402,31.46811],[-94.31188,31.46874],[-94.31701,31.4715],[-94.31441,31.4717],[-94.31408,31.47318],[-94.31621,31.47567],[-94.31786,31.47518],[-94.31905,31.47879],[-94.31879,31.4817],[-94.3165,31.48263],[-94.31817,31.48304],[-94.31707,31.48523],[-94.31383,31.48643],[-94.31529,31.48934],[-94.31399,31.49282],[-94.31597,31.49588],[-94.31375,31.49623],[-94.3122,31.49312],[-94.3075,31.49242],[-94.30746,31.49419],[-94.31155,31.4944],[-94.30988,31.49456],[-94.30931,31.49652],[-94.30901,31.49538],[-94.30534,31.49667],[-94.30635,31.4976],[-94.30436,31.50051],[-94.30454,31.50566],[-94.30203,31.50528],[-94.30342,31.50834],[-94.30219,31.51192],[-94.30379,31.51253],[-94.30415,31.51492],[-94.31032,31.51588],[-94.30682,31.51665],[-94.30584,31.51867],[-94.31001,31.51704],[-94.30869,31.52013],[-94.30648,31.52012],[-94.30784,31.52245],[-94.30988,31.52264],[-94.30932,31.5242],[-94.3066,31.52287],[-94.30744,31.52538],[-94.29994,31.52709],[-94.30269,31.53002],[-94.30684,31.53079],[-94.3044,31.53153],[-94.30442,31.5337],[-94.30227,31.53391],[-94.30489,31.5343],[-94.30404,31.53711],[-94.30553,31.53636],[-94.30754,31.53818],[-94.30528,31.53887],[-94.30629,31.54746],[-94.30337,31.54691],[-94.30527,31.54789],[-94.30451,31.54902],[-94.30597,31.5484],[-94.30591,31.55107],[-94.30845,31.55157],[-94.30657,31.55238],[-94.30855,31.55423],[-94.30676,31.55528],[-94.3074,31.55904],[-94.30466,31.56339],[-94.30493,31.56733],[-94.30815,31.56764],[-94.30626,31.56882],[-94.30831,31.56931],[-94.30712,31.57196],[-94.30906,31.57116],[-94.30738,31.57419],[-94.3101,31.57336],[-94.31065,31.57656],[-94.31347,31.57587],[-94.31375,31.57853],[-94.31067,31.57953],[-94.31302,31.58064],[-94.31317,31.58357],[-94.31169,31.58345],[-94.31232,31.58537],[-94.31054,31.5862],[-94.31095,31.58921],[-94.31364,31.58815],[-94.31457,31.58984],[-94.31613,31.58839],[-94.31721,31.59029],[-94.32273,31.59065],[-94.32273,31.59237],[-94.32815,31.59204],[-94.32618,31.59356],[-94.32712,31.59474],[-94.3289,31.59383],[-94.32759,31.59647],[-94.33034,31.59711],[-94.33015,31.59936],[-94.33178,31.59892],[-94.33102,31.60123],[-94.33232,31.59952],[-94.33449,31.60055],[-94.33387,31.60217],[-94.3364,31.60097],[-94.33742,31.60473],[-94.34001,31.60564],[-94.33977,31.6087],[-94.34209,31.60579],[-94.34292,31.6068],[-94.34446,31.60556],[-94.34382,31.6077],[-94.34594,31.60821],[-94.34891,31.60549],[-94.35226,31.61095],[-94.35132,31.61178],[-94.35278,31.61194],[-94.35171,31.6144],[-94.35639,31.6154],[-94.35438,31.6167],[-94.35804,31.6199],[-94.35586,31.62102],[-94.35661,31.62255],[-94.35812,31.62165],[-94.3645,31.62482],[-94.36729,31.62426],[-94.36726,31.62603],[-94.36476,31.62596],[-94.36774,31.62796],[-94.36716,31.6299],[-94.36452,31.63006],[-94.36493,31.63175],[-94.36646,31.63152],[-94.36591,31.63306],[-94.36707,31.63365],[-94.36781,31.63203],[-94.36836,31.63424],[-94.36948,31.63249],[-94.36986,31.63558],[-94.37344,31.63544],[-94.37464,31.63905],[-94.37603,31.63849],[-94.37561,31.63697],[-94.37879,31.63583],[-94.38347,31.63716],[-94.38509,31.63989],[-94.38582,31.63819],[-94.38741,31.64017],[-94.38876,31.63738],[-94.38936,31.6394],[-94.39207,31.63994],[-94.39209,31.63861],[-94.39485,31.63847],[-94.39413,31.64067],[-94.39752,31.64385],[-94.39529,31.64494],[-94.39507,31.64755],[-94.39724,31.64705],[-94.39687,31.6488],[-94.39974,31.64946],[-94.39867,31.65366],[-94.33295,31.64658]]]]},"properties":{"fips":"48405","name":"San Augustine","n":0,"mw":0.0,"first":null,"last":null,"hh":null,"projects":0}},{"type":"Feature","id":48347,"geometry":{"type":"MultiPolygon","coordinates":[[[[-94.4516,31.84353],[-94.45301,31.84169],[-94.45187,31.83986],[-94.45094,31.84069],[-94.44578,31.83643],[-94.44676,31.83486],[-94.4446,31.83388],[-94.44487,31.83247],[-94.43642,31.82737],[-94.43596,31.82394],[-94.43401,31.82469],[-94.43467,31.82309],[-94.43256,31.82206],[-94.43386,31.82012],[-94.43144,31.817],[-94.43245,31.81288],[-94.43005,31.81207],[-94.43087,31.8111],[-94.42922,31.80888],[-94.42781,31.80935],[-94.43039,31.80625],[-94.42671,31.804],[-94.4281,31.80296],[-94.42732,31.80167],[-94.42404,31.80024],[-94.4256,31.79874],[-94.42386,31.79702],[-94.42602,31.79686],[-94.42535,31.79533],[-94.4274,31.79382],[-94.42857,31.78955],[-94.42679,31.7851],[-94.4289,31.78415],[-94.42748,31.7834],[-94.42877,31.78314],[-94.42903,31.77921],[-94.42726,31.77742],[-94.42883,31.77528],[-94.43006,31.77636],[-94.43097,31.77449],[-94.43224,31.77506],[-94.42995,31.77368],[-94.43121,31.77239],[-94.42503,31.76727],[-94.4218,31.76646],[-94.42249,31.76536],[-94.42114,31.76583],[-94.42196,31.76436],[-94.4203,31.76513],[-94.4212,31.76275],[-94.42016,31.76241],[-94.42218,31.76104],[-94.42008,31.76118],[-94.42052,31.75868],[-94.41636,31.75668],[-94.41803,31.75261],[-94.41646,31.75363],[-94.41661,31.75215],[-94.41385,31.75188],[-94.41635,31.75071],[-94.41638,31.74896],[-94.41545,31.74781],[-94.41458,31.74882],[-94.41483,31.74616],[-94.41244,31.74616],[-94.41452,31.74418],[-94.41335,31.74338],[-94.41458,31.74157],[-94.41381,31.73963],[-94.41209,31.73983],[-94.41415,31.73827],[-94.41256,31.73334],[-94.41494,31.72935],[-94.41264,31.72816],[-94.41564,31.72442],[-94.41269,31.72117],[-94.41412,31.7206],[-94.41419,31.71659],[-94.41279,31.71531],[-94.415,31.71568],[-94.41417,31.71322],[-94.41579,31.7126],[-94.41444,31.71063],[-94.41684,31.70616],[-94.4141,31.70476],[-94.41463,31.70306],[-94.41328,31.70322],[-94.41264,31.70051],[-94.41094,31.70157],[-94.41032,31.69982],[-94.41277,31.69988],[-94.41251,31.69806],[-94.40685,31.69529],[-94.40991,31.69076],[-94.40715,31.68985],[-94.409,31.6881],[-94.40699,31.68785],[-94.40814,31.68648],[-94.40639,31.68716],[-94.40621,31.68401],[-94.40466,31.68415],[-94.40371,31.68187],[-94.40559,31.67918],[-94.40376,31.67597],[-94.40558,31.67402],[-94.40434,31.67384],[-94.40631,31.6731],[-94.40384,31.67135],[-94.40435,31.67015],[-94.40614,31.67078],[-94.40489,31.66819],[-94.40688,31.6648],[-94.40159,31.66102],[-94.40045,31.66217],[-94.40014,31.66071],[-94.39819,31.66121],[-94.40371,31.65936],[-94.40135,31.65739],[-94.40206,31.65582],[-94.39777,31.65568],[-94.39974,31.64937],[-94.39687,31.6488],[-94.39724,31.64705],[-94.39507,31.64755],[-94.39529,31.64494],[-94.39752,31.64385],[-94.39413,31.64067],[-94.39526,31.63887],[-94.38956,31.63946],[-94.38876,31.63738],[-94.38741,31.64017],[-94.38582,31.63819],[-94.38509,31.63989],[-94.38347,31.63716],[-94.37879,31.63583],[-94.37561,31.63697],[-94.37603,31.63849],[-94.37464,31.63905],[-94.37344,31.63544],[-94.36986,31.63558],[-94.36948,31.63249],[-94.36836,31.63424],[-94.36781,31.63203],[-94.36707,31.63365],[-94.36591,31.63306],[-94.36646,31.63152],[-94.36493,31.63175],[-94.36452,31.63006],[-94.36716,31.6299],[-94.36774,31.62796],[-94.36476,31.62596],[-94.36726,31.62603],[-94.36729,31.62426],[-94.3645,31.62482],[-94.35812,31.62165],[-94.35661,31.62255],[-94.35586,31.62102],[-94.35804,31.6199],[-94.35438,31.6167],[-94.35639,31.6154],[-94.35171,31.6144],[-94.35278,31.61194],[-94.35132,31.61178],[-94.35226,31.61095],[-94.34891,31.60549],[-94.34594,31.60821],[-94.34382,31.6077],[-94.34446,31.60556],[-94.34292,31.6068],[-94.34209,31.60579],[-94.33977,31.6087],[-94.34001,31.60564],[-94.33742,31.60473],[-94.3364,31.60097],[-94.33387,31.60217],[-94.33449,31.60055],[-94.33232,31.59952],[-94.33102,31.60123],[-94.33178,31.59892],[-94.33015,31.59936],[-94.33034,31.59711],[-94.32759,31.59647],[-94.3289,31.59383],[-94.32712,31.59474],[-94.32618,31.59356],[-94.32815,31.59204],[-94.32273,31.59237],[-94.32273,31.59065],[-94.31721,31.59029],[-94.31613,31.58839],[-94.31457,31.58984],[-94.31364,31.58815],[-94.31095,31.58921],[-94.31054,31.5862],[-94.31232,31.58537],[-94.31169,31.58345],[-94.31317,31.58357],[-94.31302,31.58064],[-94.31067,31.57953],[-94.31375,31.57853],[-94.31347,31.57587],[-94.31065,31.57656],[-94.3101,31.57336],[-94.30738,31.57419],[-94.30906,31.57116],[-94.30712,31.57196],[-94.30831,31.56931],[-94.30626,31.56882],[-94.30815,31.56764],[-94.30493,31.56733],[-94.30466,31.56339],[-94.3074,31.55904],[-94.30676,31.55528],[-94.30855,31.55423],[-94.30657,31.55238],[-94.30845,31.55157],[-94.30591,31.55107],[-94.30597,31.5484],[-94.30451,31.54902],[-94.30527,31.54789],[-94.30337,31.54691],[-94.30629,31.54746],[-94.30528,31.53887],[-94.30754,31.53818],[-94.30553,31.53636],[-94.30404,31.53711],[-94.30489,31.5343],[-94.30227,31.53391],[-94.30442,31.5337],[-94.3044,31.53153],[-94.30684,31.53079],[-94.30269,31.53002],[-94.29994,31.52709],[-94.30744,31.52538],[-94.3066,31.52287],[-94.30932,31.5242],[-94.30988,31.52264],[-94.30784,31.52245],[-94.30648,31.52012],[-94.30869,31.52013],[-94.31001,31.51704],[-94.30584,31.51867],[-94.30682,31.51665],[-94.31032,31.51588],[-94.30415,31.51492],[-94.30379,31.51253],[-94.30219,31.51192],[-94.30342,31.50834],[-94.30203,31.50528],[-94.30454,31.50566],[-94.30436,31.50051],[-94.30635,31.4976],[-94.30534,31.49667],[-94.30901,31.49538],[-94.30931,31.49652],[-94.30988,31.49456],[-94.31155,31.4944],[-94.30746,31.49419],[-94.3075,31.49242],[-94.3122,31.49312],[-94.31375,31.49623],[-94.31597,31.49588],[-94.31399,31.49282],[-94.31529,31.48934],[-94.31383,31.48643],[-94.31707,31.48523],[-94.31817,31.48304],[-94.3165,31.48263],[-94.31879,31.4817],[-94.31905,31.47879],[-94.31786,31.47518],[-94.31621,31.47567],[-94.31408,31.47318],[-94.31441,31.4717],[-94.31701,31.4715],[-94.31188,31.46874],[-94.31402,31.46811],[-94.31197,31.4679],[-94.31501,31.46443],[-94.31287,31.46122],[-94.31552,31.4577],[-94.31402,31.45766],[-94.31346,31.45571],[-94.3166,31.45663],[-94.31583,31.45358],[-94.31792,31.45324],[-94.31506,31.45217],[-94.31576,31.44967],[-94.31814,31.45034],[-94.31552,31.44729],[-94.31794,31.44466],[-94.32094,31.44486],[-94.32146,31.44021],[-94.32496,31.44013],[-94.31881,31.43895],[-94.3191,31.43586],[-94.3148,31.43571],[-94.31637,31.4332],[-94.31329,31.43149],[-94.31588,31.43208],[-94.31622,31.43038],[-94.31006,31.42852],[-94.30984,31.4247],[-94.30798,31.42582],[-94.30864,31.42355],[-94.3049,31.42176],[-94.30645,31.41813],[-94.30955,31.41663],[-94.30797,31.41588],[-94.30984,31.41479],[-94.30855,31.41396],[-94.3125,31.41091],[-94.31428,31.41178],[-94.31276,31.40998],[-94.31495,31.41],[-94.31279,31.40738],[-94.31258,31.40417],[-94.31748,31.40201],[-94.31859,31.40372],[-94.31649,31.40494],[-94.31934,31.40554],[-94.32715,31.3995],[-94.3258,31.39707],[-94.32424,31.39745],[-94.32657,31.39585],[-94.32434,31.39192],[-94.32324,31.39232],[-94.32362,31.39063],[-94.32543,31.39095],[-94.32557,31.38852],[-94.32258,31.38816],[-94.32441,31.38623],[-94.32295,31.38522],[-94.32609,31.38565],[-94.32771,31.38431],[-94.32648,31.38006],[-94.32386,31.3813],[-94.32617,31.37672],[-94.32438,31.37578],[-94.32625,31.37524],[-94.32554,31.37281],[-94.32792,31.37251],[-94.32547,31.37157],[-94.32676,31.37005],[-94.32579,31.36934],[-94.32795,31.36853],[-94.32628,31.36746],[-94.32939,31.36816],[-94.32807,31.36561],[-94.33125,31.36296],[-94.32837,31.36134],[-94.33049,31.36006],[-94.32612,31.35769],[-94.32558,31.35553],[-94.32706,31.35451],[-94.32599,31.35177],[-94.32462,31.3527],[-94.32227,31.35119],[-94.32394,31.34959],[-94.32112,31.3482],[-94.32267,31.34748],[-94.32019,31.34612],[-94.3212,31.34494],[-94.31914,31.34568],[-94.31854,31.34325],[-94.31765,31.3443],[-94.31742,31.34243],[-94.31961,31.34178],[-94.31611,31.34101],[-94.31657,31.33905],[-94.31363,31.33755],[-94.31611,31.33688],[-94.3173,31.33241],[-94.31885,31.33279],[-94.31527,31.32843],[-94.31779,31.32647],[-94.3171,31.32396],[-94.31989,31.32514],[-94.31945,31.32318],[-94.32231,31.32379],[-94.32268,31.32177],[-94.31917,31.31876],[-94.31921,31.31612],[-94.32104,31.31617],[-94.31822,31.31427],[-94.31757,31.3152],[-94.31692,31.3133],[-94.3184,31.312],[-94.31557,31.31033],[-94.31862,31.30958],[-94.3185,31.30796],[-94.31501,31.30827],[-94.31573,31.3048],[-94.31793,31.30481],[-94.31826,31.30218],[-94.32158,31.3016],[-94.31984,31.30038],[-94.32144,31.29986],[-94.32286,31.2959],[-94.32563,31.29492],[-94.32031,31.29458],[-94.32372,31.29204],[-94.32692,31.29271],[-94.32741,31.29134],[-94.32438,31.29079],[-94.32222,31.28576],[-94.32518,31.28572],[-94.32406,31.28305],[-94.32863,31.28225],[-94.33135,31.27761],[-94.33239,31.27796],[-94.33078,31.27468],[-94.33751,31.26925],[-94.33966,31.26341],[-94.33829,31.26287],[-94.33966,31.26102],[-94.33662,31.26055],[-94.33419,31.25802],[-94.3345,31.25408],[-94.33206,31.25286],[-94.33262,31.25125],[-94.33117,31.25207],[-94.32871,31.25059],[-94.33134,31.25122],[-94.33398,31.24839],[-94.3341,31.24517],[-94.33816,31.24575],[-94.33651,31.24317],[-94.33864,31.24296],[-94.33976,31.24085],[-94.33678,31.23973],[-94.33508,31.24068],[-94.33502,31.23574],[-94.33253,31.23652],[-94.32754,31.23234],[-94.32763,31.23037],[-94.3264,31.23171],[-94.3247,31.2308],[-94.32659,31.22463],[-94.3279,31.22563],[-94.33001,31.22442],[-94.32808,31.22301],[-94.3348,31.22297],[-94.33565,31.22501],[-94.33385,31.22643],[-94.33649,31.22818],[-94.3355,31.22962],[-94.33874,31.23117],[-94.33859,31.22929],[-94.34135,31.23149],[-94.34374,31.23669],[-94.3479,31.23724],[-94.3495,31.24055],[-94.34697,31.24304],[-94.35259,31.24582],[-94.35058,31.24754],[-94.35393,31.24861],[-94.35707,31.24688],[-94.35423,31.25109],[-94.35651,31.25115],[-94.35621,31.25448],[-94.35935,31.25391],[-94.35925,31.2577],[-94.35744,31.25957],[-94.36676,31.26091],[-94.37021,31.26479],[-94.37246,31.26371],[-94.37605,31.27395],[-94.37893,31.27354],[-94.38034,31.27579],[-94.38326,31.27501],[-94.38172,31.28008],[-94.38341,31.28203],[-94.38685,31.28141],[-94.38712,31.28578],[-94.38527,31.29033],[-94.38704,31.29045],[-94.38638,31.29231],[-94.38876,31.29267],[-94.39305,31.29943],[-94.39559,31.30005],[-94.39526,31.3022],[-94.40162,31.30073],[-94.4003,31.30204],[-94.40267,31.30416],[-94.40622,31.30421],[-94.40508,31.3062],[-94.40736,31.3065],[-94.40598,31.30795],[-94.41015,31.30666],[-94.4109,31.30964],[-94.41814,31.30991],[-94.42213,31.30815],[-94.42151,31.31018],[-94.42818,31.31349],[-94.43046,31.31243],[-94.43207,31.31507],[-94.43297,31.31198],[-94.43417,31.31363],[-94.4384,31.31279],[-94.44037,31.31892],[-94.44142,31.31644],[-94.44456,31.31967],[-94.44759,31.31743],[-94.44788,31.32011],[-94.44967,31.32116],[-94.44913,31.32568],[-94.45145,31.32782],[-94.44862,31.32868],[-94.45073,31.33044],[-94.45258,31.32978],[-94.45193,31.33202],[-94.45553,31.33548],[-94.45483,31.33763],[-94.45222,31.33782],[-94.45245,31.34052],[-94.45672,31.33912],[-94.45831,31.341],[-94.45885,31.34367],[-94.45696,31.34513],[-94.45784,31.35013],[-94.4561,31.35193],[-94.46215,31.35424],[-94.46104,31.36029],[-94.46436,31.3607],[-94.46504,31.36457],[-94.46796,31.36571],[-94.46973,31.36896],[-94.46864,31.37242],[-94.47154,31.37289],[-94.46882,31.3756],[-94.46664,31.37442],[-94.4665,31.37607],[-94.46995,31.37791],[-94.46608,31.37895],[-94.46939,31.37994],[-94.46842,31.38195],[-94.46948,31.38406],[-94.47342,31.38154],[-94.47413,31.38329],[-94.47142,31.38509],[-94.47426,31.38743],[-94.47413,31.38548],[-94.47614,31.38694],[-94.47693,31.38411],[-94.48041,31.38796],[-94.48353,31.38823],[-94.48464,31.39069],[-94.48654,31.38973],[-94.48653,31.39514],[-94.48886,31.39372],[-94.49233,31.39453],[-94.49294,31.39732],[-94.49012,31.39728],[-94.48946,31.39884],[-94.49384,31.39891],[-94.49153,31.40011],[-94.49227,31.40245],[-94.49433,31.40233],[-94.49653,31.4061],[-94.49808,31.40451],[-94.50245,31.41074],[-94.50508,31.41006],[-94.50322,31.40771],[-94.50423,31.4062],[-94.50714,31.40852],[-94.50738,31.411],[-94.5113,31.41171],[-94.51096,31.4099],[-94.51648,31.40899],[-94.51523,31.40702],[-94.51971,31.40511],[-94.51617,31.40444],[-94.51758,31.40159],[-94.52046,31.40091],[-94.52106,31.40261],[-94.52882,31.39839],[-94.53337,31.40017],[-94.53741,31.39854],[-94.54088,31.40063],[-94.54261,31.40537],[-94.54029,31.41056],[-94.54167,31.4104],[-94.54118,31.41323],[-94.54363,31.41668],[-94.54222,31.41883],[-94.54635,31.42106],[-94.54449,31.42467],[-94.54711,31.42892],[-94.54483,31.43189],[-94.54837,31.43004],[-94.55136,31.43084],[-94.55042,31.43327],[-94.5555,31.43512],[-94.55611,31.43341],[-94.56111,31.43525],[-94.56591,31.43293],[-94.5814,31.43317],[-94.58471,31.43468],[-94.58189,31.43868],[-94.58347,31.43924],[-94.58191,31.43994],[-94.58357,31.44096],[-94.58297,31.44401],[-94.58719,31.4425],[-94.58628,31.44469],[-94.5885,31.44531],[-94.58673,31.44684],[-94.58849,31.44769],[-94.58997,31.44356],[-94.59559,31.44444],[-94.59374,31.44719],[-94.59098,31.44744],[-94.59448,31.44937],[-94.59638,31.44703],[-94.59844,31.44748],[-94.60215,31.4453],[-94.60221,31.44165],[-94.6037,31.4436],[-94.6054,31.44319],[-94.60398,31.44063],[-94.60701,31.43983],[-94.60714,31.4428],[-94.60718,31.44084],[-94.60915,31.44023],[-94.61096,31.44231],[-94.61613,31.44006],[-94.61835,31.44156],[-94.61856,31.43914],[-94.62214,31.44223],[-94.62271,31.43925],[-94.62542,31.44028],[-94.62779,31.43889],[-94.62906,31.44038],[-94.62661,31.4423],[-94.63048,31.44424],[-94.63243,31.44469],[-94.63289,31.44137],[-94.6357,31.44092],[-94.63488,31.44407],[-94.64151,31.44399],[-94.66067,31.45257],[-94.65876,31.45414],[-94.66099,31.45462],[-94.66424,31.45954],[-94.67102,31.45683],[-94.67139,31.45499],[-94.6737,31.45637],[-94.67443,31.4515],[-94.67448,31.45362],[-94.67701,31.45511],[-94.67631,31.45361],[-94.67888,31.45205],[-94.68624,31.45074],[-94.69346,31.4536],[-94.69533,31.452],[-94.70132,31.45379],[-94.70473,31.45697],[-94.71716,31.45653],[-94.71663,31.4579],[-94.72036,31.45928],[-94.72157,31.45855],[-94.72107,31.45624],[-94.72838,31.45731],[-94.72855,31.46135],[-94.73362,31.4653],[-94.73534,31.46469],[-94.73504,31.46291],[-94.73895,31.4633],[-94.74041,31.46684],[-94.74119,31.4651],[-94.74209,31.4664],[-94.7428,31.46549],[-94.75556,31.4717],[-94.75989,31.47004],[-94.76167,31.4715],[-94.76466,31.46938],[-94.76512,31.47212],[-94.76712,31.47163],[-94.7693,31.47476],[-94.77215,31.47441],[-94.77014,31.4769],[-94.7722,31.47605],[-94.77086,31.47751],[-94.77404,31.4777],[-94.77743,31.4805],[-94.78144,31.48135],[-94.79235,31.47925],[-94.79477,31.48121],[-94.79636,31.48],[-94.79622,31.48269],[-94.79746,31.48267],[-94.79712,31.48138],[-94.79999,31.48348],[-94.7977,31.48597],[-94.7998,31.48516],[-94.80009,31.48648],[-94.80366,31.48732],[-94.8014,31.48897],[-94.80386,31.49043],[-94.80517,31.48837],[-94.80849,31.48963],[-94.81174,31.4874],[-94.81017,31.48468],[-94.81256,31.48412],[-94.81587,31.48705],[-94.81919,31.48711],[-94.82037,31.48364],[-94.8226,31.484],[-94.82642,31.49165],[-94.82823,31.49074],[-94.83018,31.49356],[-94.83247,31.4929],[-94.83262,31.49451],[-94.83598,31.49562],[-94.83365,31.49767],[-94.83353,31.50088],[-94.83458,31.50254],[-94.84077,31.50212],[-94.8392,31.50426],[-94.84006,31.50765],[-94.84392,31.50609],[-94.84892,31.50793],[-94.85134,31.5053],[-94.85255,31.50723],[-94.85165,31.50867],[-94.85303,31.50865],[-94.85156,31.51102],[-94.85381,31.51164],[-94.85538,31.5101],[-94.85725,31.51191],[-94.85632,31.51355],[-94.85893,31.51329],[-94.86287,31.51718],[-94.86019,31.51954],[-94.86247,31.52137],[-94.86499,31.52067],[-94.86428,31.52594],[-94.8667,31.52734],[-94.87024,31.52682],[-94.87001,31.52898],[-94.87256,31.52897],[-94.87368,31.52667],[-94.87426,31.52827],[-94.88363,31.52934],[-94.88456,31.53235],[-94.88216,31.53214],[-94.88547,31.53487],[-94.88281,31.53626],[-94.88585,31.53699],[-94.88433,31.53781],[-94.88448,31.5408],[-94.88665,31.54232],[-94.89396,31.54135],[-94.89613,31.54571],[-94.89325,31.54967],[-94.89639,31.54963],[-94.89765,31.55318],[-94.89932,31.55191],[-94.90051,31.55301],[-94.89858,31.55553],[-94.89639,31.55511],[-94.8896,31.56612],[-94.89172,31.5779],[-94.90321,31.57387],[-94.91126,31.56917],[-94.91525,31.56978],[-94.92067,31.57434],[-94.92101,31.57679],[-94.92427,31.57974],[-94.92323,31.58194],[-94.92489,31.58271],[-94.91923,31.58721],[-94.92485,31.59048],[-94.92436,31.59233],[-94.92639,31.5936],[-94.92604,31.59763],[-94.92828,31.59844],[-94.92668,31.5988],[-94.92768,31.60266],[-94.92511,31.60377],[-94.9261,31.60976],[-94.93055,31.61189],[-94.92929,31.61289],[-94.93205,31.61597],[-94.93172,31.6187],[-94.93421,31.61878],[-94.93324,31.62154],[-94.93544,31.62102],[-94.9413,31.62717],[-94.94193,31.62925],[-94.93921,31.63042],[-94.94153,31.63198],[-94.94183,31.63849],[-94.94717,31.63811],[-94.94905,31.63648],[-94.95048,31.63991],[-94.95414,31.63974],[-94.9513,31.64269],[-94.95188,31.64708],[-94.94838,31.64843],[-94.95243,31.65214],[-94.949,31.65276],[-94.94863,31.65464],[-94.95031,31.65518],[-94.94817,31.65599],[-94.9504,31.65762],[-94.9493,31.65872],[-94.95102,31.65831],[-94.95218,31.65987],[-94.95085,31.66386],[-94.95222,31.67114],[-94.9547,31.66879],[-94.95707,31.67053],[-94.95304,31.67304],[-94.95446,31.67636],[-94.95283,31.67623],[-94.95339,31.67803],[-94.9507,31.67974],[-94.95279,31.68024],[-94.95188,31.68174],[-94.95519,31.68102],[-94.95709,31.68658],[-94.95931,31.68552],[-94.9652,31.6944],[-94.96561,31.6983],[-94.96006,31.69883],[-94.96395,31.70389],[-94.96138,31.70427],[-94.95977,31.70892],[-94.9627,31.71561],[-94.95887,31.71647],[-94.95438,31.72295],[-94.95836,31.72398],[-94.96227,31.73342],[-94.96511,31.73652],[-94.9666,31.73479],[-94.96765,31.73677],[-94.97271,31.73756],[-94.97232,31.73957],[-94.97014,31.74016],[-94.97013,31.74353],[-94.96662,31.75013],[-94.96686,31.75497],[-94.96562,31.75583],[-94.96632,31.75415],[-94.9641,31.75494],[-94.961,31.75312],[-94.95515,31.75481],[-94.94503,31.75222],[-94.94283,31.75489],[-94.94178,31.75333],[-94.93781,31.75659],[-94.93603,31.75508],[-94.93448,31.75625],[-94.93236,31.75452],[-94.93007,31.75517],[-94.92592,31.76044],[-94.9292,31.76641],[-94.93287,31.76645],[-94.93363,31.76822],[-94.93714,31.76925],[-94.9387,31.77224],[-94.94436,31.77367],[-94.948,31.77155],[-94.94918,31.77464],[-94.95148,31.77242],[-94.95108,31.76914],[-94.95848,31.77869],[-94.96193,31.77816],[-94.96132,31.77943],[-94.96287,31.78073],[-94.97481,31.782],[-94.9738,31.78324],[-94.97686,31.78725],[-94.97581,31.78769],[-94.97814,31.79357],[-94.97577,31.79522],[-94.97218,31.79496],[-94.97048,31.79694],[-94.96884,31.79527],[-94.96082,31.79735],[-94.95999,31.79565],[-94.9541,31.79691],[-94.955,31.79814],[-94.95316,31.79939],[-94.95574,31.80055],[-94.95165,31.80099],[-94.95341,31.80191],[-94.95237,31.80362],[-94.95413,31.80556],[-94.95115,31.80571],[-94.95116,31.80756],[-94.94669,31.80717],[-94.94578,31.81425],[-94.94235,31.81763],[-94.94814,31.82644],[-94.94692,31.82697],[-94.94559,31.82513],[-94.94523,31.82723],[-94.94185,31.82917],[-94.94069,31.82701],[-94.93487,31.83358],[-94.93777,31.83864],[-94.93532,31.83795],[-94.9367,31.84022],[-94.93567,31.84222],[-94.93769,31.84163],[-94.93655,31.84263],[-94.93801,31.84396],[-94.93722,31.8456],[-94.75083,31.84379],[-94.4516,31.84353]]]]},"properties":{"fips":"48347","name":"Nacogdoches","n":0,"mw":0.0,"first":null,"last":null,"hh":null,"projects":0}},{"type":"Feature","id":48193,"geometry":{"type":"MultiPolygon","coordinates":[[[[-97.99983,32.01042],[-97.76626,31.67236],[-98.18197,31.46303],[-98.27103,31.41647],[-98.46355,31.6841],[-98.15653,31.84171],[-98.2087,31.91735],[-98.00521,32.01801],[-97.99983,32.01042]]]]},"properties":{"fips":"48193","name":"Hamilton","n":0,"mw":0.0,"first":null,"last":null,"hh":null,"projects":0}},{"type":"Feature","id":48301,"geometry":{"type":"MultiPolygon","coordinates":[[[[-103.78225,32.00012],[-103.32688,32.00027],[-103.32756,31.65147],[-103.61074,31.65128],[-103.61159,31.65428],[-103.61581,31.65061],[-103.61581,31.65558],[-103.61949,31.65471],[-103.61827,31.65834],[-103.62133,31.65922],[-103.61928,31.66445],[-103.62326,31.66519],[-103.62239,31.66878],[-103.62624,31.66854],[-103.62937,31.67017],[-103.62934,31.67293],[-103.63237,31.67341],[-103.63202,31.67605],[-103.63545,31.68418],[-103.63369,31.68689],[-103.63609,31.68913],[-103.63514,31.69043],[-103.62866,31.68844],[-103.62104,31.68908],[-103.62682,31.7059],[-103.63289,31.70468],[-103.63859,31.70838],[-103.64783,31.7095],[-103.65131,31.71161],[-103.65948,31.71052],[-103.66401,31.71411],[-103.66892,31.71531],[-103.67195,31.72104],[-103.67618,31.72315],[-103.67815,31.7304],[-103.68106,31.73125],[-103.68188,31.73582],[-103.68581,31.73723],[-103.68491,31.74143],[-103.68862,31.74263],[-103.69169,31.74786],[-103.70109,31.74836],[-103.70741,31.7464],[-103.70753,31.74496],[-103.71178,31.74596],[-103.71915,31.74306],[-103.72369,31.74559],[-103.72536,31.7438],[-103.72073,31.74148],[-103.72405,31.73931],[-103.72762,31.74187],[-103.73112,31.73873],[-103.74605,31.73889],[-103.74588,31.74401],[-103.75131,31.74048],[-103.75429,31.74104],[-103.75843,31.74498],[-103.75683,31.75128],[-103.763,31.74906],[-103.76106,31.75339],[-103.76648,31.75407],[-103.76631,31.76081],[-103.77099,31.75764],[-103.77054,31.76252],[-103.77614,31.76223],[-103.78184,31.76447],[-103.78218,31.76677],[-103.77812,31.76875],[-103.77972,31.77107],[-103.78323,31.7722],[-103.78319,31.77471],[-103.78972,31.77212],[-103.79175,31.77553],[-103.79358,31.77122],[-103.79714,31.77022],[-103.79936,31.77512],[-103.79862,31.77728],[-103.80301,31.77937],[-103.80494,31.78974],[-103.80948,31.79427],[-103.80969,31.80046],[-103.80779,31.80451],[-103.80787,31.81249],[-103.80955,31.81607],[-103.80714,31.82156],[-103.80845,31.82675],[-103.82129,31.83721],[-103.81327,31.84615],[-103.81293,31.84899],[-103.81527,31.85163],[-103.81269,31.85412],[-103.81952,31.85554],[-103.82233,31.85876],[-103.82125,31.86033],[-103.82243,31.86162],[-103.82844,31.86221],[-103.82748,31.86745],[-103.8307,31.86956],[-103.83159,31.87246],[-103.82853,31.88535],[-103.82974,31.88823],[-103.83309,31.88998],[-103.83876,31.8897],[-103.84859,31.88179],[-103.85761,31.88237],[-103.86482,31.87447],[-103.87192,31.87418],[-103.87338,31.86834],[-103.8764,31.86545],[-103.87947,31.86459],[-103.88307,31.86612],[-103.88568,31.87073],[-103.88293,31.87595],[-103.88129,31.89076],[-103.90193,31.89677],[-103.9116,31.90191],[-103.9186,31.916],[-103.91826,31.9254],[-103.91556,31.92938],[-103.92039,31.9335],[-103.92097,31.94053],[-103.92531,31.94478],[-103.93291,31.94801],[-103.94053,31.94478],[-103.9482,31.95391],[-103.94115,31.96275],[-103.94789,31.97049],[-103.94906,31.97622],[-103.94783,31.98143],[-103.94997,31.98691],[-103.95224,31.98742],[-103.95947,31.98462],[-103.96298,31.98091],[-103.97427,31.97923],[-103.98015,31.98534],[-103.98403,31.99331],[-103.97966,32.00007],[-103.78225,32.00012]]]]},"properties":{"fips":"48301","name":"Loving","n":0,"mw":0.0,"first":null,"last":null,"hh":null,"projects":0}},{"type":"Feature","id":48389,"geometry":{"type":"MultiPolygon","coordinates":[[[[-103.97414,31.97923],[-103.96298,31.98091],[-103.95947,31.98462],[-103.95224,31.98742],[-103.94997,31.98691],[-103.94783,31.98143],[-103.94906,31.97622],[-103.94789,31.97049],[-103.94115,31.96275],[-103.9482,31.95391],[-103.94053,31.94478],[-103.93291,31.94801],[-103.92531,31.94478],[-103.92097,31.94053],[-103.92039,31.9335],[-103.91556,31.92938],[-103.91826,31.9254],[-103.9186,31.916],[-103.9116,31.90191],[-103.90193,31.89677],[-103.88129,31.89076],[-103.88293,31.87595],[-103.88568,31.87073],[-103.88214,31.86552],[-103.8764,31.86545],[-103.87338,31.86834],[-103.87192,31.87418],[-103.86482,31.87447],[-103.85761,31.88237],[-103.84859,31.88179],[-103.83876,31.8897],[-103.83309,31.88998],[-103.82974,31.88823],[-103.82853,31.88535],[-103.83159,31.87246],[-103.8307,31.86956],[-103.82748,31.86745],[-103.82844,31.86221],[-103.82243,31.86162],[-103.82125,31.86033],[-103.82233,31.85876],[-103.81952,31.85554],[-103.81269,31.85412],[-103.81527,31.85163],[-103.81293,31.84899],[-103.81327,31.84615],[-103.82129,31.83721],[-103.80845,31.82675],[-103.80714,31.82156],[-103.80955,31.81607],[-103.80787,31.81249],[-103.80779,31.80451],[-103.80969,31.80046],[-103.80948,31.79427],[-103.80494,31.78974],[-103.80301,31.77937],[-103.79862,31.77728],[-103.79936,31.77512],[-103.79714,31.77022],[-103.79358,31.77122],[-103.79175,31.77553],[-103.78972,31.77212],[-103.78319,31.77471],[-103.78323,31.7722],[-103.77972,31.77107],[-103.77812,31.76875],[-103.78218,31.76677],[-103.78184,31.76447],[-103.77614,31.76223],[-103.77054,31.76252],[-103.77099,31.75764],[-103.76631,31.76081],[-103.76648,31.75407],[-103.76106,31.75339],[-103.763,31.74906],[-103.75683,31.75128],[-103.75843,31.74498],[-103.75429,31.74104],[-103.75131,31.74048],[-103.74588,31.74401],[-103.74605,31.73889],[-103.73112,31.73873],[-103.72762,31.74187],[-103.72487,31.73952],[-103.72228,31.73968],[-103.72105,31.74229],[-103.72549,31.74417],[-103.72369,31.74559],[-103.71915,31.74306],[-103.71178,31.74596],[-103.70753,31.74496],[-103.70741,31.7464],[-103.70109,31.74836],[-103.6911,31.74759],[-103.68862,31.74263],[-103.68491,31.74143],[-103.68581,31.73723],[-103.68188,31.73582],[-103.68106,31.73125],[-103.67815,31.7304],[-103.67618,31.72315],[-103.67195,31.72104],[-103.66892,31.71531],[-103.66401,31.71411],[-103.65948,31.71052],[-103.65131,31.71161],[-103.64783,31.7095],[-103.63859,31.70838],[-103.63289,31.70468],[-103.62841,31.70642],[-103.62597,31.70519],[-103.62113,31.68886],[-103.62866,31.68844],[-103.63514,31.69043],[-103.63609,31.68913],[-103.63369,31.68689],[-103.63545,31.68418],[-103.63202,31.67605],[-103.63237,31.67341],[-103.62934,31.67293],[-103.62937,31.67017],[-103.62624,31.66854],[-103.62239,31.66878],[-103.62326,31.66519],[-103.61928,31.66445],[-103.62133,31.65922],[-103.61827,31.65834],[-103.61949,31.65471],[-103.61581,31.65558],[-103.61612,31.65074],[-103.61159,31.65428],[-103.61038,31.65073],[-103.60562,31.65091],[-103.60476,31.64794],[-103.60105,31.64989],[-103.59986,31.64681],[-103.59463,31.64583],[-103.59675,31.64288],[-103.59188,31.64478],[-103.5923,31.6419],[-103.58769,31.6381],[-103.58149,31.63682],[-103.58163,31.63493],[-103.57311,31.63228],[-103.56465,31.6342],[-103.56228,31.63301],[-103.55897,31.64069],[-103.55454,31.63947],[-103.55406,31.64132],[-103.55117,31.64237],[-103.55149,31.6448],[-103.54437,31.64234],[-103.54144,31.64332],[-103.53778,31.64114],[-103.53467,31.64245],[-103.53268,31.64037],[-103.53157,31.6425],[-103.52879,31.63851],[-103.53096,31.63617],[-103.52631,31.63442],[-103.53017,31.63258],[-103.52399,31.63239],[-103.52114,31.62848],[-103.51869,31.62959],[-103.51874,31.62783],[-103.51674,31.62858],[-103.51765,31.6252],[-103.51153,31.62634],[-103.51047,31.62406],[-103.5095,31.6259],[-103.50957,31.62279],[-103.51326,31.6232],[-103.51031,31.62063],[-103.51263,31.61937],[-103.51105,31.61789],[-103.51305,31.61534],[-103.50999,31.61465],[-103.5142,31.61306],[-103.51234,31.61226],[-103.51091,31.6076],[-103.50726,31.60559],[-103.5086,31.60262],[-103.50547,31.60214],[-103.50429,31.59977],[-103.50583,31.5984],[-103.50429,31.59671],[-103.50722,31.59498],[-103.50504,31.59244],[-103.5086,31.59248],[-103.50583,31.59021],[-103.51125,31.5907],[-103.50986,31.58724],[-103.50746,31.58746],[-103.51096,31.58609],[-103.50987,31.58448],[-103.51198,31.58153],[-103.51031,31.5796],[-103.51375,31.58281],[-103.51523,31.57924],[-103.51291,31.57852],[-103.51478,31.57684],[-103.51179,31.56714],[-103.50969,31.56799],[-103.51112,31.56948],[-103.50734,31.56917],[-103.50889,31.56653],[-103.50675,31.56589],[-103.5086,31.56434],[-103.50567,31.56347],[-103.50589,31.56238],[-103.50268,31.56376],[-103.50305,31.56202],[-103.50569,31.56103],[-103.50174,31.56068],[-103.50195,31.55911],[-103.5042,31.55863],[-103.50075,31.55806],[-103.502,31.55588],[-103.50052,31.55569],[-103.50015,31.55759],[-103.49911,31.55546],[-103.50166,31.55369],[-103.49835,31.54972],[-103.4954,31.54977],[-103.49669,31.54813],[-103.496,31.5396],[-103.49896,31.53556],[-103.49753,31.53194],[-103.5004,31.53182],[-103.49987,31.52909],[-103.50282,31.52835],[-103.49704,31.52517],[-103.49992,31.52272],[-103.4958,31.52179],[-103.49997,31.51917],[-103.49904,31.51632],[-103.50414,31.51489],[-103.50287,31.51165],[-103.50379,31.50604],[-103.49998,31.50369],[-103.50071,31.50164],[-103.49581,31.4992],[-103.49645,31.49287],[-103.49376,31.49284],[-103.49315,31.49129],[-103.49537,31.48886],[-103.49317,31.48649],[-103.4898,31.48682],[-103.48986,31.48245],[-103.48582,31.48188],[-103.4857,31.47837],[-103.48229,31.47743],[-103.48094,31.47523],[-103.48396,31.46895],[-103.48893,31.46901],[-103.48618,31.46701],[-103.48892,31.46517],[-103.48711,31.46214],[-103.48987,31.45998],[-103.48931,31.45625],[-103.48662,31.45504],[-103.48679,31.45283],[-103.48397,31.45075],[-103.48302,31.44706],[-103.47626,31.44465],[-103.4773,31.44232],[-103.47633,31.4402],[-103.47199,31.44023],[-103.47061,31.43738],[-103.46781,31.43763],[-103.46663,31.43547],[-103.46814,31.4341],[-103.46491,31.43405],[-103.46572,31.43224],[-103.46266,31.43138],[-103.462,31.42963],[-103.45906,31.43003],[-103.45946,31.42856],[-103.45649,31.42851],[-103.45425,31.4257],[-103.45046,31.42646],[-103.44639,31.42429],[-103.44306,31.42622],[-103.44529,31.42716],[-103.44483,31.42815],[-103.44221,31.42806],[-103.44368,31.43086],[-103.44056,31.43127],[-103.44308,31.43322],[-103.44197,31.43365],[-103.43585,31.43055],[-103.4305,31.43138],[-103.42645,31.42833],[-103.41793,31.4261],[-103.41231,31.42997],[-103.40793,31.42962],[-103.40793,31.43188],[-103.40216,31.43114],[-103.39915,31.43387],[-103.39894,31.43109],[-103.39381,31.43126],[-103.39106,31.42949],[-103.38864,31.42426],[-103.38384,31.42199],[-103.3848,31.41883],[-103.38229,31.4173],[-103.38008,31.41727],[-103.38013,31.41935],[-103.37451,31.41729],[-103.37169,31.41881],[-103.36771,31.41794],[-103.37172,31.41625],[-103.3689,31.4153],[-103.36904,31.41391],[-103.3658,31.41595],[-103.36394,31.41482],[-103.36169,31.41899],[-103.3595,31.41734],[-103.36177,31.4153],[-103.35826,31.41513],[-103.35804,31.4181],[-103.34909,31.42346],[-103.34814,31.42096],[-103.34533,31.42251],[-103.34465,31.41983],[-103.34195,31.42011],[-103.34084,31.41662],[-103.33781,31.41794],[-103.33541,31.41312],[-103.33423,31.4148],[-103.33335,31.41282],[-103.33179,31.41417],[-103.33024,31.41196],[-103.31648,31.41781],[-103.31043,31.41615],[-103.31064,31.41759],[-103.30968,31.41628],[-103.30704,31.41807],[-103.30691,31.42006],[-103.30311,31.42116],[-103.29919,31.41963],[-103.29339,31.42168],[-103.28331,31.41988],[-103.28478,31.4181],[-103.28254,31.41705],[-103.281,31.41866],[-103.28069,31.4159],[-103.27866,31.4144],[-103.27638,31.41817],[-103.27445,31.41679],[-103.27448,31.42063],[-103.27682,31.42099],[-103.27308,31.42292],[-103.2746,31.42381],[-103.26904,31.42706],[-103.26679,31.42535],[-103.26753,31.42731],[-103.2625,31.42756],[-103.26106,31.42687],[-103.26124,31.42451],[-103.25909,31.42516],[-103.25527,31.42047],[-103.25946,31.41545],[-103.25966,31.41263],[-103.25704,31.40872],[-103.25779,31.40721],[-103.25621,31.4067],[-103.25423,31.40129],[-103.25083,31.40112],[-103.24502,31.3891],[-103.23772,31.38934],[-103.2343,31.38661],[-103.22978,31.38681],[-103.22708,31.38406],[-103.22142,31.38428],[-103.21274,31.38191],[-103.21074,31.37973],[-103.19548,31.37421],[-103.19415,31.37188],[-103.182,31.37017],[-103.16021,31.37249],[-103.14009,31.36484],[-103.12961,31.36399],[-103.12819,31.36738],[-103.12415,31.36533],[-103.10847,31.36373],[-103.10704,31.36104],[-103.10517,31.36387],[-103.10001,31.36518],[-103.09374,31.36386],[-103.09012,31.36534],[-103.08192,31.36422],[-103.0676,31.36509],[-103.06302,31.36845],[-103.06796,31.37041],[-103.06743,31.37407],[-103.06569,31.37477],[-103.06645,31.37753],[-103.06466,31.37735],[-103.06479,31.37921],[-103.06203,31.3795],[-103.05689,31.38345],[-103.05797,31.38522],[-103.05252,31.38554],[-103.05296,31.38377],[-103.05063,31.38415],[-103.04993,31.38263],[-103.04898,31.38419],[-103.04646,31.3837],[-103.04017,31.38018],[-103.03794,31.38022],[-103.03698,31.38241],[-103.0355,31.37826],[-103.02918,31.37975],[-103.02697,31.37802],[-103.02339,31.37948],[-103.01634,31.37577],[-103.01052,31.37702],[-103.01104,31.37139],[-103.58472,30.76679],[-104.10239,31.10514],[-104.02462,32.00007],[-103.97966,32.00007],[-103.984,31.99307],[-103.9768,31.98058],[-103.97414,31.97923]]]]},"properties":{"fips":"48389","name":"Reeves","n":0,"mw":0.0,"first":null,"last":null,"hh":null,"projects":0}},{"type":"Feature","id":48161,"geometry":{"type":"MultiPolygon","coordinates":[[[[-96.05465,32.01218],[-96.05217,32.00222],[-96.04901,31.99748],[-96.05672,31.99103],[-96.05688,31.98705],[-96.06068,31.98692],[-96.06486,31.98083],[-96.061,31.97525],[-96.05425,31.97538],[-96.05559,31.97268],[-96.0533,31.97014],[-96.04634,31.97015],[-96.0472,31.96596],[-96.04312,31.96266],[-96.0452,31.95981],[-96.05024,31.96105],[-96.0513,31.96382],[-96.0554,31.96383],[-96.05738,31.95968],[-96.06151,31.95989],[-96.06152,31.95484],[-96.05738,31.95349],[-96.05403,31.94796],[-96.04631,31.95179],[-96.04153,31.94506],[-96.03752,31.9487],[-96.04081,31.95214],[-96.03417,31.95279],[-96.02964,31.95514],[-96.03024,31.95679],[-96.034,31.95698],[-96.03352,31.95853],[-96.02259,31.95746],[-96.02017,31.95579],[-96.02039,31.95021],[-96.01458,31.94653],[-96.0209,31.93799],[-96.01613,31.93468],[-96.01052,31.93389],[-96.01341,31.93032],[-96.00652,31.92493],[-96.00829,31.91852],[-96.00456,31.91913],[-96.00154,31.90796],[-96.00238,31.90626],[-96.00692,31.90848],[-96.00814,31.90524],[-96.01114,31.91076],[-96.01363,31.9109],[-96.01563,31.90309],[-96.01966,31.90356],[-96.02484,31.89251],[-96.02725,31.87764],[-96.02439,31.8735],[-96.01937,31.87169],[-96.00691,31.88115],[-96.00414,31.87763],[-96.00487,31.87258],[-96.00108,31.87231],[-96.00115,31.86892],[-95.99412,31.86634],[-95.99222,31.86869],[-95.98963,31.86828],[-95.98821,31.87133],[-95.99137,31.87387],[-95.99095,31.87598],[-95.98785,31.873],[-95.97788,31.87747],[-95.97056,31.8773],[-95.96807,31.872],[-95.969,31.8706],[-95.97382,31.87205],[-95.97681,31.87052],[-95.98007,31.86219],[-95.98728,31.85921],[-95.99056,31.84897],[-95.99448,31.84408],[-95.99236,31.83982],[-95.98748,31.84017],[-95.98447,31.83692],[-95.97852,31.83421],[-95.9772,31.82277],[-95.97308,31.8198],[-95.97688,31.81513],[-95.97503,31.81178],[-95.97646,31.80105],[-95.98364,31.78813],[-95.97907,31.78398],[-95.97374,31.78847],[-95.96268,31.7893],[-95.96066,31.78691],[-95.9607,31.78291],[-95.95371,31.78073],[-95.95258,31.77588],[-95.93896,31.7746],[-95.93458,31.76969],[-95.93107,31.77438],[-95.92435,31.76596],[-95.9204,31.76856],[-95.91472,31.76567],[-95.90787,31.76563],[-95.90276,31.76749],[-95.89741,31.76669],[-95.89684,31.7645],[-95.89872,31.76165],[-95.90315,31.76235],[-95.90053,31.75868],[-95.9019,31.75546],[-95.90039,31.75226],[-95.8987,31.75274],[-95.89675,31.75734],[-95.89399,31.75858],[-95.89026,31.75649],[-95.88567,31.75765],[-95.87465,31.75464],[-95.87285,31.74619],[-95.8687,31.74575],[-95.86681,31.74202],[-95.87574,31.74328],[-95.88011,31.74064],[-95.88104,31.73555],[-95.87772,31.73246],[-95.87488,31.73825],[-95.87008,31.73904],[-95.86702,31.72807],[-95.86887,31.72513],[-95.86655,31.72257],[-95.86644,31.71867],[-95.87089,31.71976],[-95.87507,31.71876],[-95.87575,31.71165],[-95.87763,31.70849],[-95.87497,31.70284],[-95.88008,31.70338],[-95.88077,31.70061],[-95.87697,31.69844],[-95.87365,31.69347],[-95.86462,31.69162],[-95.86224,31.68731],[-95.85318,31.69761],[-95.83399,31.69531],[-95.82444,31.68699],[-95.82017,31.68688],[-95.81008,31.67304],[-95.80542,31.67102],[-95.80131,31.67472],[-95.79512,31.67534],[-95.7909,31.6892],[-95.78746,31.69233],[-95.78818,31.68755],[-95.77968,31.68415],[-95.78366,31.67662],[-95.78964,31.67067],[-95.7903,31.66345],[-95.79401,31.66064],[-95.78953,31.64708],[-95.79536,31.63784],[-95.79666,31.63154],[-95.79493,31.62848],[-95.78839,31.62657],[-95.78893,31.62217],[-95.78734,31.61833],[-95.84539,31.59314],[-96.23651,31.41346],[-96.49676,31.79629],[-96.20771,31.93865],[-96.05465,32.01218]]]]},"properties":{"fips":"48161","name":"Freestone","n":0,"mw":0.0,"first":null,"last":null,"hh":null,"projects":0}},{"type":"Feature","id":48083,"geometry":{"type":"MultiPolygon","coordinates":[[[[-99.71184,32.08209],[-99.50733,32.07984],[-99.19608,32.07983],[-99.20351,31.75012],[-99.20287,31.46716],[-99.2099,31.46555],[-99.22013,31.47579],[-99.2333,31.47808],[-99.23712,31.48288],[-99.24704,31.47974],[-99.25249,31.47602],[-99.25534,31.46952],[-99.27194,31.45538],[-99.27104,31.44726],[-99.27651,31.44546],[-99.28218,31.44729],[-99.28911,31.44387],[-99.2899,31.44086],[-99.28638,31.43289],[-99.28806,31.42902],[-99.29188,31.42879],[-99.29903,31.4323],[-99.30304,31.43233],[-99.30673,31.42731],[-99.30419,31.42045],[-99.31061,31.41213],[-99.3148,31.40977],[-99.32046,31.41518],[-99.33011,31.41485],[-99.33964,31.41756],[-99.34623,31.42181],[-99.34724,31.42475],[-99.34263,31.42908],[-99.34108,31.43331],[-99.34234,31.4405],[-99.34464,31.44354],[-99.35025,31.43872],[-99.35427,31.43244],[-99.35769,31.43094],[-99.36622,31.43752],[-99.37981,31.43985],[-99.38387,31.44371],[-99.38964,31.44314],[-99.40236,31.44624],[-99.40555,31.4497],[-99.40206,31.45441],[-99.39958,31.45517],[-99.39895,31.46011],[-99.40482,31.4596],[-99.40905,31.46216],[-99.4142,31.46095],[-99.4237,31.46377],[-99.44052,31.47489],[-99.44477,31.47471],[-99.44921,31.47045],[-99.44985,31.45782],[-99.44593,31.45006],[-99.43653,31.44972],[-99.43503,31.4481],[-99.43847,31.44513],[-99.45356,31.44045],[-99.46246,31.43261],[-99.46538,31.43283],[-99.46876,31.43074],[-99.46979,31.42834],[-99.46831,31.42515],[-99.47062,31.42194],[-99.47752,31.4248],[-99.47986,31.43414],[-99.48431,31.43607],[-99.48829,31.44104],[-99.49489,31.44498],[-99.50389,31.43895],[-99.50695,31.428],[-99.51195,31.42442],[-99.51666,31.43217],[-99.51968,31.44654],[-99.52455,31.4519],[-99.5322,31.46618],[-99.53478,31.48039],[-99.53677,31.48346],[-99.54408,31.48377],[-99.55593,31.48903],[-99.573,31.49355],[-99.59084,31.48884],[-99.6011,31.49148],[-99.61254,31.5006],[-99.61853,31.50226],[-99.62295,31.50041],[-99.6244,31.49261],[-99.61916,31.48848],[-99.61267,31.48602],[-99.60849,31.4815],[-99.60807,31.47757],[-99.61259,31.46965],[-99.62577,31.46738],[-99.6346,31.47386],[-99.64045,31.48473],[-99.65259,31.49634],[-99.66217,31.49848],[-99.66837,31.49666],[-99.67798,31.4984],[-99.6769,31.50241],[-99.67074,31.51017],[-99.66095,31.51557],[-99.65494,31.52124],[-99.65234,31.52663],[-99.65475,31.53218],[-99.65866,31.53469],[-99.68851,31.53202],[-99.69211,31.53287],[-99.69373,31.53616],[-99.69274,31.53831],[-99.68179,31.54093],[-99.67598,31.54461],[-99.67216,31.54813],[-99.67172,31.55308],[-99.67316,31.55528],[-99.67728,31.55649],[-99.68697,31.55348],[-99.69144,31.55415],[-99.69555,31.5605],[-99.69675,31.56859],[-99.70513,31.57648],[-99.7089,31.57691],[-99.71085,31.57446],[-99.71283,31.56569],[-99.71093,31.56127],[-99.71676,31.56036],[-99.72232,31.56279],[-99.71405,32.0818],[-99.71184,32.08209]]]]},"properties":{"fips":"48083","name":"Coleman","n":0,"mw":0.0,"first":null,"last":null,"hh":null,"projects":0}},{"type":"Feature","id":48399,"geometry":{"type":"MultiPolygon","coordinates":[[[[-100.09937,32.08292],[-99.71405,32.08062],[-99.72194,31.5767],[-100.23469,31.5814],[-100.23515,32.08176],[-100.09937,32.08292]]]]},"properties":{"fips":"48399","name":"Runnels","n":0,"mw":0.0,"first":null,"last":null,"hh":null,"projects":0}},{"type":"Feature","id":48049,"geometry":{"type":"MultiPolygon","coordinates":[[[[-99.11889,32.07971],[-98.92433,32.07799],[-98.66852,31.70089],[-98.76002,31.68794],[-98.78032,31.61044],[-98.94394,31.51172],[-98.99297,31.48483],[-98.99319,31.48337],[-99.00596,31.48],[-99.0102,31.47146],[-99.01891,31.46962],[-99.02149,31.47484],[-99.03323,31.48662],[-99.04121,31.49049],[-99.05025,31.48463],[-99.05553,31.47415],[-99.0619,31.47107],[-99.05998,31.46565],[-99.0608,31.46434],[-99.0646,31.46246],[-99.06813,31.46575],[-99.07246,31.46702],[-99.07557,31.46312],[-99.08511,31.45809],[-99.08604,31.45583],[-99.08802,31.45698],[-99.08825,31.46057],[-99.0916,31.46044],[-99.09674,31.45641],[-99.09447,31.44991],[-99.09716,31.44816],[-99.10871,31.45546],[-99.10758,31.46428],[-99.11555,31.4681],[-99.12007,31.46719],[-99.11875,31.46109],[-99.12422,31.45662],[-99.13491,31.46559],[-99.14203,31.46714],[-99.15048,31.46566],[-99.15344,31.46785],[-99.15918,31.46821],[-99.17028,31.46388],[-99.17597,31.45747],[-99.18397,31.45379],[-99.18453,31.45987],[-99.18914,31.47061],[-99.19551,31.4735],[-99.2029,31.46758],[-99.20351,31.75012],[-99.19608,32.07983],[-99.11889,32.07971]]]]},"properties":{"fips":"48049","name":"Brown","n":0,"mw":0.0,"first":null,"last":null,"hh":null,"projects":0}},{"type":"Feature","id":48109,"geometry":{"type":"MultiPolygon","coordinates":[[[[-104.25419,31.99997],[-104.02462,32.00007],[-104.10239,31.10514],[-104.33253,30.98277],[-104.91729,30.6636],[-104.91643,30.83599],[-104.90765,30.83596],[-104.90726,30.90025],[-104.91331,31.62654],[-104.91647,31.62657],[-104.91732,31.77107],[-104.91837,31.77108],[-104.91884,32.00007],[-104.25419,31.99997]]]]},"properties":{"fips":"48109","name":"Culberson","n":0,"mw":0.0,"first":null,"last":null,"hh":null,"projects":0}},{"type":"Feature","id":48419,"geometry":{"type":"MultiPolygon","coordinates":[[[[-94.00676,31.97349],[-93.99527,31.95365],[-93.98221,31.93954],[-93.97757,31.92659],[-93.97175,31.92048],[-93.96894,31.92013],[-93.96296,31.92408],[-93.96014,31.92342],[-93.95361,31.91057],[-93.93767,31.90924],[-93.92841,31.91265],[-93.92149,31.90438],[-93.92518,31.90234],[-93.93222,31.89297],[-93.9307,31.89153],[-93.92547,31.89465],[-93.92442,31.89309],[-93.92687,31.89159],[-93.9266,31.88949],[-93.92174,31.88597],[-93.91961,31.88673],[-93.92026,31.8905],[-93.91654,31.88995],[-93.91587,31.89283],[-93.9123,31.89235],[-93.91267,31.89007],[-93.90614,31.89242],[-93.907,31.89026],[-93.90591,31.88992],[-93.90303,31.8937],[-93.90369,31.89584],[-93.90057,31.89684],[-93.89811,31.8935],[-93.89639,31.88615],[-93.90197,31.87956],[-93.90157,31.87473],[-93.89215,31.87589],[-93.89295,31.87167],[-93.88873,31.86973],[-93.88598,31.86574],[-93.88444,31.86627],[-93.88462,31.86965],[-93.88132,31.86821],[-93.88178,31.86492],[-93.88924,31.8559],[-93.88248,31.85449],[-93.88431,31.84859],[-93.87863,31.8449],[-93.88216,31.84337],[-93.88049,31.84175],[-93.87605,31.84179],[-93.87302,31.83654],[-93.877,31.83265],[-93.8746,31.82968],[-93.87484,31.82137],[-93.87115,31.81956],[-93.87302,31.81472],[-93.87096,31.81397],[-93.86751,31.81549],[-93.86109,31.81214],[-93.85946,31.80924],[-93.85342,31.80546],[-93.85345,31.80246],[-93.85156,31.80034],[-93.84712,31.79983],[-93.84601,31.80203],[-93.83942,31.80037],[-93.83582,31.79525],[-93.83782,31.7878],[-93.83571,31.7852],[-93.83778,31.78371],[-93.83758,31.78086],[-93.8322,31.7813],[-93.83067,31.77945],[-93.83291,31.7775],[-93.82676,31.77773],[-93.82283,31.77446],[-93.82526,31.76731],[-93.82958,31.76418],[-93.82693,31.76386],[-93.82632,31.75954],[-93.82801,31.76098],[-93.83004,31.76035],[-93.8312,31.75491],[-93.83522,31.75298],[-93.83637,31.74845],[-93.83161,31.74539],[-93.8231,31.7333],[-93.81515,31.72945],[-93.81234,31.71492],[-93.81672,31.70792],[-93.81137,31.70717],[-93.8102,31.70309],[-93.79728,31.70559],[-93.79431,31.70258],[-93.79957,31.69254],[-93.80512,31.68691],[-93.8042,31.68436],[-93.81058,31.6801],[-93.81226,31.67703],[-93.81606,31.67571],[-93.81239,31.67173],[-93.81253,31.66996],[-93.81689,31.66816],[-93.8172,31.67203],[-93.8222,31.67392],[-93.82637,31.66696],[-93.82596,31.66187],[-93.81959,31.65281],[-93.8126,31.65047],[-93.81119,31.64792],[-93.81309,31.64655],[-93.81682,31.64894],[-93.81811,31.64728],[-93.8159,31.63985],[-93.81809,31.63637],[-93.81582,31.63247],[-93.82004,31.6304],[-93.82081,31.62847],[-93.81692,31.62527],[-93.81612,31.62238],[-93.82683,31.62064],[-93.82017,31.61796],[-93.81892,31.61498],[-93.82788,31.61691],[-93.83287,31.60976],[-93.83872,31.60552],[-93.83733,31.60151],[-93.83887,31.5997],[-93.83517,31.59152],[-93.83477,31.58612],[-93.83649,31.58554],[-93.83945,31.58883],[-93.84056,31.58747],[-93.84652,31.58879],[-93.85074,31.59402],[-93.85293,31.59241],[-93.85819,31.5932],[-93.86091,31.59193],[-93.86428,31.59468],[-93.86252,31.59656],[-93.86578,31.59818],[-93.86705,31.59691],[-93.86942,31.59914],[-93.87315,31.59858],[-93.87234,31.59644],[-93.87593,31.59678],[-93.8764,31.59883],[-93.88076,31.59938],[-93.88264,31.60202],[-93.88461,31.60096],[-93.88574,31.60372],[-93.88994,31.60469],[-93.89111,31.60741],[-93.89541,31.60777],[-93.89729,31.60921],[-93.89652,31.61181],[-93.89889,31.61174],[-93.92088,31.59892],[-93.92581,31.59061],[-93.9398,31.59043],[-93.94497,31.58641],[-93.95399,31.58382],[-93.96936,31.57256],[-93.97698,31.56974],[-93.98442,31.56932],[-94.0908,31.62066],[-94.39891,31.65366],[-94.39777,31.65568],[-94.40206,31.65582],[-94.40135,31.65739],[-94.40371,31.65952],[-94.39819,31.66121],[-94.40014,31.66071],[-94.40045,31.66217],[-94.40159,31.66102],[-94.40688,31.6648],[-94.40489,31.66819],[-94.40614,31.67078],[-94.40435,31.67015],[-94.40384,31.67135],[-94.40631,31.6731],[-94.40434,31.67384],[-94.40558,31.67402],[-94.40376,31.67597],[-94.40559,31.67918],[-94.40371,31.68187],[-94.40466,31.68415],[-94.40621,31.68401],[-94.40639,31.68716],[-94.40814,31.68648],[-94.40699,31.68785],[-94.409,31.6881],[-94.40715,31.68985],[-94.40991,31.69076],[-94.40685,31.69529],[-94.41251,31.69806],[-94.41277,31.69988],[-94.41032,31.69982],[-94.41094,31.70157],[-94.41264,31.70051],[-94.41328,31.70322],[-94.41463,31.70306],[-94.4141,31.70476],[-94.41684,31.70616],[-94.41444,31.71063],[-94.41579,31.7126],[-94.41417,31.71322],[-94.415,31.71568],[-94.41279,31.71531],[-94.41419,31.71659],[-94.41412,31.7206],[-94.41269,31.72117],[-94.41564,31.72442],[-94.41264,31.72816],[-94.41494,31.72935],[-94.41256,31.73334],[-94.41415,31.73827],[-94.41209,31.73983],[-94.41381,31.73963],[-94.41458,31.74157],[-94.41335,31.74338],[-94.41452,31.74418],[-94.41244,31.74616],[-94.41483,31.74616],[-94.41458,31.74882],[-94.41545,31.74781],[-94.41638,31.74896],[-94.41635,31.75071],[-94.41385,31.75188],[-94.41661,31.75215],[-94.41646,31.75363],[-94.41803,31.75261],[-94.41636,31.75668],[-94.42052,31.75868],[-94.42008,31.76118],[-94.42218,31.76104],[-94.42016,31.76241],[-94.4212,31.76275],[-94.4203,31.76513],[-94.42196,31.76436],[-94.42114,31.76583],[-94.42249,31.76536],[-94.4218,31.76646],[-94.42503,31.76727],[-94.43121,31.77239],[-94.42995,31.77368],[-94.43224,31.77506],[-94.43097,31.77449],[-94.43006,31.77636],[-94.42883,31.77528],[-94.42726,31.77742],[-94.42903,31.77921],[-94.42877,31.78314],[-94.42748,31.7834],[-94.4289,31.78415],[-94.42679,31.7851],[-94.42857,31.78955],[-94.4274,31.79382],[-94.42535,31.79533],[-94.42602,31.79686],[-94.42386,31.79702],[-94.4256,31.79874],[-94.42404,31.80024],[-94.42732,31.80167],[-94.4281,31.80296],[-94.42671,31.804],[-94.43039,31.80625],[-94.42781,31.80935],[-94.42922,31.80888],[-94.43087,31.8111],[-94.43005,31.81207],[-94.43245,31.81288],[-94.43144,31.817],[-94.43386,31.82012],[-94.43256,31.82206],[-94.43467,31.82309],[-94.43401,31.82469],[-94.43596,31.82394],[-94.43642,31.82737],[-94.44487,31.83247],[-94.4446,31.83388],[-94.44676,31.83486],[-94.44578,31.83643],[-94.45094,31.84069],[-94.45187,31.83986],[-94.45289,31.84805],[-94.45405,31.8492],[-94.45637,31.84813],[-94.45636,31.85076],[-94.45812,31.85049],[-94.45714,31.85244],[-94.46065,31.85245],[-94.46407,31.85682],[-94.46423,31.85833],[-94.46252,31.85865],[-94.46359,31.85934],[-94.45972,31.86072],[-94.46115,31.86266],[-94.45918,31.86332],[-94.46106,31.8634],[-94.46004,31.86488],[-94.46286,31.86903],[-94.46223,31.87219],[-94.46553,31.87604],[-94.46616,31.87926],[-94.46945,31.87932],[-94.46988,31.88152],[-94.47372,31.88235],[-94.47299,31.8838],[-94.47779,31.88647],[-94.47547,31.88955],[-94.48006,31.89346],[-94.4789,31.89761],[-94.47979,31.89902],[-94.48154,31.89815],[-94.48214,31.90086],[-94.48058,31.9022],[-94.48326,31.90239],[-94.48375,31.90424],[-94.48752,31.90377],[-94.49031,31.90761],[-94.4918,31.90734],[-94.49152,31.91091],[-94.49351,31.90976],[-94.49977,31.91322],[-94.49833,31.91497],[-94.50093,31.91394],[-94.50176,31.91593],[-94.50344,31.91461],[-94.50443,31.92038],[-94.51122,31.92407],[-94.51129,31.97378],[-94.01567,31.97976],[-94.00676,31.97349]]]]},"properties":{"fips":"48419","name":"Shelby","n":0,"mw":0.0,"first":null,"last":null,"hh":null,"projects":0}},{"type":"Feature","id":48229,"geometry":{"type":"MultiPolygon","coordinates":[[[[-104.91884,32.00007],[-104.91647,31.62657],[-104.91331,31.62654],[-104.90765,30.83596],[-104.91643,30.83599],[-104.91729,30.6636],[-104.97992,30.62933],[-104.98223,30.63017],[-104.98393,30.63483],[-104.98567,30.66237],[-104.99309,30.66495],[-104.99359,30.66682],[-104.99186,30.66844],[-104.99459,30.67052],[-105.00164,30.67273],[-105.00215,30.68089],[-105.00683,30.68613],[-105.01339,30.68257],[-105.01621,30.68291],[-105.01773,30.6851],[-105.02159,30.68145],[-105.02517,30.68136],[-105.02738,30.67899],[-105.03187,30.68094],[-105.03602,30.68647],[-105.0398,30.68863],[-105.04269,30.68737],[-105.04538,30.68887],[-105.04717,30.68801],[-105.04452,30.68401],[-105.0462,30.67987],[-105.04848,30.68038],[-105.04795,30.68212],[-105.05073,30.68219],[-105.0556,30.68536],[-105.05679,30.68777],[-105.06202,30.68593],[-105.06345,30.68884],[-105.06179,30.69524],[-105.06278,30.69847],[-105.06701,30.69917],[-105.06851,30.70371],[-105.07028,30.70174],[-105.08115,30.69991],[-105.08098,30.7015],[-105.08269,30.70187],[-105.0795,30.7043],[-105.08043,30.7079],[-105.08325,30.70988],[-105.08762,30.70994],[-105.08768,30.71547],[-105.09162,30.71721],[-105.09836,30.71652],[-105.09973,30.72195],[-105.10549,30.72364],[-105.10343,30.72905],[-105.10673,30.73221],[-105.10704,30.73032],[-105.10888,30.73006],[-105.11192,30.73326],[-105.10992,30.73939],[-105.1123,30.74044],[-105.11115,30.74364],[-105.11413,30.74599],[-105.11695,30.74304],[-105.12047,30.74371],[-105.12094,30.74594],[-105.11845,30.74971],[-105.12766,30.74784],[-105.12981,30.75044],[-105.14082,30.75218],[-105.14325,30.75498],[-105.15205,30.75139],[-105.15702,30.75385],[-105.16159,30.75205],[-105.16149,30.75613],[-105.15799,30.76126],[-105.15636,30.76974],[-105.16397,30.77157],[-105.16545,30.77313],[-105.16402,30.77464],[-105.16498,30.77846],[-105.16687,30.77965],[-105.17427,30.76755],[-105.17694,30.76798],[-105.18246,30.77632],[-105.18511,30.77698],[-105.1846,30.78155],[-105.18605,30.78443],[-105.19126,30.786],[-105.19495,30.79206],[-105.19985,30.78758],[-105.2064,30.7863],[-105.20867,30.78277],[-105.2118,30.78169],[-105.21661,30.78328],[-105.2197,30.78616],[-105.22007,30.78868],[-105.21744,30.79321],[-105.21296,30.79322],[-105.20957,30.79765],[-105.21322,30.80058],[-105.21495,30.80579],[-105.21809,30.80577],[-105.22714,30.79916],[-105.22886,30.79985],[-105.22836,30.80263],[-105.23001,30.80372],[-105.23514,30.80264],[-105.23819,30.80363],[-105.2443,30.79987],[-105.25003,30.79925],[-105.25292,30.79583],[-105.25733,30.79436],[-105.26411,30.80024],[-105.2668,30.80836],[-105.27192,30.80926],[-105.27589,30.80694],[-105.27962,30.81582],[-105.28261,30.81828],[-105.28834,30.81821],[-105.2894,30.82397],[-105.29179,30.82613],[-105.30034,30.82443],[-105.30084,30.81876],[-105.3064,30.80978],[-105.30874,30.81077],[-105.30801,30.8147],[-105.30945,30.8169],[-105.31167,30.81262],[-105.31698,30.81085],[-105.31879,30.81257],[-105.31611,30.81863],[-105.31891,30.82373],[-105.31818,30.82806],[-105.32411,30.82838],[-105.32738,30.8248],[-105.32992,30.82529],[-105.32793,30.83109],[-105.33726,30.8335],[-105.33934,30.84028],[-105.34565,30.84051],[-105.35203,30.83563],[-105.35444,30.83777],[-105.35345,30.8421],[-105.35982,30.84596],[-105.36171,30.85046],[-105.37167,30.84748],[-105.37496,30.84984],[-105.37761,30.8487],[-105.37716,30.8512],[-105.38333,30.85199],[-105.38489,30.85046],[-105.38728,30.85365],[-105.39207,30.85054],[-105.39409,30.85081],[-105.39502,30.84894],[-105.40006,30.85202],[-105.40176,30.85459],[-105.39895,30.85779],[-105.39483,30.85869],[-105.39459,30.86327],[-105.39602,30.86432],[-105.39382,30.86712],[-105.39503,30.87129],[-105.39138,30.87398],[-105.39353,30.87629],[-105.39968,30.87664],[-105.40432,30.87958],[-105.3993,30.88422],[-105.40008,30.88923],[-105.4041,30.89211],[-105.41195,30.88857],[-105.4107,30.89218],[-105.41397,30.89965],[-105.42598,30.90055],[-105.42978,30.9054],[-105.4413,30.90852],[-105.44502,30.9135],[-105.44452,30.91743],[-105.44677,30.91945],[-105.45157,30.91565],[-105.45322,30.91621],[-105.45443,30.91941],[-105.45153,30.92116],[-105.45171,30.92482],[-105.46501,30.92578],[-105.46664,30.92425],[-105.46763,30.92957],[-105.4707,30.93103],[-105.47109,30.93381],[-105.47607,30.93402],[-105.47824,30.93821],[-105.48191,30.94078],[-105.48648,30.94262],[-105.48835,30.94084],[-105.49176,30.94238],[-105.49154,30.94375],[-105.48824,30.94273],[-105.49008,30.94633],[-105.4939,30.94944],[-105.499,30.95057],[-105.4968,30.95536],[-105.49405,30.9554],[-105.49405,30.95702],[-105.5012,30.96681],[-105.50384,30.96782],[-105.51598,30.96486],[-105.51719,30.96953],[-105.52207,30.97623],[-105.52675,30.97757],[-105.53285,30.98435],[-105.53808,30.98538],[-105.54397,30.98427],[-105.55573,30.98848],[-105.55863,30.99101],[-105.57033,31.00854],[-105.56944,31.01614],[-105.57178,31.01881],[-105.57786,31.01984],[-105.581,31.02585],[-105.57968,31.03572],[-105.58533,31.05725],[-105.59591,31.06493],[-105.59869,31.07455],[-105.60474,31.08373],[-105.62757,31.09863],[-105.64138,31.09791],[-105.64842,31.1156],[-105.71017,31.1366],[-105.71733,31.14159],[-105.71947,31.14895],[-105.74279,31.16492],[-105.76303,31.16408],[-105.77287,31.16649],[-105.78017,31.1826],[-105.77962,31.19025],[-105.78344,31.19805],[-105.79434,31.20212],[-105.81898,31.23073],[-105.8361,31.24724],[-105.85062,31.26507],[-105.854,31.27253],[-105.8693,31.28857],[-105.87604,31.29161],[-105.89072,31.29],[-105.89468,31.29086],[-105.90349,31.30676],[-105.90886,31.31276],[-105.92267,31.31204],[-105.93325,31.31358],[-105.93865,31.31904],[-105.94799,31.33935],[-105.94587,31.35261],[-105.95368,31.36439],[-105.97024,31.36595],[-105.99749,31.3872],[-105.95449,31.42348],[-105.9588,31.42343],[-105.95944,31.47833],[-105.99328,31.47845],[-105.99824,32.00235],[-104.91884,32.00007]]]]},"properties":{"fips":"48229","name":"Hudspeth","n":0,"mw":0.0,"first":null,"last":null,"hh":null,"projects":0}},{"type":"Feature","id":48001,"geometry":{"type":"MultiPolygon","coordinates":[[[[-95.42597,32.08424],[-95.42378,32.08236],[-95.42605,32.07698],[-95.42952,32.07691],[-95.43158,32.07412],[-95.43142,32.07149],[-95.43746,32.06884],[-95.43851,32.06604],[-95.43226,32.06111],[-95.43285,32.05897],[-95.4369,32.05766],[-95.43552,32.05303],[-95.43035,32.05014],[-95.42763,32.05187],[-95.42177,32.04807],[-95.42302,32.04535],[-95.42222,32.04289],[-95.42313,32.0415],[-95.42596,32.04178],[-95.42586,32.03931],[-95.42765,32.03867],[-95.43598,32.03987],[-95.43548,32.03809],[-95.43825,32.03556],[-95.43862,32.03282],[-95.43225,32.03062],[-95.42425,32.0191],[-95.42818,32.01536],[-95.42673,32.01298],[-95.42991,32.00623],[-95.43398,32.00885],[-95.43567,32.00493],[-95.43849,32.00321],[-95.44153,32.00414],[-95.44626,31.99922],[-95.44585,31.99476],[-95.44914,31.99254],[-95.45064,31.98743],[-95.44842,31.98508],[-95.45282,31.9767],[-95.45042,31.97437],[-95.45145,31.97131],[-95.45005,31.96826],[-95.44745,31.96887],[-95.44407,31.96732],[-95.44395,31.96364],[-95.44852,31.96168],[-95.45099,31.96388],[-95.4537,31.96051],[-95.44981,31.95446],[-95.44806,31.95486],[-95.44834,31.95116],[-95.44548,31.94564],[-95.43312,31.9341],[-95.42688,31.93158],[-95.42424,31.93226],[-95.42318,31.92677],[-95.42051,31.9266],[-95.4203,31.92528],[-95.42265,31.92469],[-95.42436,31.91919],[-95.42662,31.91956],[-95.42643,31.91645],[-95.42981,31.91582],[-95.42903,31.91292],[-95.43182,31.91356],[-95.42835,31.9058],[-95.43061,31.90434],[-95.42912,31.90134],[-95.43181,31.90311],[-95.43756,31.90168],[-95.43752,31.89766],[-95.43503,31.89744],[-95.43469,31.89559],[-95.43669,31.89594],[-95.43688,31.89434],[-95.43114,31.89246],[-95.43322,31.88778],[-95.43097,31.88004],[-95.43309,31.87855],[-95.432,31.87655],[-95.43392,31.87664],[-95.4344,31.87341],[-95.43893,31.87613],[-95.43752,31.87439],[-95.43943,31.87181],[-95.43763,31.87185],[-95.43839,31.87035],[-95.43673,31.8702],[-95.43496,31.86682],[-95.44227,31.86246],[-95.44324,31.85789],[-95.44539,31.85771],[-95.44428,31.85541],[-95.44581,31.8542],[-95.44413,31.85105],[-95.44615,31.84852],[-95.44413,31.84589],[-95.44687,31.84336],[-95.44262,31.84413],[-95.44326,31.84243],[-95.44099,31.84162],[-95.43778,31.84339],[-95.4303,31.83931],[-95.42928,31.83983],[-95.43048,31.8413],[-95.42729,31.84032],[-95.42616,31.84162],[-95.4203,31.83584],[-95.41843,31.8369],[-95.41699,31.8359],[-95.4169,31.83742],[-95.41268,31.83498],[-95.41275,31.83254],[-95.41019,31.83406],[-95.41193,31.83163],[-95.41068,31.82757],[-95.41247,31.82599],[-95.40812,31.82461],[-95.40833,31.82332],[-95.40373,31.82176],[-95.40278,31.81874],[-95.40077,31.81849],[-95.40141,31.81419],[-95.40003,31.81357],[-95.40496,31.81014],[-95.40463,31.80789],[-95.40244,31.80801],[-95.40402,31.80719],[-95.40218,31.8055],[-95.40415,31.80351],[-95.40349,31.80047],[-95.40105,31.80187],[-95.39823,31.79985],[-95.39926,31.79702],[-95.3974,31.79593],[-95.39909,31.79401],[-95.39519,31.79351],[-95.3963,31.79108],[-95.39475,31.79036],[-95.39404,31.78469],[-95.39637,31.7831],[-95.39486,31.78119],[-95.39795,31.77538],[-95.39729,31.77411],[-95.39945,31.7745],[-95.39771,31.77285],[-95.39854,31.77158],[-95.39652,31.7716],[-95.39803,31.76902],[-95.3965,31.76528],[-95.39999,31.76726],[-95.3995,31.76494],[-95.40114,31.76494],[-95.39976,31.76348],[-95.40226,31.76174],[-95.39937,31.7604],[-95.39467,31.76356],[-95.38921,31.75737],[-95.38789,31.75856],[-95.38528,31.75696],[-95.38391,31.7586],[-95.38361,31.75532],[-95.38168,31.75488],[-95.38124,31.75277],[-95.37959,31.75252],[-95.37951,31.75522],[-95.37728,31.7564],[-95.37692,31.75386],[-95.37374,31.75365],[-95.3731,31.7518],[-95.36293,31.75251],[-95.36093,31.74923],[-95.3585,31.74936],[-95.35999,31.74415],[-95.36254,31.74312],[-95.35905,31.74113],[-95.36289,31.73709],[-95.36494,31.73696],[-95.36437,31.73978],[-95.3665,31.73998],[-95.3726,31.73604],[-95.36865,31.73496],[-95.37079,31.73324],[-95.36689,31.73056],[-95.36857,31.72919],[-95.36603,31.72885],[-95.36659,31.72681],[-95.36049,31.72887],[-95.35532,31.72761],[-95.35391,31.73113],[-95.3416,31.7352],[-95.3407,31.73328],[-95.33832,31.73542],[-95.33557,31.73491],[-95.33327,31.73292],[-95.33269,31.72804],[-95.33701,31.72712],[-95.3353,31.72621],[-95.33968,31.72024],[-95.34077,31.72154],[-95.33935,31.72183],[-95.33985,31.72335],[-95.34199,31.72242],[-95.34229,31.71768],[-95.33772,31.71607],[-95.33418,31.71213],[-95.33175,31.71279],[-95.33243,31.71558],[-95.3349,31.71551],[-95.33154,31.71731],[-95.33231,31.7184],[-95.32789,31.71689],[-95.32447,31.71088],[-95.32857,31.70757],[-95.32571,31.70491],[-95.32412,31.70534],[-95.32582,31.70375],[-95.31688,31.7063],[-95.31131,31.70601],[-95.31174,31.69676],[-95.30611,31.69332],[-95.30148,31.69392],[-95.30459,31.69049],[-95.30399,31.6891],[-95.28965,31.68392],[-95.28994,31.68196],[-95.28741,31.68091],[-95.28833,31.67953],[-95.28589,31.67653],[-95.28317,31.67632],[-95.28241,31.67264],[-95.28549,31.67133],[-95.28519,31.66738],[-95.28195,31.66476],[-95.28376,31.66327],[-95.28033,31.66236],[-95.28122,31.66148],[-95.27952,31.65969],[-95.27802,31.65962],[-95.27812,31.66109],[-95.27576,31.65654],[-95.27849,31.65315],[-95.28118,31.65473],[-95.27901,31.65166],[-95.28266,31.6515],[-95.28265,31.6458],[-95.2855,31.64659],[-95.28458,31.64828],[-95.28618,31.64758],[-95.28682,31.64403],[-95.28351,31.64295],[-95.28553,31.64174],[-95.28194,31.6386],[-95.28167,31.63651],[-95.28276,31.63227],[-95.28769,31.63233],[-95.28166,31.62539],[-95.27573,31.62547],[-95.2754,31.62365],[-95.27117,31.62511],[-95.26498,31.62434],[-95.26403,31.62063],[-95.262,31.61941],[-95.26296,31.61612],[-95.26055,31.61263],[-95.26071,31.60899],[-95.25885,31.61034],[-95.26277,31.60404],[-95.26216,31.60288],[-95.26784,31.60057],[-95.26963,31.59509],[-95.27301,31.59487],[-95.27317,31.59645],[-95.27479,31.59534],[-95.27351,31.59283],[-95.45345,31.56985],[-95.65168,31.54174],[-95.64698,31.52655],[-95.73968,31.50374],[-95.73386,31.50854],[-95.73724,31.51888],[-95.74164,31.52278],[-95.74727,31.5241],[-95.74787,31.52841],[-95.75688,31.53118],[-95.75892,31.53418],[-95.75098,31.54098],[-95.75421,31.54628],[-95.75162,31.55193],[-95.742,31.5541],[-95.73058,31.55119],[-95.72385,31.5557],[-95.71862,31.5537],[-95.7154,31.55447],[-95.71724,31.55959],[-95.71702,31.56766],[-95.72212,31.56996],[-95.71831,31.57166],[-95.71815,31.57324],[-95.72157,31.57798],[-95.72945,31.58366],[-95.72157,31.58674],[-95.71963,31.5928],[-95.71564,31.59398],[-95.71651,31.59775],[-95.71122,31.60401],[-95.71234,31.60783],[-95.71029,31.61573],[-95.71704,31.62647],[-95.71879,31.63269],[-95.73568,31.65379],[-95.75377,31.64884],[-95.75732,31.64309],[-95.75404,31.63875],[-95.75331,31.62921],[-95.74853,31.61783],[-95.75322,31.61382],[-95.75357,31.60684],[-95.76122,31.6033],[-95.76106,31.59927],[-95.76377,31.5996],[-95.7684,31.59733],[-95.77242,31.59873],[-95.78083,31.60498],[-95.78476,31.61061],[-95.78884,31.62175],[-95.78839,31.62657],[-95.79493,31.62848],[-95.7966,31.63092],[-95.79536,31.63784],[-95.78953,31.64708],[-95.79401,31.66064],[-95.7903,31.66345],[-95.78964,31.67067],[-95.78366,31.67662],[-95.77968,31.68415],[-95.78818,31.68755],[-95.78746,31.69233],[-95.7909,31.6892],[-95.79512,31.67534],[-95.80131,31.67472],[-95.80542,31.67102],[-95.81008,31.67304],[-95.82017,31.68688],[-95.82444,31.68699],[-95.83399,31.69531],[-95.85318,31.69761],[-95.86224,31.68731],[-95.86462,31.69162],[-95.87365,31.69347],[-95.87697,31.69844],[-95.88077,31.70061],[-95.88008,31.70338],[-95.87497,31.70284],[-95.87763,31.70849],[-95.87575,31.71165],[-95.87507,31.71876],[-95.87089,31.71976],[-95.86644,31.71867],[-95.86655,31.72257],[-95.86887,31.72513],[-95.86702,31.72807],[-95.87008,31.73904],[-95.87488,31.73825],[-95.87772,31.73246],[-95.88104,31.73555],[-95.88011,31.74064],[-95.87574,31.74328],[-95.86681,31.74202],[-95.8687,31.74575],[-95.87285,31.74619],[-95.87465,31.75464],[-95.88567,31.75765],[-95.89026,31.75649],[-95.89399,31.75858],[-95.89675,31.75734],[-95.8987,31.75274],[-95.90039,31.75226],[-95.9019,31.75546],[-95.90053,31.75868],[-95.90315,31.76235],[-95.89872,31.76165],[-95.89684,31.7645],[-95.89741,31.76669],[-95.90276,31.76749],[-95.90787,31.76563],[-95.91472,31.76567],[-95.9204,31.76856],[-95.92477,31.76608],[-95.93107,31.77438],[-95.93458,31.76969],[-95.93896,31.7746],[-95.95258,31.77588],[-95.95371,31.78073],[-95.9607,31.78291],[-95.96066,31.78691],[-95.9628,31.78934],[-95.97374,31.78847],[-95.978,31.78435],[-95.98072,31.78463],[-95.9837,31.78877],[-95.97646,31.80105],[-95.97503,31.81178],[-95.97688,31.81513],[-95.97308,31.8198],[-95.9772,31.82277],[-95.97852,31.83421],[-95.98447,31.83692],[-95.98748,31.84017],[-95.99236,31.83982],[-95.99448,31.84408],[-95.99056,31.84897],[-95.98728,31.85921],[-95.98007,31.86219],[-95.97681,31.87052],[-95.97382,31.87205],[-95.969,31.8706],[-95.96807,31.872],[-95.97056,31.8773],[-95.97788,31.87747],[-95.98785,31.873],[-95.99095,31.87598],[-95.99137,31.87387],[-95.98821,31.87133],[-95.98963,31.86828],[-95.99222,31.86869],[-95.99412,31.86634],[-96.00115,31.86892],[-96.00108,31.87231],[-96.00487,31.87258],[-96.00414,31.87763],[-96.00691,31.88115],[-96.01937,31.87169],[-96.02439,31.8735],[-96.02725,31.87764],[-96.02484,31.89251],[-96.01966,31.90356],[-96.01563,31.90309],[-96.01363,31.9109],[-96.01114,31.91076],[-96.00814,31.90524],[-96.00692,31.90848],[-96.00238,31.90626],[-96.00154,31.90796],[-96.00456,31.91913],[-96.00829,31.91852],[-96.00652,31.92493],[-96.01341,31.93032],[-96.01052,31.93389],[-96.01613,31.93468],[-96.0209,31.93799],[-96.01458,31.94653],[-96.02039,31.95021],[-96.02017,31.95579],[-96.02259,31.95746],[-96.03352,31.95853],[-96.034,31.95698],[-96.03024,31.95679],[-96.02964,31.95514],[-96.03417,31.95279],[-96.04081,31.95214],[-96.03752,31.9487],[-96.04153,31.94506],[-96.04631,31.95179],[-96.05403,31.94796],[-96.05738,31.95349],[-96.06152,31.95484],[-96.06151,31.95989],[-96.05738,31.95968],[-96.0554,31.96383],[-96.0513,31.96382],[-96.05024,31.96105],[-96.0452,31.95981],[-96.04312,31.96266],[-96.0472,31.96596],[-96.04634,31.97015],[-96.0533,31.97014],[-96.05559,31.97268],[-96.05425,31.97538],[-96.061,31.97525],[-96.06486,31.98083],[-96.06068,31.98692],[-96.05688,31.98705],[-96.05672,31.99103],[-96.04901,31.99748],[-96.05279,32.00584],[-95.77746,32.03883],[-95.42597,32.08424]]]]},"properties":{"fips":"48001","name":"Anderson","n":0,"mw":0.0,"first":null,"last":null,"hh":null,"projects":0}},{"type":"Feature","id":48141,"geometry":{"type":"MultiPolygon","coordinates":[[[[-106.03182,32.0023],[-105.99824,32.00235],[-105.99328,31.47845],[-105.95944,31.47833],[-105.9588,31.42343],[-105.95449,31.42348],[-105.99749,31.3872],[-106.00635,31.39264],[-106.08067,31.39863],[-106.10832,31.4225],[-106.13328,31.42521],[-106.15739,31.43745],[-106.17522,31.45516],[-106.19959,31.46227],[-106.20658,31.46603],[-106.21944,31.48054],[-106.22462,31.50083],[-106.23706,31.51338],[-106.24687,31.54177],[-106.25549,31.54838],[-106.281,31.56198],[-106.28939,31.58802],[-106.30267,31.60993],[-106.30316,31.62059],[-106.30491,31.62428],[-106.33497,31.66394],[-106.3501,31.69681],[-106.37255,31.71249],[-106.38059,31.7314],[-106.4157,31.75071],[-106.4347,31.75486],[-106.45237,31.76457],[-106.46746,31.75948],[-106.47331,31.75041],[-106.48552,31.74761],[-106.49012,31.74855],[-106.50685,31.76105],[-106.51016,31.76108],[-106.51367,31.77052],[-106.52088,31.7736],[-106.52886,31.78133],[-106.52766,31.79035],[-106.533,31.79177],[-106.53587,31.7987],[-106.54376,31.80313],[-106.54709,31.80733],[-106.56297,31.81108],[-106.56333,31.81252],[-106.56682,31.81332],[-106.57102,31.81016],[-106.57712,31.81039],[-106.59118,31.82385],[-106.60295,31.82441],[-106.6055,31.82742],[-106.6018,31.83959],[-106.60193,31.84418],[-106.6086,31.84666],[-106.6148,31.84652],[-106.62581,31.85627],[-106.62843,31.86129],[-106.63607,31.8663],[-106.63578,31.87319],[-106.62973,31.88344],[-106.63401,31.88848],[-106.64623,31.89507],[-106.64614,31.89828],[-106.64077,31.90503],[-106.63398,31.90977],[-106.6245,31.91311],[-106.61906,31.91765],[-106.61601,31.91723],[-106.61323,31.92032],[-106.62481,31.92539],[-106.62914,31.9236],[-106.63024,31.92658],[-106.62591,31.92983],[-106.62255,31.9359],[-106.62405,31.94541],[-106.61573,31.94923],[-106.61478,31.95204],[-106.61523,31.95631],[-106.62338,31.95289],[-106.6257,31.95451],[-106.62496,31.96105],[-106.61998,31.96489],[-106.62003,31.97137],[-106.62302,31.97287],[-106.62712,31.97086],[-106.63088,31.97135],[-106.63906,31.97698],[-106.64037,31.98036],[-106.63735,31.98585],[-106.63192,31.98984],[-106.6241,31.99106],[-106.62001,31.99475],[-106.61898,32.00055],[-106.03182,32.0023]]]]},"properties":{"fips":"48141","name":"El Paso","n":2,"mw":0.0,"first":2015,"last":2015,"hh":null,"projects":1}},{"type":"Feature","id":48035,"geometry":{"type":"MultiPolygon","coordinates":[[[[-97.63052,32.20673],[-97.62586,32.20395],[-97.59978,32.20421],[-97.59458,32.20197],[-97.59038,32.19572],[-97.5899,32.18849],[-97.59224,32.18481],[-97.60159,32.17992],[-97.60169,32.17567],[-97.59446,32.17408],[-97.57969,32.18049],[-97.57383,32.18058],[-97.5682,32.17599],[-97.5683,32.16737],[-97.56452,32.16206],[-97.57054,32.15466],[-97.56931,32.15095],[-97.5535,32.14903],[-97.53877,32.14083],[-97.52058,32.13447],[-97.51324,32.1339],[-97.50832,32.13827],[-97.51184,32.14545],[-97.5134,32.15412],[-97.51094,32.16234],[-97.49499,32.16431],[-97.48675,32.17153],[-97.47776,32.17325],[-97.46357,32.17275],[-97.45857,32.16988],[-97.45649,32.16573],[-97.45702,32.16299],[-97.46561,32.1551],[-97.46922,32.14825],[-97.49386,32.13971],[-97.49695,32.13553],[-97.4957,32.12804],[-97.48457,32.10952],[-97.47177,32.09714],[-97.46971,32.08892],[-97.49183,32.06146],[-97.49184,32.05778],[-97.48532,32.04184],[-97.48598,32.0183],[-97.4812,32.01311],[-97.47531,32.01024],[-97.44901,32.01235],[-97.44096,32.01514],[-97.43484,32.02578],[-97.42724,32.02913],[-97.42376,32.0245],[-97.42181,32.00424],[-97.41172,31.99555],[-97.4062,31.98812],[-97.40087,31.98619],[-97.3815,31.98567],[-97.37697,31.97839],[-97.38148,31.97118],[-97.39974,31.95662],[-97.42773,31.94185],[-97.43798,31.93426],[-97.4394,31.92987],[-97.4328,31.92496],[-97.422,31.92269],[-97.4102,31.9084],[-97.39693,31.9094],[-97.3599,31.89021],[-97.36017,31.88785],[-97.36523,31.88523],[-97.37864,31.8848],[-97.38305,31.88309],[-97.38542,31.87764],[-97.38382,31.87216],[-97.38178,31.87042],[-97.35493,31.86141],[-97.3376,31.85072],[-97.32945,31.842],[-97.32452,31.84211],[-97.3096,31.84771],[-97.2981,31.84708],[-97.2796,31.84162],[-97.27661,31.83233],[-97.2814,31.82381],[-97.29316,31.8164],[-97.30761,31.80139],[-97.32501,31.7918],[-97.32643,31.78952],[-97.32408,31.77921],[-97.30988,31.76141],[-97.27716,31.74543],[-97.60514,31.58764],[-97.68992,31.71113],[-97.76626,31.67236],[-98.00521,32.01801],[-97.86987,32.08473],[-97.63052,32.20673]]]]},"properties":{"fips":"48035","name":"Bosque","n":0,"mw":0.0,"first":null,"last":null,"hh":null,"projects":0}},{"type":"Feature","id":48073,"geometry":{"type":"MultiPolygon","coordinates":[[[[-94.9853,32.12139],[-94.98511,31.84614],[-94.93722,31.8456],[-94.93801,31.84396],[-94.93655,31.84263],[-94.93769,31.84163],[-94.93567,31.84222],[-94.9367,31.84022],[-94.93532,31.83795],[-94.93777,31.83864],[-94.93548,31.836],[-94.93693,31.83558],[-94.93466,31.83438],[-94.94069,31.82701],[-94.94185,31.82917],[-94.94523,31.82723],[-94.94559,31.82513],[-94.94692,31.82697],[-94.94814,31.82644],[-94.94235,31.81763],[-94.94578,31.81425],[-94.94669,31.80717],[-94.95116,31.80756],[-94.95115,31.80571],[-94.95413,31.80556],[-94.95237,31.80362],[-94.95341,31.80191],[-94.95165,31.80099],[-94.95574,31.80055],[-94.95316,31.79939],[-94.955,31.79814],[-94.9541,31.79691],[-94.95999,31.79565],[-94.96082,31.79735],[-94.96884,31.79527],[-94.97048,31.79694],[-94.97218,31.79496],[-94.97577,31.79522],[-94.97814,31.79357],[-94.97581,31.78769],[-94.97686,31.78725],[-94.9738,31.78324],[-94.97481,31.782],[-94.96287,31.78073],[-94.96132,31.77943],[-94.96193,31.77816],[-94.95848,31.77869],[-94.95108,31.76914],[-94.95148,31.77242],[-94.94918,31.77464],[-94.948,31.77155],[-94.94436,31.77367],[-94.9387,31.77224],[-94.93714,31.76925],[-94.93363,31.76822],[-94.93287,31.76645],[-94.9292,31.76641],[-94.92591,31.7603],[-94.93007,31.75517],[-94.93236,31.75452],[-94.93448,31.75625],[-94.93603,31.75508],[-94.93781,31.75659],[-94.94178,31.75333],[-94.94283,31.75489],[-94.94503,31.75222],[-94.95515,31.75481],[-94.961,31.75312],[-94.9641,31.75494],[-94.96632,31.75415],[-94.96562,31.75583],[-94.96686,31.75497],[-94.96662,31.75013],[-94.97013,31.74353],[-94.97014,31.74016],[-94.97232,31.73957],[-94.97271,31.73756],[-94.96765,31.73677],[-94.9666,31.73479],[-94.96511,31.73652],[-94.96227,31.73342],[-94.95836,31.72398],[-94.95438,31.72295],[-94.95887,31.71647],[-94.9627,31.71561],[-94.95977,31.70892],[-94.96138,31.70427],[-94.96395,31.70389],[-94.96006,31.69883],[-94.96561,31.6983],[-94.9652,31.6944],[-94.95931,31.68552],[-94.95709,31.68658],[-94.95519,31.68102],[-94.95188,31.68174],[-94.95279,31.68024],[-94.9507,31.67974],[-94.95339,31.67803],[-94.95283,31.67623],[-94.95446,31.67636],[-94.95304,31.67304],[-94.95707,31.67053],[-94.9547,31.66879],[-94.95222,31.67114],[-94.95085,31.66386],[-94.95218,31.65987],[-94.95102,31.65831],[-94.9493,31.65872],[-94.9504,31.65762],[-94.94817,31.65599],[-94.95031,31.65518],[-94.94863,31.65464],[-94.949,31.65276],[-94.95243,31.65214],[-94.94838,31.64843],[-94.95188,31.64708],[-94.9513,31.64269],[-94.95414,31.63974],[-94.95048,31.63991],[-94.94905,31.63648],[-94.94717,31.63811],[-94.94183,31.63849],[-94.94153,31.63198],[-94.93921,31.63042],[-94.94193,31.62925],[-94.9413,31.62717],[-94.93544,31.62102],[-94.93324,31.62154],[-94.93421,31.61878],[-94.93172,31.6187],[-94.93205,31.61597],[-94.92929,31.61289],[-94.93055,31.61189],[-94.9261,31.60976],[-94.92511,31.60377],[-94.92768,31.60266],[-94.92668,31.5988],[-94.92828,31.59844],[-94.92604,31.59763],[-94.92639,31.5936],[-94.92436,31.59233],[-94.92485,31.59048],[-94.91923,31.58721],[-94.92482,31.58293],[-94.92315,31.58172],[-94.92414,31.57947],[-94.91892,31.57255],[-94.9121,31.5691],[-94.89172,31.5779],[-94.8896,31.56612],[-94.89628,31.55525],[-94.89858,31.55553],[-94.90037,31.55235],[-94.89765,31.55318],[-94.89639,31.54963],[-94.89325,31.54967],[-94.89613,31.54571],[-94.89381,31.54124],[-94.88665,31.54232],[-94.88448,31.5408],[-94.88433,31.53781],[-94.88585,31.53699],[-94.88281,31.53626],[-94.88547,31.53487],[-94.88216,31.53214],[-94.88456,31.53235],[-94.88363,31.52934],[-94.87426,31.52827],[-94.87368,31.52667],[-94.87256,31.52897],[-94.87001,31.52898],[-94.87024,31.52682],[-94.86592,31.52693],[-95.00318,31.42594],[-95.00342,31.42794],[-95.00719,31.43133],[-95.00687,31.43368],[-95.01147,31.43627],[-95.01081,31.43838],[-95.0044,31.44023],[-95.00394,31.44191],[-95.00645,31.44325],[-95.00638,31.44509],[-95.01111,31.44488],[-95.01608,31.44677],[-95.01644,31.44506],[-95.02377,31.44262],[-95.03206,31.44558],[-95.03104,31.44331],[-95.03512,31.44338],[-95.03459,31.44478],[-95.03918,31.44669],[-95.04525,31.44501],[-95.04459,31.44635],[-95.05165,31.45303],[-95.05192,31.45855],[-95.05563,31.46023],[-95.05493,31.46209],[-95.0583,31.46366],[-95.05667,31.46487],[-95.0604,31.46799],[-95.06214,31.4675],[-95.06204,31.46933],[-95.06464,31.4712],[-95.0689,31.47021],[-95.06633,31.47015],[-95.06701,31.46662],[-95.07215,31.4635],[-95.0735,31.46384],[-95.07409,31.4669],[-95.07846,31.46752],[-95.08145,31.47025],[-95.08147,31.46804],[-95.08799,31.46612],[-95.09095,31.46688],[-95.09247,31.46944],[-95.10074,31.46847],[-95.10096,31.47119],[-95.09729,31.47588],[-95.09843,31.47686],[-95.09832,31.47466],[-95.10347,31.4744],[-95.10221,31.47535],[-95.10299,31.47906],[-95.10649,31.48068],[-95.10601,31.48309],[-95.11098,31.4839],[-95.10882,31.48609],[-95.10899,31.48937],[-95.10485,31.49207],[-95.10518,31.49477],[-95.10229,31.49385],[-95.10093,31.49602],[-95.09797,31.49351],[-95.09764,31.49831],[-95.09429,31.49897],[-95.09575,31.49934],[-95.09553,31.50126],[-95.09376,31.50345],[-95.09822,31.50441],[-95.09731,31.50595],[-95.10071,31.50889],[-95.10029,31.5107],[-95.09745,31.50889],[-95.0966,31.5098],[-95.09985,31.51177],[-95.09884,31.51502],[-95.10006,31.51899],[-95.10338,31.52351],[-95.10799,31.52293],[-95.11008,31.52435],[-95.10795,31.5262],[-95.12049,31.53288],[-95.12016,31.53469],[-95.12317,31.53439],[-95.12346,31.53109],[-95.12627,31.53437],[-95.12538,31.53741],[-95.12644,31.53852],[-95.12841,31.53774],[-95.13576,31.54047],[-95.14368,31.5398],[-95.14611,31.54295],[-95.14398,31.54218],[-95.14326,31.54462],[-95.14738,31.55346],[-95.1419,31.55779],[-95.13969,31.56292],[-95.143,31.56461],[-95.14397,31.5628],[-95.14764,31.5633],[-95.15103,31.56574],[-95.14973,31.56948],[-95.16158,31.57322],[-95.16233,31.57782],[-95.17078,31.58104],[-95.16855,31.5837],[-95.1767,31.58472],[-95.17934,31.58038],[-95.19212,31.57675],[-95.19271,31.57319],[-95.19432,31.57467],[-95.19826,31.57399],[-95.1978,31.57152],[-95.20269,31.57337],[-95.20834,31.57028],[-95.20946,31.57063],[-95.20889,31.57303],[-95.21065,31.5719],[-95.21161,31.57329],[-95.21825,31.57342],[-95.22621,31.57744],[-95.22774,31.57621],[-95.23138,31.57701],[-95.22811,31.57507],[-95.23058,31.57346],[-95.23976,31.57672],[-95.24118,31.57467],[-95.25172,31.57637],[-95.25482,31.57477],[-95.26055,31.57738],[-95.26216,31.58116],[-95.26922,31.5872],[-95.27005,31.59152],[-95.27321,31.59054],[-95.27333,31.59316],[-95.2753,31.59466],[-95.27317,31.59645],[-95.27301,31.59487],[-95.26963,31.59509],[-95.26784,31.60057],[-95.26216,31.60288],[-95.26277,31.60404],[-95.25885,31.61034],[-95.26085,31.60935],[-95.26055,31.61263],[-95.26296,31.61612],[-95.26213,31.61974],[-95.26403,31.62063],[-95.26529,31.62459],[-95.27117,31.62511],[-95.2754,31.62365],[-95.27573,31.62547],[-95.2819,31.62548],[-95.28769,31.63233],[-95.28276,31.63227],[-95.28167,31.63651],[-95.28194,31.6386],[-95.28553,31.64174],[-95.28351,31.64295],[-95.28682,31.64403],[-95.28618,31.64758],[-95.28458,31.64828],[-95.2855,31.64659],[-95.28265,31.6458],[-95.28266,31.6515],[-95.27901,31.65166],[-95.28118,31.65473],[-95.27849,31.65315],[-95.27576,31.65654],[-95.27812,31.66109],[-95.27802,31.65962],[-95.27952,31.65969],[-95.28122,31.66148],[-95.28033,31.66236],[-95.28376,31.66327],[-95.28195,31.66476],[-95.28519,31.66738],[-95.28549,31.67133],[-95.28241,31.67264],[-95.28317,31.67632],[-95.28589,31.67653],[-95.28833,31.67953],[-95.28741,31.68091],[-95.28994,31.68196],[-95.28965,31.68392],[-95.30399,31.6891],[-95.30459,31.69049],[-95.30148,31.69392],[-95.30611,31.69332],[-95.31174,31.69676],[-95.31131,31.70601],[-95.31688,31.7063],[-95.32582,31.70375],[-95.32412,31.70534],[-95.32571,31.70491],[-95.32857,31.70757],[-95.32447,31.71088],[-95.32789,31.71689],[-95.33231,31.7184],[-95.33154,31.71731],[-95.3349,31.71551],[-95.33243,31.71558],[-95.33175,31.71279],[-95.33418,31.71213],[-95.33772,31.71607],[-95.34229,31.71768],[-95.34199,31.72242],[-95.33985,31.72335],[-95.33935,31.72183],[-95.34077,31.72154],[-95.33968,31.72024],[-95.3353,31.72621],[-95.33701,31.72712],[-95.33269,31.72804],[-95.33327,31.73292],[-95.33557,31.73491],[-95.33832,31.73542],[-95.3407,31.73328],[-95.3416,31.7352],[-95.35391,31.73113],[-95.35532,31.72761],[-95.36049,31.72887],[-95.36659,31.72681],[-95.36603,31.72885],[-95.36857,31.72919],[-95.36689,31.73056],[-95.37079,31.73324],[-95.36865,31.73496],[-95.3726,31.73604],[-95.3665,31.73998],[-95.36437,31.73978],[-95.36494,31.73696],[-95.36289,31.73709],[-95.35905,31.74113],[-95.36254,31.74312],[-95.35999,31.74415],[-95.3585,31.74936],[-95.36093,31.74923],[-95.36293,31.75251],[-95.3731,31.7518],[-95.37374,31.75365],[-95.37692,31.75386],[-95.37728,31.7564],[-95.37951,31.75522],[-95.37959,31.75252],[-95.38124,31.75277],[-95.38168,31.75488],[-95.38361,31.75532],[-95.38391,31.7586],[-95.38528,31.75696],[-95.38789,31.75856],[-95.38921,31.75737],[-95.39467,31.76356],[-95.39937,31.7604],[-95.40226,31.76174],[-95.39976,31.76348],[-95.40114,31.76494],[-95.3995,31.76494],[-95.39999,31.76726],[-95.3965,31.76528],[-95.39803,31.76902],[-95.39652,31.7716],[-95.39854,31.77158],[-95.39771,31.77285],[-95.39945,31.7745],[-95.39729,31.77411],[-95.39795,31.77538],[-95.39486,31.78119],[-95.39637,31.7831],[-95.39404,31.78469],[-95.39475,31.79036],[-95.3963,31.79108],[-95.39519,31.79351],[-95.39909,31.79401],[-95.3974,31.79593],[-95.39926,31.79702],[-95.39823,31.79985],[-95.40105,31.80187],[-95.40349,31.80047],[-95.40415,31.80351],[-95.40218,31.8055],[-95.40402,31.80719],[-95.40244,31.80801],[-95.40463,31.80789],[-95.40496,31.81014],[-95.40003,31.81357],[-95.40141,31.81419],[-95.40077,31.81849],[-95.40278,31.81874],[-95.40373,31.82176],[-95.40833,31.82332],[-95.40812,31.82461],[-95.41247,31.82599],[-95.41068,31.82757],[-95.41193,31.83163],[-95.41019,31.83406],[-95.41275,31.83254],[-95.41268,31.83498],[-95.4169,31.83742],[-95.41699,31.8359],[-95.41843,31.8369],[-95.4203,31.83584],[-95.42616,31.84162],[-95.42729,31.84032],[-95.43048,31.8413],[-95.42928,31.83983],[-95.4303,31.83931],[-95.43778,31.84339],[-95.44099,31.84162],[-95.44326,31.84243],[-95.44262,31.84413],[-95.44687,31.84336],[-95.44413,31.84589],[-95.44615,31.84852],[-95.44413,31.85105],[-95.44581,31.8542],[-95.44428,31.85541],[-95.44539,31.85771],[-95.44324,31.85789],[-95.44227,31.86246],[-95.43496,31.86682],[-95.43673,31.8702],[-95.43839,31.87035],[-95.43763,31.87185],[-95.43943,31.87181],[-95.43752,31.87439],[-95.43893,31.87613],[-95.4344,31.87341],[-95.43392,31.87664],[-95.432,31.87655],[-95.43309,31.87855],[-95.43097,31.88004],[-95.43322,31.88778],[-95.43114,31.89246],[-95.43688,31.89434],[-95.43669,31.89594],[-95.43469,31.89559],[-95.43503,31.89744],[-95.43752,31.89766],[-95.43756,31.90168],[-95.43181,31.90311],[-95.42912,31.90134],[-95.43061,31.90434],[-95.42835,31.9058],[-95.43182,31.91356],[-95.42903,31.91292],[-95.42981,31.91582],[-95.42643,31.91645],[-95.42662,31.91956],[-95.42436,31.91919],[-95.42413,31.92238],[-95.42254,31.92478],[-95.42059,31.92438],[-95.42023,31.92623],[-95.42318,31.92677],[-95.42424,31.93226],[-95.42688,31.93158],[-95.43312,31.9341],[-95.44595,31.94619],[-95.44851,31.95178],[-95.44806,31.95486],[-95.44981,31.95446],[-95.4537,31.96051],[-95.45099,31.96388],[-95.44852,31.96168],[-95.44591,31.96375],[-95.4441,31.96311],[-95.44375,31.96697],[-95.44745,31.96887],[-95.45005,31.96826],[-95.45145,31.97131],[-95.45042,31.97437],[-95.4528,31.97705],[-95.44842,31.98508],[-95.45064,31.98743],[-95.44914,31.99254],[-95.44585,31.99476],[-95.44626,31.99922],[-95.44153,32.00414],[-95.43849,32.00321],[-95.43567,32.00493],[-95.43398,32.00885],[-95.42991,32.00623],[-95.42673,32.01298],[-95.42818,32.01536],[-95.42425,32.0191],[-95.43225,32.03062],[-95.43831,32.0321],[-95.43825,32.03556],[-95.43548,32.03809],[-95.43557,32.04007],[-95.42586,32.03931],[-95.42596,32.04178],[-95.42255,32.04208],[-95.42168,32.048],[-95.42763,32.05187],[-95.43035,32.05014],[-95.43552,32.05303],[-95.4369,32.05766],[-95.43285,32.05897],[-95.43226,32.06111],[-95.43851,32.06604],[-95.43746,32.06884],[-95.43142,32.07149],[-95.43158,32.07412],[-95.42952,32.07691],[-95.42605,32.07698],[-95.42399,32.08357],[-95.42884,32.08499],[-95.42912,32.09044],[-95.43207,32.09426],[-95.43679,32.09661],[-95.43965,32.09574],[-95.44143,32.09898],[-95.44355,32.09889],[-95.44254,32.1021],[-95.44573,32.10411],[-95.44713,32.10741],[-95.45193,32.10752],[-95.45483,32.11224],[-95.45748,32.11267],[-95.45741,32.11593],[-95.46012,32.11886],[-95.4593,32.12209],[-95.46146,32.12399],[-95.46206,32.12951],[-95.46055,32.13118],[-95.46207,32.13406],[-95.46081,32.13555],[-94.98541,32.13804],[-94.9853,32.12139]]]]},"properties":{"fips":"48073","name":"Cherokee","n":0,"mw":0.0,"first":null,"last":null,"hh":null,"projects":0}},{"type":"Feature","id":48425,"geometry":{"type":"MultiPolygon","coordinates":[[[[-97.61561,32.28985],[-97.61509,32.2035],[-97.62586,32.20395],[-97.63085,32.20704],[-97.86489,32.0873],[-97.94067,32.22195],[-97.9457,32.23341],[-97.78279,32.31648],[-97.61573,32.31874],[-97.61561,32.28985]]]]},"properties":{"fips":"48425","name":"Somervell","n":0,"mw":0.0,"first":null,"last":null,"hh":null,"projects":0}},{"type":"Feature","id":48213,"geometry":{"type":"MultiPolygon","coordinates":[[[[-96.37859,32.35882],[-96.24975,32.35863],[-96.24962,32.35489],[-96.23133,32.35471],[-96.19579,32.35498],[-96.1958,32.35815],[-95.449,32.35505],[-95.44753,32.34726],[-95.45495,32.34511],[-95.45289,32.34323],[-95.45457,32.33778],[-95.45307,32.33456],[-95.45882,32.32853],[-95.45578,32.32524],[-95.45413,32.31983],[-95.45684,32.31702],[-95.45412,32.31706],[-95.45076,32.3145],[-95.45586,32.31147],[-95.45369,32.30871],[-95.45403,32.30578],[-95.44876,32.3003],[-95.44699,32.29591],[-95.45164,32.29495],[-95.45208,32.28588],[-95.45783,32.27301],[-95.46936,32.26301],[-95.46875,32.24916],[-95.46648,32.24692],[-95.47575,32.24255],[-95.48107,32.2419],[-95.48235,32.23795],[-95.48069,32.23675],[-95.48631,32.23698],[-95.48605,32.23416],[-95.48772,32.23272],[-95.48634,32.23217],[-95.48456,32.22392],[-95.47759,32.21797],[-95.47983,32.21605],[-95.4791,32.21372],[-95.47458,32.21105],[-95.46891,32.21241],[-95.46894,32.20914],[-95.46696,32.20657],[-95.46986,32.20577],[-95.46978,32.20448],[-95.46479,32.20446],[-95.46148,32.2007],[-95.46396,32.19808],[-95.46225,32.1955],[-95.46484,32.1929],[-95.46337,32.19095],[-95.46759,32.19065],[-95.46731,32.18747],[-95.46373,32.18531],[-95.46449,32.18366],[-95.46096,32.1839],[-95.46111,32.18244],[-95.4629,32.17971],[-95.46464,32.18039],[-95.46571,32.17876],[-95.4683,32.1806],[-95.47055,32.17864],[-95.46907,32.17455],[-95.47103,32.173],[-95.46974,32.1711],[-95.4718,32.16949],[-95.47085,32.16804],[-95.47264,32.1667],[-95.47414,32.16778],[-95.47314,32.16561],[-95.47883,32.15972],[-95.47735,32.1575],[-95.48003,32.15266],[-95.47898,32.14768],[-95.47691,32.14547],[-95.46894,32.14374],[-95.46044,32.13675],[-95.46207,32.13406],[-95.46055,32.13118],[-95.46206,32.12951],[-95.46146,32.12399],[-95.4593,32.12209],[-95.46012,32.11886],[-95.45741,32.11593],[-95.45748,32.11267],[-95.45483,32.11224],[-95.45193,32.10752],[-95.44713,32.10741],[-95.44573,32.10411],[-95.44254,32.1021],[-95.44355,32.09889],[-95.44143,32.09898],[-95.44064,32.09633],[-95.43679,32.09661],[-95.43195,32.09416],[-95.42912,32.09044],[-95.42839,32.08452],[-95.77746,32.03883],[-96.05279,32.00584],[-96.05529,32.01479],[-96.05072,32.01715],[-96.05785,32.02073],[-96.06247,32.02598],[-96.06343,32.03346],[-96.06606,32.03676],[-96.06469,32.04507],[-96.06625,32.0486],[-96.06405,32.05137],[-96.06688,32.05963],[-96.06249,32.06274],[-96.06389,32.06496],[-96.06867,32.06645],[-96.06693,32.07146],[-96.07027,32.07457],[-96.06875,32.07714],[-96.0627,32.07732],[-96.06556,32.08541],[-96.06758,32.08603],[-96.08227,32.08127],[-96.09929,32.08153],[-96.10052,32.07734],[-96.10634,32.07535],[-96.10904,32.07665],[-96.10808,32.08352],[-96.11087,32.0891],[-96.1177,32.09455],[-96.11721,32.10404],[-96.11156,32.11599],[-96.11417,32.11954],[-96.11459,32.12683],[-96.11173,32.13155],[-96.10594,32.1352],[-96.1027,32.14131],[-96.10241,32.14945],[-96.10427,32.15228],[-96.11275,32.15685],[-96.11406,32.16094],[-96.11777,32.15979],[-96.1215,32.15621],[-96.13899,32.15122],[-96.14077,32.15315],[-96.14532,32.1526],[-96.15237,32.15835],[-96.15972,32.15475],[-96.16677,32.15825],[-96.16555,32.16274],[-96.16682,32.16646],[-96.17199,32.16866],[-96.17594,32.16832],[-96.173,32.17085],[-96.17543,32.17405],[-96.17689,32.17949],[-96.17596,32.18184],[-96.1714,32.18509],[-96.16656,32.1829],[-96.16789,32.18709],[-96.16395,32.18739],[-96.16483,32.18905],[-96.16334,32.19041],[-96.15795,32.1911],[-96.15599,32.19517],[-96.15745,32.19746],[-96.15562,32.20034],[-96.16055,32.20097],[-96.16047,32.20394],[-96.15768,32.20571],[-96.1479,32.20695],[-96.14664,32.21181],[-96.15016,32.21406],[-96.15604,32.21487],[-96.16661,32.21027],[-96.17073,32.20686],[-96.17531,32.20648],[-96.17565,32.20385],[-96.18118,32.20455],[-96.18368,32.20175],[-96.19154,32.20288],[-96.19717,32.20729],[-96.1972,32.20957],[-96.19425,32.2113],[-96.19653,32.21329],[-96.19384,32.21608],[-96.19632,32.21978],[-96.19769,32.21974],[-96.19774,32.21507],[-96.2011,32.21429],[-96.20394,32.2148],[-96.20439,32.21814],[-96.20914,32.2187],[-96.20983,32.22028],[-96.20812,32.22191],[-96.21084,32.22618],[-96.21613,32.22451],[-96.21569,32.22833],[-96.21751,32.2335],[-96.22115,32.233],[-96.22986,32.23669],[-96.22374,32.2406],[-96.22738,32.24095],[-96.23034,32.23888],[-96.23627,32.24235],[-96.23298,32.24376],[-96.23504,32.25073],[-96.25404,32.25066],[-96.25533,32.24919],[-96.25113,32.24681],[-96.25694,32.24509],[-96.25994,32.25142],[-96.2619,32.24956],[-96.26478,32.25243],[-96.26784,32.25916],[-96.27254,32.25551],[-96.273,32.25249],[-96.27643,32.25535],[-96.2778,32.26052],[-96.28234,32.25772],[-96.28078,32.25398],[-96.28528,32.2547],[-96.28469,32.26501],[-96.29016,32.26885],[-96.28816,32.27131],[-96.28464,32.27195],[-96.28377,32.27904],[-96.2885,32.28734],[-96.29377,32.28996],[-96.28898,32.29321],[-96.30035,32.2942],[-96.29672,32.29785],[-96.29897,32.30111],[-96.30367,32.29743],[-96.30451,32.30197],[-96.30731,32.30086],[-96.30739,32.29871],[-96.31005,32.29823],[-96.31118,32.29895],[-96.30961,32.30009],[-96.312,32.30274],[-96.31622,32.30021],[-96.31749,32.30115],[-96.31593,32.30301],[-96.3234,32.30615],[-96.32423,32.30314],[-96.33082,32.30339],[-96.33943,32.30626],[-96.33946,32.30849],[-96.34485,32.30879],[-96.34579,32.30978],[-96.34385,32.31067],[-96.34545,32.3128],[-96.34889,32.31342],[-96.35375,32.3117],[-96.35772,32.31592],[-96.36471,32.31639],[-96.37532,32.32512],[-96.38256,32.32846],[-96.38559,32.3323],[-96.39141,32.33361],[-96.40056,32.32879],[-96.40738,32.328],[-96.41146,32.33251],[-96.41667,32.33341],[-96.41734,32.33538],[-96.42029,32.33496],[-96.41982,32.33302],[-96.42144,32.33242],[-96.42621,32.33601],[-96.42639,32.33431],[-96.4307,32.33264],[-96.43046,32.33922],[-96.43308,32.339],[-96.43403,32.34116],[-96.43667,32.34157],[-96.43622,32.34502],[-96.43758,32.34599],[-96.44118,32.34398],[-96.44225,32.34662],[-96.44344,32.34523],[-96.45131,32.34464],[-96.45469,32.35272],[-96.44974,32.35101],[-96.44849,32.35428],[-96.45357,32.35729],[-96.45235,32.35909],[-96.37859,32.35882]]]]},"properties":{"fips":"48213","name":"Henderson","n":0,"mw":0.0,"first":null,"last":null,"hh":null,"projects":0}},{"type":"Feature","id":48401,"geometry":{"type":"MultiPolygon","coordinates":[[[[-94.55372,32.40757],[-94.55064,32.40687],[-94.55057,32.40314],[-94.54556,32.40296],[-94.54181,32.39946],[-94.53231,32.40339],[-94.52602,32.40237],[-94.52767,32.40002],[-94.52467,32.39744],[-94.52756,32.39694],[-94.52738,32.39368],[-94.52481,32.39277],[-94.52386,32.39499],[-94.52157,32.39494],[-94.52103,32.39152],[-94.51748,32.39074],[-94.51829,32.38869],[-94.51557,32.38726],[-94.51043,32.39107],[-94.50852,32.39091],[-94.50854,32.38884],[-94.50689,32.38918],[-94.50729,32.39439],[-94.50194,32.39783],[-94.4983,32.3976],[-94.49802,32.39455],[-94.4918,32.39413],[-94.4922,32.353],[-94.49518,32.35037],[-94.49528,32.34678],[-94.4994,32.34338],[-94.50209,32.33145],[-94.52428,32.29544],[-94.5263,32.28947],[-94.52541,32.28281],[-94.52664,32.27803],[-94.53194,32.27072],[-94.55616,32.25027],[-94.56487,32.23059],[-94.57691,32.21113],[-94.58009,32.20315],[-94.58027,32.17291],[-94.58251,32.14964],[-94.58885,32.13677],[-94.58876,32.12608],[-94.59512,32.11068],[-94.60173,32.07973],[-94.60009,31.97321],[-94.51129,31.97378],[-94.51122,31.92407],[-94.50443,31.92038],[-94.50344,31.91461],[-94.50176,31.91593],[-94.50093,31.91394],[-94.49833,31.91497],[-94.49977,31.91322],[-94.49351,31.90976],[-94.49152,31.91091],[-94.4918,31.90734],[-94.49031,31.90761],[-94.48752,31.90377],[-94.48375,31.90424],[-94.48326,31.90239],[-94.48058,31.9022],[-94.48214,31.90086],[-94.48154,31.89815],[-94.47979,31.89902],[-94.4789,31.89761],[-94.48006,31.89346],[-94.47547,31.88955],[-94.47779,31.88647],[-94.47299,31.8838],[-94.47372,31.88235],[-94.46988,31.88152],[-94.46945,31.87932],[-94.46616,31.87926],[-94.46553,31.87604],[-94.46223,31.87219],[-94.46286,31.86903],[-94.46004,31.86488],[-94.46106,31.8634],[-94.45918,31.86332],[-94.46115,31.86266],[-94.45972,31.86072],[-94.46359,31.85934],[-94.46252,31.85865],[-94.46423,31.85833],[-94.46407,31.85682],[-94.46065,31.85245],[-94.45714,31.85244],[-94.45812,31.85049],[-94.45636,31.85076],[-94.45637,31.84813],[-94.45368,31.84913],[-94.45243,31.84414],[-94.75083,31.84379],[-94.98511,31.84614],[-94.98587,32.36968],[-94.74935,32.37133],[-94.66558,32.37104],[-94.65162,32.36869],[-94.64,32.37123],[-94.62759,32.36597],[-94.60627,32.36023],[-94.6009,32.36011],[-94.59442,32.36632],[-94.59205,32.36589],[-94.57944,32.3949],[-94.56453,32.39956],[-94.5564,32.40725],[-94.55372,32.40757]]]]},"properties":{"fips":"48401","name":"Rusk","n":0,"mw":0.0,"first":null,"last":null,"hh":null,"projects":0}},{"type":"Feature","id":48365,"geometry":{"type":"MultiPolygon","coordinates":[[[[-94.04288,32.36067],[-94.04272,32.00014],[-94.04105,31.99646],[-94.04236,31.99376],[-94.03853,31.99237],[-94.03356,31.99539],[-94.03122,31.99467],[-94.02834,31.99622],[-94.02276,31.9903],[-94.01795,31.99249],[-94.01889,31.98973],[-94.01567,31.97976],[-94.60009,31.97321],[-94.60173,32.07973],[-94.59512,32.11068],[-94.58876,32.12608],[-94.58885,32.13677],[-94.58251,32.14964],[-94.58027,32.17291],[-94.58021,32.2027],[-94.57691,32.21113],[-94.56487,32.23059],[-94.55616,32.25027],[-94.53194,32.27072],[-94.52643,32.27842],[-94.5263,32.28947],[-94.52428,32.29544],[-94.50209,32.33145],[-94.4994,32.34338],[-94.49528,32.34678],[-94.49518,32.35037],[-94.4922,32.353],[-94.4918,32.39413],[-94.48375,32.38965],[-94.48068,32.39074],[-94.47875,32.38979],[-94.47854,32.38599],[-94.47552,32.38428],[-94.47401,32.38086],[-94.47496,32.37984],[-94.47671,32.38135],[-94.47719,32.37874],[-94.4645,32.37716],[-94.46337,32.3725],[-94.45669,32.36923],[-94.44703,32.37207],[-94.44592,32.36979],[-94.44709,32.36745],[-94.44167,32.36486],[-94.43981,32.36176],[-94.4301,32.36227],[-94.42838,32.36672],[-94.42227,32.36952],[-94.42107,32.36567],[-94.4173,32.3647],[-94.41718,32.3685],[-94.40927,32.36766],[-94.41198,32.37009],[-94.41019,32.37166],[-94.40848,32.36953],[-94.40194,32.36907],[-94.39951,32.36652],[-94.39526,32.36863],[-94.38987,32.36839],[-94.38953,32.36507],[-94.38643,32.36698],[-94.38371,32.36629],[-94.38305,32.35557],[-94.37945,32.34903],[-94.38356,32.34783],[-94.38245,32.34519],[-94.37879,32.34226],[-94.37227,32.34102],[-94.37242,32.34547],[-94.36791,32.34625],[-94.36624,32.34204],[-94.36112,32.34016],[-94.36056,32.33604],[-94.35732,32.33493],[-94.35564,32.33174],[-94.35749,32.32944],[-94.3547,32.32938],[-94.35103,32.32664],[-94.3495,32.32734],[-94.35011,32.33004],[-94.3486,32.33237],[-94.34754,32.33083],[-94.04292,32.39229],[-94.04288,32.36067]]]]},"properties":{"fips":"48365","name":"Panola","n":0,"mw":0.0,"first":null,"last":null,"hh":null,"projects":0}},{"type":"Feature","id":48397,"geometry":{"type":"MultiPolygon","coordinates":[[[[-96.29742,32.9743],[-96.2975,32.81417],[-96.51902,32.81392],[-96.51689,32.98244],[-96.29743,32.9815],[-96.29742,32.9743]]]]},"properties":{"fips":"48397","name":"Rockwall","n":0,"mw":0.0,"first":null,"last":null,"hh":null,"projects":0}},{"type":"Feature","id":48379,"geometry":{"type":"MultiPolygon","coordinates":[[[[-95.66634,32.96785],[-95.63498,32.72064],[-95.63693,32.72462],[-95.63928,32.72455],[-95.64122,32.71806],[-95.64237,32.71911],[-95.64656,32.71789],[-95.6484,32.71938],[-95.65229,32.71611],[-95.65209,32.71399],[-95.65463,32.71301],[-95.65714,32.71411],[-95.65921,32.7115],[-95.66266,32.71183],[-95.66159,32.71363],[-95.66442,32.71563],[-95.6681,32.71345],[-95.66784,32.71616],[-95.67367,32.71885],[-95.67157,32.72225],[-95.67676,32.72335],[-95.67771,32.72782],[-95.6883,32.72841],[-95.68891,32.72965],[-95.68702,32.73069],[-95.68939,32.73068],[-95.69031,32.73634],[-95.70174,32.73787],[-95.70238,32.74235],[-95.70827,32.74289],[-95.70988,32.74535],[-95.71589,32.74382],[-95.72352,32.74798],[-95.72609,32.7473],[-95.73167,32.74939],[-95.7314,32.74732],[-95.73354,32.74634],[-95.73617,32.75099],[-95.73325,32.75252],[-95.73912,32.75666],[-95.74045,32.75454],[-95.74456,32.75549],[-95.74683,32.75389],[-95.75399,32.7579],[-95.75619,32.75648],[-95.7549,32.75468],[-95.75598,32.75413],[-95.76098,32.75844],[-95.76275,32.75571],[-95.76434,32.75929],[-95.76128,32.76216],[-95.76505,32.76433],[-95.76289,32.76566],[-95.76324,32.76813],[-95.76121,32.76993],[-95.76467,32.77],[-95.76546,32.77172],[-95.77259,32.77284],[-95.77287,32.77088],[-95.77469,32.77209],[-95.7756,32.77084],[-95.77905,32.77384],[-95.78013,32.77328],[-95.77891,32.77087],[-95.78238,32.77235],[-95.78432,32.77011],[-95.78671,32.77344],[-95.79095,32.77234],[-95.79166,32.77334],[-95.78978,32.77454],[-95.79536,32.77593],[-95.79511,32.77318],[-95.79729,32.77255],[-95.8017,32.7741],[-95.80459,32.77138],[-95.8077,32.77378],[-95.80766,32.76811],[-95.81603,32.76549],[-95.8167,32.76674],[-95.81311,32.76721],[-95.81442,32.77099],[-95.81725,32.76818],[-95.81902,32.76998],[-95.82047,32.76731],[-95.82237,32.76872],[-95.82914,32.76683],[-95.83114,32.77038],[-95.83467,32.77031],[-95.83541,32.77188],[-95.84383,32.76913],[-95.84486,32.77035],[-95.84733,32.76968],[-95.84863,32.77151],[-95.85074,32.77082],[-95.85256,32.77207],[-95.8523,32.77436],[-95.85658,32.77633],[-95.85519,32.77868],[-95.86349,32.77685],[-95.86532,32.78232],[-95.86986,32.78343],[-95.87273,32.78596],[-95.87267,32.78831],[-95.87547,32.78719],[-95.87526,32.78944],[-95.87844,32.78775],[-95.87759,32.79117],[-95.87926,32.79144],[-95.87998,32.78951],[-95.88901,32.79451],[-95.89102,32.79882],[-95.89331,32.79844],[-95.89256,32.80049],[-95.89486,32.79921],[-95.89368,32.80247],[-95.89482,32.80366],[-95.89608,32.80217],[-95.89942,32.80217],[-95.90688,32.80685],[-95.90466,32.80856],[-95.90632,32.8104],[-95.91596,32.81102],[-95.91664,32.81352],[-95.92235,32.81565],[-95.92156,32.81805],[-95.92454,32.81845],[-95.92215,32.82097],[-95.92749,32.82255],[-95.92637,32.82514],[-95.92762,32.82701],[-95.92546,32.82721],[-95.92566,32.82934],[-95.93524,32.83795],[-95.93478,32.84009],[-95.93711,32.84081],[-95.93786,32.84281],[-95.94113,32.84086],[-95.9412,32.84277],[-95.9432,32.84149],[-95.94386,32.84518],[-95.94715,32.84491],[-95.94644,32.84362],[-95.94904,32.84237],[-95.95015,32.84527],[-95.95654,32.84504],[-95.95861,32.85056],[-95.96856,32.85601],[-95.96792,32.85778],[-95.97082,32.85837],[-95.97107,32.86053],[-95.97435,32.86185],[-95.98018,32.86697],[-95.97995,32.8686],[-95.98661,32.87314],[-95.98657,32.88004],[-95.98298,32.88165],[-95.98309,32.88543],[-95.97809,32.88619],[-95.97637,32.89177],[-95.97767,32.89338],[-95.97281,32.89832],[-95.97379,32.89994],[-95.97225,32.90067],[-95.94535,32.97981],[-95.66767,32.97824],[-95.66634,32.96785]]]]},"properties":{"fips":"48379","name":"Rains","n":0,"mw":0.0,"first":null,"last":null,"hh":null,"projects":0}},{"type":"Feature","id":48499,"geometry":{"type":"MultiPolygon","coordinates":[[[[-95.1525,33.00297],[-95.15335,32.57029],[-95.1583,32.56662],[-95.16247,32.55462],[-95.15967,32.55053],[-95.16575,32.54417],[-95.16807,32.54425],[-95.17554,32.55551],[-95.17825,32.54986],[-95.18183,32.547],[-95.18134,32.54181],[-95.18996,32.54237],[-95.18898,32.54649],[-95.20662,32.55831],[-95.2069,32.55978],[-95.20215,32.56429],[-95.20299,32.56653],[-95.20544,32.56735],[-95.20323,32.56822],[-95.20506,32.57231],[-95.2082,32.56883],[-95.21484,32.56889],[-95.21529,32.56553],[-95.21866,32.5633],[-95.22316,32.56606],[-95.22381,32.56372],[-95.22814,32.56033],[-95.23835,32.56077],[-95.24462,32.56743],[-95.24268,32.56887],[-95.24626,32.56966],[-95.24486,32.5719],[-95.24798,32.57378],[-95.24747,32.57569],[-95.25065,32.57787],[-95.25549,32.57802],[-95.25449,32.57549],[-95.26374,32.57515],[-95.26611,32.57254],[-95.2739,32.57398],[-95.27821,32.57179],[-95.28143,32.58018],[-95.2905,32.58116],[-95.28994,32.58535],[-95.29505,32.58518],[-95.29432,32.58661],[-95.29722,32.58692],[-95.29675,32.58952],[-95.29956,32.58931],[-95.29726,32.59066],[-95.29807,32.59165],[-95.3017,32.59049],[-95.30351,32.59247],[-95.30605,32.59232],[-95.30535,32.59484],[-95.30728,32.59683],[-95.31054,32.59504],[-95.31047,32.59338],[-95.31302,32.59353],[-95.31425,32.596],[-95.31931,32.59591],[-95.32549,32.60149],[-95.32707,32.60006],[-95.33156,32.6057],[-95.33562,32.60405],[-95.33765,32.6056],[-95.3372,32.60382],[-95.33871,32.60327],[-95.34075,32.60607],[-95.34119,32.6042],[-95.34427,32.60399],[-95.34604,32.60918],[-95.34761,32.60538],[-95.35066,32.60762],[-95.35149,32.60537],[-95.35411,32.60575],[-95.35822,32.60829],[-95.3619,32.60687],[-95.36393,32.60367],[-95.37058,32.6049],[-95.37472,32.60304],[-95.37539,32.59748],[-95.37886,32.59931],[-95.38205,32.59844],[-95.382,32.6016],[-95.38395,32.60216],[-95.38977,32.59891],[-95.39129,32.60122],[-95.39664,32.60177],[-95.39596,32.60449],[-95.39934,32.60633],[-95.40026,32.60459],[-95.40229,32.60623],[-95.40189,32.60346],[-95.40569,32.60403],[-95.40443,32.60676],[-95.40882,32.6046],[-95.41326,32.60713],[-95.4192,32.60529],[-95.41898,32.60895],[-95.4226,32.60903],[-95.42518,32.60718],[-95.42871,32.61021],[-95.42888,32.60692],[-95.43185,32.60588],[-95.43303,32.60824],[-95.43532,32.60685],[-95.4371,32.60914],[-95.43556,32.61233],[-95.43759,32.61212],[-95.43816,32.61034],[-95.44399,32.61157],[-95.44356,32.6126],[-95.44636,32.61372],[-95.44599,32.60882],[-95.44294,32.60786],[-95.44724,32.60635],[-95.45039,32.60776],[-95.4502,32.60641],[-95.45477,32.60609],[-95.45715,32.60751],[-95.45951,32.60583],[-95.45969,32.6091],[-95.46158,32.60961],[-95.46284,32.60913],[-95.46239,32.60743],[-95.46568,32.60874],[-95.46588,32.60639],[-95.467,32.60731],[-95.46945,32.60577],[-95.47023,32.60748],[-95.46748,32.6087],[-95.47018,32.60947],[-95.47494,32.6062],[-95.47581,32.61126],[-95.47743,32.61001],[-95.47958,32.6126],[-95.48438,32.61215],[-95.48376,32.61426],[-95.48624,32.61286],[-95.49045,32.61431],[-95.49176,32.61602],[-95.49093,32.61746],[-95.49411,32.61878],[-95.50172,32.62021],[-95.50553,32.61896],[-95.50794,32.62088],[-95.511,32.62032],[-95.51294,32.62321],[-95.51487,32.62286],[-95.51557,32.62585],[-95.5108,32.62701],[-95.5139,32.63063],[-95.51178,32.63278],[-95.51764,32.63368],[-95.51848,32.63744],[-95.52089,32.63847],[-95.51975,32.64006],[-95.52452,32.64381],[-95.52802,32.64404],[-95.53067,32.64755],[-95.53337,32.64599],[-95.54215,32.64681],[-95.5438,32.65101],[-95.54065,32.65093],[-95.54217,32.65493],[-95.55348,32.66086],[-95.55441,32.65867],[-95.55573,32.66103],[-95.56074,32.66237],[-95.56155,32.66538],[-95.56509,32.66487],[-95.56316,32.66695],[-95.56757,32.67091],[-95.56735,32.67355],[-95.57148,32.67277],[-95.57112,32.67596],[-95.58191,32.67377],[-95.58417,32.67637],[-95.58305,32.67776],[-95.58479,32.6792],[-95.58435,32.68185],[-95.58936,32.68349],[-95.59241,32.68267],[-95.59414,32.68444],[-95.59297,32.68652],[-95.59511,32.68736],[-95.59265,32.68808],[-95.59503,32.69036],[-95.59329,32.69347],[-95.59466,32.69429],[-95.59533,32.69245],[-95.59714,32.69315],[-95.59664,32.69513],[-95.59985,32.69445],[-95.60067,32.69683],[-95.60396,32.69634],[-95.60286,32.69904],[-95.60466,32.69923],[-95.60506,32.70489],[-95.60755,32.70376],[-95.6081,32.70495],[-95.61373,32.70545],[-95.61589,32.70819],[-95.61817,32.70767],[-95.62109,32.71028],[-95.62078,32.70822],[-95.62553,32.70838],[-95.62736,32.70987],[-95.62673,32.71379],[-95.62904,32.71649],[-95.63453,32.71659],[-95.66535,32.9604],[-95.3089,32.96257],[-95.17305,32.96184],[-95.17268,32.96331],[-95.17592,32.96474],[-95.17368,32.96719],[-95.17397,32.96895],[-95.17165,32.97254],[-95.16495,32.97523],[-95.16186,32.98176],[-95.16378,32.98434],[-95.16178,32.98656],[-95.16385,32.98875],[-95.16149,32.98941],[-95.16221,32.99411],[-95.15779,32.99457],[-95.15861,32.99711],[-95.15624,33.0013],[-95.1525,33.00297]]]]},"properties":{"fips":"48499","name":"Wood","n":0,"mw":0.0,"first":null,"last":null,"hh":null,"projects":0}},{"type":"Feature","id":48063,"geometry":{"type":"MultiPolygon","coordinates":[[[[-94.97947,33.07715],[-94.97788,33.07707],[-94.97713,33.07409],[-94.97257,33.07192],[-94.97014,33.07333],[-94.95948,33.07225],[-94.94785,33.0748],[-94.94624,33.07341],[-94.94551,33.07485],[-94.9432,33.07439],[-94.94142,33.07273],[-94.94094,33.07477],[-94.93588,33.07383],[-94.93049,33.0698],[-94.92725,33.0706],[-94.92687,33.06721],[-94.92402,33.06738],[-94.92639,33.06404],[-94.926,33.06228],[-94.92275,33.06227],[-94.92481,33.06003],[-94.92229,33.05757],[-94.92419,33.05675],[-94.92114,33.05505],[-94.92162,33.05078],[-94.91897,33.04796],[-94.91651,33.04798],[-94.91764,33.04594],[-94.91432,33.04452],[-94.90893,33.04539],[-94.90219,33.04174],[-94.90015,33.03741],[-94.89578,33.03604],[-94.89364,33.03049],[-94.88867,33.03031],[-94.89071,33.02543],[-94.87972,33.01913],[-94.87697,33.01954],[-94.87575,33.01564],[-94.87212,33.01402],[-94.86477,33.01526],[-94.86384,33.01368],[-94.85901,33.01362],[-94.85774,33.01203],[-94.85957,33.01134],[-94.85901,33.00826],[-94.86273,33.0062],[-94.85986,33.0057],[-94.85942,33.00352],[-94.8566,33.00399],[-94.85813,33.00183],[-94.85408,33.00356],[-94.84813,32.99662],[-94.84565,32.99551],[-94.84279,32.99685],[-94.84041,32.99369],[-94.83468,32.99081],[-94.83512,32.98919],[-94.83276,32.98723],[-94.82998,32.98907],[-94.83005,32.98691],[-94.82786,32.98555],[-94.82917,32.98472],[-94.82852,32.98323],[-94.82576,32.98563],[-94.81567,32.98086],[-94.81845,32.9777],[-94.81508,32.9776],[-94.81527,32.97585],[-94.81243,32.97632],[-94.81248,32.97406],[-94.80958,32.97161],[-94.80423,32.97161],[-94.8048,32.96956],[-94.80263,32.96545],[-94.79867,32.96492],[-94.7974,32.96162],[-94.79408,32.96154],[-94.79389,32.96305],[-94.79291,32.96134],[-94.79024,32.96224],[-94.78956,32.95985],[-94.78652,32.95948],[-94.78742,32.95813],[-94.78467,32.95712],[-94.78796,32.95676],[-94.78574,32.95453],[-94.78655,32.95283],[-94.78258,32.9513],[-94.78132,32.94741],[-94.77923,32.94733],[-94.7799,32.9462],[-94.77648,32.94629],[-94.77633,32.94429],[-94.77395,32.94385],[-94.77326,32.9406],[-94.77579,32.94082],[-94.77379,32.93906],[-94.77639,32.93804],[-94.77536,32.93439],[-94.77199,32.93448],[-94.77108,32.92729],[-94.75871,32.92133],[-94.75596,32.91855],[-94.75156,32.9179],[-94.75073,32.91941],[-94.75225,32.91982],[-94.74934,32.92143],[-94.74762,32.91865],[-94.74139,32.9192],[-94.73774,32.91781],[-94.73791,32.91611],[-94.73554,32.91583],[-94.73683,32.91507],[-94.73571,32.91406],[-94.73656,32.91247],[-94.72693,32.91329],[-94.72355,32.90632],[-94.722,32.90671],[-94.71994,32.90445],[-94.87508,32.90262],[-95.15216,32.90253],[-95.15233,33.00261],[-95.15099,33.00615],[-95.15459,33.00907],[-95.15355,33.01238],[-95.14759,33.01705],[-95.14722,33.02098],[-95.13861,33.0263],[-95.13719,33.03086],[-95.13103,33.02994],[-95.12901,33.03142],[-95.13033,33.03243],[-95.12656,33.03501],[-95.1159,33.03448],[-95.11302,33.03245],[-95.11522,33.03181],[-95.11368,33.03042],[-95.11259,33.0316],[-95.10978,33.03089],[-95.10928,33.03288],[-95.10804,33.0315],[-95.10724,33.03331],[-95.10604,33.03217],[-95.10509,33.03359],[-95.10312,33.03287],[-95.10188,33.03585],[-95.10033,33.03454],[-95.09911,33.03636],[-95.09862,33.03479],[-95.09898,33.03712],[-95.09667,33.0369],[-95.09663,33.03849],[-95.09449,33.0376],[-95.09097,33.04037],[-95.09047,33.04279],[-95.08748,33.0428],[-95.08401,33.04593],[-95.08017,33.04676],[-95.07844,33.05209],[-95.06971,33.05474],[-95.06718,33.05377],[-95.06571,33.05542],[-95.06257,33.05417],[-95.05917,33.0561],[-95.05772,33.05508],[-95.05785,33.05764],[-95.05586,33.05659],[-95.05428,33.0577],[-95.05551,33.06007],[-95.05439,33.06156],[-95.04641,33.06302],[-95.04783,33.06463],[-95.04626,33.06521],[-95.04789,33.06626],[-95.04391,33.06799],[-95.0432,33.06959],[-95.04464,33.07026],[-95.04007,33.06991],[-95.04052,33.07229],[-95.03937,33.07035],[-95.03807,33.0719],[-95.03675,33.07084],[-95.03716,33.07229],[-95.03473,33.07084],[-95.03341,33.07284],[-95.03036,33.07145],[-95.03064,33.07365],[-95.02859,33.07348],[-95.02861,33.07224],[-95.02524,33.07326],[-95.02536,33.07441],[-95.01195,33.07598],[-95.01117,33.07435],[-95.00979,33.07474],[-95.01012,33.07287],[-95.00647,33.07274],[-95.00629,33.07095],[-95.0032,33.07202],[-95.00379,33.07352],[-95.00109,33.07588],[-94.99863,33.07633],[-94.99837,33.0745],[-94.99546,33.07521],[-94.99494,33.07294],[-94.98934,33.07284],[-94.98438,33.07715],[-94.98291,33.07561],[-94.98274,33.07721],[-94.97947,33.07715]]]]},"properties":{"fips":"48063","name":"Camp","n":0,"mw":0.0,"first":null,"last":null,"hh":null,"projects":0}},{"type":"Feature","id":48219,"geometry":{"type":"MultiPolygon","coordinates":[[[[-102.08572,33.8246],[-102.07591,33.38884],[-102.59472,33.38835],[-102.61552,33.82515],[-102.08572,33.8246]]]]},"properties":{"fips":"48219","name":"Hockley","n":0,"mw":0.0,"first":null,"last":null,"hh":null,"projects":0}},{"type":"Feature","id":48147,"geometry":{"type":"MultiPolygon","coordinates":[[[[-95.92946,33.88571],[-95.9198,33.88314],[-95.91459,33.8793],[-95.90887,33.87843],[-95.90246,33.87398],[-95.90041,33.87047],[-95.89505,33.86923],[-95.88388,33.86245],[-95.87682,33.86163],[-95.87106,33.854],[-95.85661,33.85204],[-95.84886,33.84202],[-95.84355,33.83891],[-95.85027,33.83616],[-95.85542,33.82774],[-95.85415,33.82505],[-95.85858,33.40958],[-96.38445,33.34105],[-96.38231,33.59797],[-96.37945,33.72573],[-96.36838,33.7148],[-96.36613,33.70574],[-96.36327,33.70113],[-96.36226,33.69184],[-96.35533,33.68744],[-96.34337,33.68686],[-96.33299,33.69329],[-96.32144,33.69498],[-96.31615,33.70004],[-96.31003,33.71015],[-96.30658,33.72142],[-96.3081,33.73395],[-96.3033,33.74996],[-96.29525,33.76427],[-96.29239,33.76647],[-96.28847,33.76508],[-96.27682,33.76976],[-96.26969,33.7684],[-96.24913,33.75965],[-96.22972,33.74827],[-96.22135,33.7474],[-96.19748,33.75271],[-96.17822,33.76065],[-96.17036,33.76869],[-96.16738,33.77492],[-96.16277,33.78629],[-96.16376,33.78749],[-96.1608,33.79597],[-96.16193,33.79983],[-96.16004,33.81056],[-96.15674,33.8134],[-96.16385,33.81297],[-96.17037,33.80098],[-96.17572,33.8024],[-96.1791,33.81043],[-96.1762,33.81447],[-96.1715,33.81483],[-96.16659,33.81789],[-96.15866,33.81857],[-96.15067,33.8171],[-96.14892,33.821],[-96.15168,33.83191],[-96.14871,33.83753],[-96.13919,33.83918],[-96.13132,33.83759],[-96.12423,33.84018],[-96.11002,33.83249],[-96.09944,33.83056],[-96.09746,33.83294],[-96.09744,33.8379],[-96.10135,33.84568],[-96.10024,33.84806],[-96.08455,33.8467],[-96.0485,33.83658],[-96.0354,33.84255],[-96.03216,33.84778],[-96.03018,33.85556],[-96.02564,33.85749],[-96.02224,33.85688],[-96.01975,33.85404],[-96.02319,33.84448],[-96.02294,33.84133],[-96.01631,33.84159],[-96.00533,33.84557],[-95.9987,33.85092],[-95.99633,33.85541],[-95.99495,33.86197],[-96.00221,33.86419],[-96.00511,33.86894],[-96.00347,33.87259],[-95.9984,33.87217],[-95.98492,33.86583],[-95.98414,33.86013],[-95.98616,33.85687],[-95.98495,33.85264],[-95.97202,33.85576],[-95.96963,33.858],[-95.95137,33.85731],[-95.94263,33.86085],[-95.93678,33.87097],[-95.93627,33.87511],[-95.93857,33.88039],[-95.93789,33.88772],[-95.92946,33.88571]]]]},"properties":{"fips":"48147","name":"Fannin","n":0,"mw":0.0,"first":null,"last":null,"hh":null,"projects":0}},{"type":"Feature","id":48181,"geometry":{"type":"MultiPolygon","coordinates":[[[[-96.92091,33.95952],[-96.91654,33.95799],[-96.90924,33.9521],[-96.90138,33.93985],[-96.89664,33.9156],[-96.8971,33.90365],[-96.89575,33.89706],[-96.88311,33.86853],[-96.87264,33.85806],[-96.85695,33.84785],[-96.84922,33.84733],[-96.84249,33.85173],[-96.84055,33.86699],[-96.83764,33.87128],[-96.83191,33.87483],[-96.82354,33.87414],[-96.79482,33.86891],[-96.78391,33.86353],[-96.77981,33.85793],[-96.77603,33.84043],[-96.77017,33.8287],[-96.76542,33.82528],[-96.74818,33.8252],[-96.71025,33.83232],[-96.6989,33.83957],[-96.68756,33.85587],[-96.68215,33.87352],[-96.68349,33.88414],[-96.68167,33.89401],[-96.67504,33.90962],[-96.66803,33.91655],[-96.66091,33.91681],[-96.62835,33.89451],[-96.59002,33.89527],[-96.58615,33.89239],[-96.58585,33.88778],[-96.59065,33.88016],[-96.59714,33.87516],[-96.61193,33.86906],[-96.62812,33.85357],[-96.62972,33.84692],[-96.62312,33.84153],[-96.5918,33.83042],[-96.5727,33.81902],[-96.55059,33.81927],[-96.53299,33.82308],[-96.52681,33.8212],[-96.52297,33.817],[-96.51729,33.80567],[-96.51584,33.7878],[-96.51176,33.78146],[-96.50096,33.77284],[-96.48571,33.77308],[-96.46963,33.7759],[-96.45874,33.77521],[-96.45093,33.78045],[-96.44717,33.78116],[-96.43079,33.77884],[-96.42153,33.77518],[-96.41599,33.76541],[-96.41331,33.75686],[-96.4099,33.7528],[-96.37945,33.72582],[-96.38459,33.39789],[-96.62307,33.40064],[-96.84135,33.40553],[-96.84125,33.41348],[-96.94376,33.41622],[-96.94481,33.94911],[-96.92091,33.95952]]]]},"properties":{"fips":"48181","name":"Grayson","n":0,"mw":0.0,"first":null,"last":null,"hh":null,"projects":0}},{"type":"Feature","id":48337,"geometry":{"type":"MultiPolygon","coordinates":[[[[-97.6708,33.99027],[-97.6564,33.98856],[-97.63641,33.98205],[-97.62032,33.97223],[-97.61168,33.96421],[-97.60529,33.96209],[-97.59891,33.95566],[-97.59208,33.95435],[-97.59177,33.94987],[-97.59573,33.94066],[-97.5929,33.93312],[-97.59453,33.9315],[-97.59717,33.91649],[-97.59161,33.90607],[-97.58523,33.90145],[-97.56542,33.89699],[-97.5554,33.89699],[-97.53834,33.90315],[-97.52702,33.91022],[-97.51615,33.91383],[-97.50073,33.91676],[-97.48408,33.91523],[-97.48711,33.43372],[-97.97903,33.4337],[-97.97788,33.88969],[-97.96841,33.88269],[-97.95929,33.87919],[-97.94155,33.87886],[-97.93262,33.87686],[-97.89997,33.86013],[-97.89464,33.85607],[-97.87404,33.8492],[-97.86554,33.84926],[-97.83572,33.85731],[-97.8186,33.87228],[-97.80651,33.87622],[-97.80342,33.87941],[-97.8007,33.88992],[-97.79797,33.89249],[-97.79263,33.89493],[-97.78643,33.89011],[-97.78445,33.89026],[-97.78069,33.8963],[-97.78234,33.90761],[-97.77767,33.91192],[-97.76374,33.91426],[-97.75954,33.91781],[-97.75932,33.92428],[-97.76188,33.9318],[-97.76032,33.93366],[-97.7539,33.93601],[-97.73284,33.93583],[-97.72052,33.94392],[-97.71077,33.95352],[-97.69154,33.98365],[-97.68446,33.98777],[-97.6708,33.99027]]]]},"properties":{"fips":"48337","name":"Montague","n":0,"mw":0.0,"first":null,"last":null,"hh":null,"projects":0}},{"type":"Feature","id":48277,"geometry":{"type":"MultiPolygon","coordinates":[[[[-95.59589,33.94157],[-95.58659,33.93475],[-95.56479,33.93245],[-95.5595,33.93056],[-95.5503,33.91268],[-95.54891,33.90744],[-95.54994,33.89841],[-95.54502,33.89501],[-95.53778,33.89313],[-95.5309,33.89428],[-95.52371,33.89934],[-95.52097,33.90545],[-95.51684,33.90496],[-95.51713,33.90106],[-95.52075,33.89429],[-95.52577,33.89417],[-95.53069,33.89073],[-95.54789,33.88915],[-95.54982,33.88516],[-95.54438,33.87994],[-95.52678,33.88516],[-95.51567,33.89224],[-95.51068,33.89368],[-95.50546,33.88951],[-95.50608,33.8767],[-95.50199,33.87501],[-95.49316,33.87538],[-95.48351,33.87792],[-95.46556,33.88773],[-95.4612,33.88843],[-95.45966,33.88749],[-95.45989,33.88549],[-95.46437,33.8745],[-95.46284,33.87206],[-95.41391,33.86665],[-95.37964,33.87019],[-95.35216,33.86774],[-95.33941,33.86863],[-95.33747,33.87377],[-95.33966,33.88408],[-95.33723,33.88616],[-95.32532,33.88558],[-95.31062,33.87968],[-95.31056,33.52846],[-95.30839,33.37783],[-95.31026,33.38024],[-95.31863,33.37969],[-95.31848,33.38204],[-95.32156,33.37898],[-95.32291,33.38097],[-95.32428,33.37979],[-95.32433,33.38166],[-95.32718,33.38048],[-95.32653,33.38294],[-95.32896,33.38214],[-95.32954,33.38525],[-95.33304,33.38653],[-95.33517,33.38485],[-95.33643,33.38801],[-95.33948,33.3851],[-95.34129,33.38618],[-95.3401,33.38811],[-95.34546,33.38771],[-95.34632,33.3892],[-95.35389,33.38684],[-95.35596,33.3909],[-95.35716,33.39103],[-95.357,33.38954],[-95.36012,33.3916],[-95.36192,33.39004],[-95.36367,33.39379],[-95.3653,33.39217],[-95.36898,33.39438],[-95.3728,33.39082],[-95.37764,33.39513],[-95.37956,33.39964],[-95.3808,33.39754],[-95.38582,33.39793],[-95.38808,33.40211],[-95.3965,33.40031],[-95.3994,33.40423],[-95.3981,33.40713],[-95.39975,33.40965],[-95.40192,33.41052],[-95.40493,33.40878],[-95.40921,33.40983],[-95.4099,33.41143],[-95.41443,33.41078],[-95.41655,33.412],[-95.41606,33.41426],[-95.41804,33.41472],[-95.41662,33.41624],[-95.4215,33.41663],[-95.42202,33.41508],[-95.42325,33.41616],[-95.42132,33.41737],[-95.4224,33.41819],[-95.42562,33.4166],[-95.42504,33.4193],[-95.42695,33.41865],[-95.42957,33.42215],[-95.43292,33.4218],[-95.42977,33.42393],[-95.43154,33.42417],[-95.43299,33.42828],[-95.43628,33.42727],[-95.43962,33.43017],[-95.44101,33.42885],[-95.44259,33.43152],[-95.44634,33.43326],[-95.44725,33.43625],[-95.4488,33.43456],[-95.45761,33.43486],[-95.46125,33.43346],[-95.46264,33.43492],[-95.46454,33.43375],[-95.46602,33.43542],[-95.46405,33.437],[-95.46664,33.43686],[-95.47118,33.44033],[-95.47242,33.44269],[-95.47085,33.44388],[-95.47423,33.44599],[-95.47367,33.44835],[-95.47793,33.44865],[-95.48163,33.45245],[-95.48202,33.45098],[-95.48445,33.45078],[-95.48461,33.45333],[-95.48656,33.45258],[-95.49331,33.45548],[-95.49215,33.45383],[-95.49365,33.45292],[-95.49289,33.45078],[-95.49693,33.45076],[-95.49608,33.4496],[-95.49891,33.44827],[-95.50072,33.44348],[-95.50491,33.44183],[-95.51181,33.44514],[-95.51941,33.44402],[-95.52661,33.44578],[-95.53159,33.45221],[-95.54635,33.45865],[-95.54817,33.46073],[-95.54842,33.46448],[-95.55032,33.46467],[-95.54802,33.46569],[-95.54945,33.46812],[-95.55654,33.46946],[-95.55544,33.47218],[-95.56197,33.47164],[-95.5602,33.47379],[-95.56171,33.4755],[-95.56499,33.47683],[-95.56552,33.47561],[-95.56769,33.47612],[-95.56902,33.47364],[-95.576,33.47237],[-95.5765,33.47076],[-95.5785,33.47189],[-95.58266,33.46906],[-95.58572,33.47102],[-95.5906,33.46889],[-95.59182,33.47026],[-95.59022,33.47201],[-95.59347,33.47245],[-95.59212,33.47485],[-95.59354,33.47441],[-95.59578,33.47711],[-95.59294,33.47993],[-95.59699,33.48],[-95.59732,33.48131],[-95.59979,33.48035],[-95.60059,33.48352],[-95.60341,33.48447],[-95.60385,33.48253],[-95.60961,33.48132],[-95.61101,33.48231],[-95.60941,33.48259],[-95.60934,33.48426],[-95.61615,33.48374],[-95.61707,33.48527],[-95.62349,33.48692],[-95.63642,33.48207],[-95.64347,33.48668],[-95.644,33.48463],[-95.64478,33.48566],[-95.64966,33.48294],[-95.65009,33.48115],[-95.65142,33.48221],[-95.65542,33.47965],[-95.65696,33.48016],[-95.65778,33.47842],[-95.65958,33.47888],[-95.65877,33.47781],[-95.66097,33.47744],[-95.66105,33.47482],[-95.66419,33.47667],[-95.66747,33.47613],[-95.66777,33.47456],[-95.67145,33.47414],[-95.67158,33.47251],[-95.67473,33.47291],[-95.67594,33.47089],[-95.67766,33.47258],[-95.6783,33.47023],[-95.67958,33.47156],[-95.68156,33.47025],[-95.68249,33.47126],[-95.68076,33.47192],[-95.68267,33.47242],[-95.6822,33.47392],[-95.68553,33.47427],[-95.68341,33.47561],[-95.68502,33.47642],[-95.68495,33.47859],[-95.69036,33.47721],[-95.69022,33.4755],[-95.69329,33.47576],[-95.69433,33.47812],[-95.69465,33.47647],[-95.69595,33.47791],[-95.69727,33.47687],[-95.70227,33.4813],[-95.70084,33.48414],[-95.70286,33.48343],[-95.70486,33.48466],[-95.70428,33.48632],[-95.70744,33.48741],[-95.70699,33.48572],[-95.7086,33.48591],[-95.70781,33.48504],[-95.70958,33.48303],[-95.71036,33.48451],[-95.7132,33.48348],[-95.71402,33.48543],[-95.71573,33.48434],[-95.71585,33.48587],[-95.71785,33.48611],[-95.72026,33.48595],[-95.71999,33.48426],[-95.72241,33.48586],[-95.72763,33.48412],[-95.72876,33.48678],[-95.73098,33.4871],[-95.73302,33.48452],[-95.73348,33.48655],[-95.73769,33.48778],[-95.73692,33.48986],[-95.73915,33.4895],[-95.74379,33.49249],[-95.74531,33.49116],[-95.75091,33.49305],[-95.75538,33.49079],[-95.75636,33.49185],[-95.75506,33.49328],[-95.75641,33.49254],[-95.75827,33.49505],[-95.75918,33.49338],[-95.7613,33.4954],[-95.76349,33.49333],[-95.7656,33.49456],[-95.77146,33.4938],[-95.77217,33.4914],[-95.77932,33.49174],[-95.781,33.49062],[-95.77976,33.49029],[-95.77985,33.48783],[-95.78213,33.48783],[-95.78155,33.48621],[-95.78832,33.48611],[-95.78989,33.48377],[-95.79427,33.48195],[-95.79404,33.4798],[-95.79854,33.47904],[-95.79791,33.47804],[-95.80263,33.4753],[-95.80759,33.4752],[-95.80994,33.47009],[-95.81709,33.46946],[-95.8164,33.4671],[-95.81975,33.46654],[-95.81991,33.46392],[-95.82161,33.46468],[-95.82609,33.46294],[-95.82424,33.46118],[-95.82629,33.46087],[-95.82593,33.45923],[-95.83357,33.46083],[-95.84341,33.45824],[-95.84429,33.4597],[-95.84665,33.45938],[-95.84618,33.45816],[-95.84872,33.4577],[-95.85187,33.45982],[-95.85375,33.45926],[-95.85368,33.46149],[-95.85787,33.46169],[-95.85415,33.82505],[-95.85533,33.82803],[-95.85091,33.83554],[-95.84601,33.83858],[-95.83352,33.83537],[-95.82242,33.83963],[-95.81962,33.84591],[-95.82292,33.85534],[-95.81724,33.85993],[-95.80371,33.86163],[-95.79596,33.86008],[-95.78695,33.85526],[-95.77756,33.84589],[-95.77301,33.84387],[-95.75844,33.85183],[-95.75486,33.85461],[-95.754,33.85758],[-95.75754,33.86669],[-95.76182,33.87128],[-95.76039,33.87824],[-95.76185,33.88449],[-95.75453,33.89386],[-95.74405,33.89625],[-95.7326,33.89526],[-95.72327,33.89288],[-95.71332,33.88451],[-95.69353,33.88656],[-95.68517,33.89074],[-95.67787,33.89972],[-95.6649,33.90775],[-95.64829,33.90622],[-95.6353,33.90858],[-95.62595,33.91729],[-95.60345,33.92763],[-95.59955,33.93558],[-95.59961,33.94038],[-95.59589,33.94157]]]]},"properties":{"fips":"48277","name":"Lamar","n":0,"mw":0.0,"first":null,"last":null,"hh":null,"projects":0}},{"type":"Feature","id":48387,"geometry":{"type":"MultiPolygon","coordinates":[[[[-95.19195,33.95287],[-95.18227,33.94997],[-95.16604,33.93871],[-95.15752,33.93704],[-95.13536,33.93764],[-95.12436,33.93481],[-95.12172,33.9299],[-95.12232,33.9258],[-95.13182,33.91448],[-95.12899,33.91021],[-95.12248,33.90705],[-95.11699,33.9064],[-95.11059,33.90813],[-95.08958,33.92067],[-95.08224,33.91989],[-95.07958,33.9159],[-95.08038,33.91016],[-95.09729,33.90019],[-95.09895,33.89641],[-95.09235,33.88631],[-95.08694,33.8827],[-95.0849,33.88244],[-95.08116,33.90209],[-95.07906,33.90406],[-95.076,33.91332],[-95.0722,33.91638],[-95.06601,33.91682],[-95.06324,33.91367],[-95.06332,33.91137],[-95.06607,33.90875],[-95.07516,33.90652],[-95.07932,33.90116],[-95.07853,33.89812],[-95.07667,33.8957],[-95.0733,33.89516],[-95.0733,33.90345],[-95.06901,33.90592],[-95.06094,33.90153],[-95.05777,33.88631],[-95.05495,33.88249],[-95.04567,33.87622],[-95.04614,33.86657],[-95.04465,33.86349],[-95.03377,33.86088],[-95.00789,33.86611],[-94.99996,33.86221],[-94.99299,33.85293],[-94.98897,33.85104],[-94.98258,33.85165],[-94.97581,33.86019],[-94.97324,33.86189],[-94.96987,33.86161],[-94.96386,33.83587],[-94.95204,33.83303],[-94.94363,33.82881],[-94.95358,33.81633],[-94.94823,33.80866],[-94.94029,33.80566],[-94.92339,33.80883],[-94.92371,33.81857],[-94.92677,33.82716],[-94.92365,33.82939],[-94.92063,33.82874],[-94.91483,33.82339],[-94.91103,33.81551],[-94.91477,33.80867],[-94.91683,33.80908],[-94.92145,33.79795],[-94.92182,33.79086],[-94.91252,33.77917],[-94.89355,33.77105],[-94.8762,33.7571],[-94.87483,33.75884],[-94.87587,33.76512],[-94.87455,33.76965],[-94.8707,33.77033],[-94.86754,33.76841],[-94.86593,33.76542],[-94.86706,33.76163],[-94.87537,33.75526],[-94.87639,33.75213],[-94.87443,33.74907],[-94.86847,33.74529],[-94.84939,33.73961],[-94.82786,33.74093],[-94.82821,33.73494],[-94.822,33.73282],[-94.82024,33.7341],[-94.82006,33.7369],[-94.82291,33.74746],[-94.83093,33.76001],[-94.82727,33.76707],[-94.82203,33.76916],[-94.81753,33.76647],[-94.81592,33.75992],[-94.8169,33.7542],[-94.81523,33.75126],[-94.8122,33.75023],[-94.81304,33.74484],[-94.81717,33.74139],[-94.81174,33.73515],[-94.80234,33.73285],[-94.79679,33.73698],[-94.78137,33.74341],[-94.77944,33.74525],[-94.77583,33.75704],[-94.76957,33.76104],[-94.76329,33.75981],[-94.75823,33.75652],[-94.75718,33.75319],[-94.75847,33.74905],[-94.76529,33.74594],[-94.77685,33.74642],[-94.78812,33.73575],[-94.78008,33.72968],[-94.76962,33.72739],[-94.76097,33.72754],[-94.7531,33.73422],[-94.75151,33.73399],[-94.74702,33.7248],[-94.75806,33.71748],[-94.76043,33.71278],[-94.75002,33.71376],[-94.74654,33.71548],[-94.74503,33.7231],[-94.74191,33.72674],[-94.7359,33.7268],[-94.73306,33.72455],[-94.73284,33.71971],[-94.73827,33.71463],[-94.75932,33.70954],[-94.75489,33.70493],[-94.74615,33.70274],[-94.74689,33.32888],[-94.74962,33.32697],[-94.75329,33.31851],[-94.7615,33.31755],[-94.76211,33.31881],[-94.76026,33.32089],[-94.76411,33.32305],[-94.76526,33.3212],[-94.76749,33.32221],[-94.77249,33.32062],[-94.7737,33.31847],[-94.78178,33.31906],[-94.78013,33.3209],[-94.77605,33.32062],[-94.77686,33.32209],[-94.78419,33.32376],[-94.7822,33.32786],[-94.77933,33.32842],[-94.78068,33.33096],[-94.7771,33.33262],[-94.77969,33.33336],[-94.7816,33.33789],[-94.78267,33.33498],[-94.78464,33.33755],[-94.78798,33.33678],[-94.78943,33.33798],[-94.78754,33.3386],[-94.78767,33.34304],[-94.7832,33.342],[-94.78165,33.34404],[-94.78562,33.34341],[-94.78584,33.34944],[-94.79006,33.34504],[-94.79108,33.34879],[-94.79738,33.34834],[-94.79516,33.35299],[-94.79174,33.35242],[-94.79114,33.35578],[-94.79259,33.35667],[-94.79457,33.35593],[-94.79467,33.35414],[-94.79713,33.35458],[-94.79787,33.3562],[-94.79511,33.35754],[-94.79496,33.36011],[-94.79679,33.36156],[-94.79759,33.35947],[-94.80134,33.359],[-94.79841,33.36106],[-94.80026,33.3617],[-94.80106,33.36554],[-94.80498,33.36459],[-94.80837,33.36598],[-94.80868,33.36386],[-94.81049,33.36516],[-94.81492,33.36281],[-94.81571,33.36672],[-94.8126,33.36697],[-94.81196,33.36854],[-94.81551,33.36959],[-94.81612,33.37162],[-94.81171,33.37212],[-94.81315,33.37583],[-94.82378,33.37936],[-94.82779,33.37888],[-94.82981,33.38253],[-94.83376,33.38401],[-94.83516,33.38305],[-94.83418,33.38005],[-94.83549,33.37906],[-94.83629,33.3831],[-94.83984,33.38526],[-94.83753,33.38201],[-94.84039,33.38245],[-94.84205,33.38102],[-94.84561,33.38337],[-94.84342,33.38094],[-94.84642,33.37897],[-94.84966,33.38386],[-94.85105,33.38013],[-94.85333,33.38259],[-94.85454,33.38224],[-94.85442,33.37976],[-94.85774,33.38175],[-94.85738,33.37664],[-94.86486,33.38013],[-94.86372,33.38269],[-94.86949,33.38383],[-94.8692,33.38533],[-94.86572,33.38541],[-94.86985,33.38607],[-94.86911,33.38931],[-94.87377,33.39208],[-94.87696,33.39129],[-94.8762,33.3943],[-94.8898,33.39876],[-94.89006,33.3948],[-94.89495,33.39245],[-94.89868,33.39409],[-94.89921,33.39021],[-94.90429,33.38969],[-94.90706,33.38747],[-94.90624,33.38534],[-94.90811,33.38363],[-94.90931,33.38436],[-94.90836,33.38653],[-94.91104,33.38799],[-94.91331,33.38436],[-94.91649,33.38793],[-94.92079,33.38473],[-94.92754,33.38378],[-94.93111,33.38556],[-94.9318,33.38867],[-94.93542,33.38587],[-94.93533,33.3894],[-94.9429,33.38897],[-94.94528,33.39196],[-94.9526,33.39041],[-94.9534,33.3933],[-94.95216,33.39522],[-94.95527,33.3967],[-94.95691,33.39613],[-94.95476,33.39382],[-94.96124,33.39255],[-94.96148,33.38993],[-94.96415,33.39118],[-94.96616,33.38836],[-94.97445,33.3875],[-94.97495,33.38943],[-94.97761,33.38992],[-94.97979,33.38707],[-94.98306,33.38783],[-94.981,33.39129],[-94.98299,33.39222],[-94.98549,33.38884],[-94.99007,33.38991],[-94.99162,33.39211],[-94.99396,33.3912],[-94.99345,33.38864],[-94.99878,33.39184],[-95.00275,33.39026],[-95.0001,33.39407],[-95.00457,33.39543],[-95.00958,33.39182],[-95.01222,33.3932],[-95.01346,33.39039],[-95.01702,33.39106],[-95.018,33.38867],[-95.01523,33.38677],[-95.018,33.38699],[-95.01684,33.38475],[-95.02012,33.38414],[-95.01996,33.38088],[-95.02363,33.38425],[-95.0252,33.3822],[-95.0278,33.38357],[-95.03067,33.38199],[-95.03219,33.38473],[-95.0346,33.38163],[-95.03485,33.38326],[-95.0412,33.38487],[-95.0419,33.38398],[-95.03851,33.38106],[-95.03975,33.38006],[-95.04203,33.38273],[-95.04323,33.38157],[-95.05003,33.3831],[-95.04951,33.38495],[-95.05241,33.38546],[-95.05092,33.38776],[-95.05267,33.38922],[-95.05432,33.38572],[-95.0561,33.38611],[-95.05466,33.38753],[-95.05548,33.38832],[-95.05921,33.3861],[-95.05767,33.39097],[-95.05885,33.39228],[-95.06215,33.39103],[-95.0614,33.38777],[-95.06686,33.39128],[-95.06927,33.39078],[-95.06841,33.38903],[-95.07089,33.38934],[-95.06959,33.38722],[-95.07058,33.38651],[-95.07285,33.38759],[-95.07628,33.38612],[-95.08257,33.38938],[-95.0833,33.38828],[-95.08151,33.38631],[-95.08318,33.38585],[-95.09154,33.3888],[-95.09103,33.39022],[-95.09313,33.39213],[-95.09184,33.39257],[-95.09281,33.39731],[-95.09557,33.39616],[-95.0942,33.39352],[-95.09528,33.39257],[-95.09689,33.39397],[-95.09942,33.39342],[-95.09767,33.39668],[-95.09981,33.39767],[-95.09971,33.39577],[-95.10183,33.39647],[-95.10648,33.39119],[-95.10884,33.39181],[-95.10925,33.38913],[-95.11218,33.39075],[-95.11434,33.38833],[-95.11868,33.38887],[-95.1199,33.38576],[-95.12368,33.38949],[-95.13371,33.38598],[-95.13761,33.38711],[-95.13965,33.38529],[-95.1452,33.38824],[-95.14647,33.38694],[-95.14304,33.38306],[-95.1542,33.38217],[-95.15354,33.38068],[-95.16185,33.37984],[-95.15776,33.3837],[-95.16031,33.38255],[-95.16114,33.38453],[-95.16589,33.38559],[-95.16619,33.38258],[-95.17012,33.38264],[-95.17108,33.37951],[-95.17359,33.38292],[-95.17753,33.37773],[-95.18051,33.38169],[-95.1833,33.37699],[-95.1883,33.37934],[-95.18846,33.3777],[-95.18582,33.37595],[-95.19249,33.37372],[-95.19367,33.37541],[-95.19656,33.37375],[-95.19885,33.37456],[-95.19683,33.37574],[-95.19859,33.37786],[-95.19422,33.37764],[-95.19708,33.37987],[-95.20665,33.38061],[-95.20696,33.37899],[-95.21186,33.3798],[-95.20982,33.37593],[-95.21244,33.37605],[-95.21445,33.37852],[-95.21705,33.37574],[-95.21835,33.37889],[-95.22319,33.37789],[-95.22062,33.37529],[-95.22963,33.3755],[-95.22769,33.37425],[-95.22928,33.37328],[-95.22802,33.37085],[-95.23178,33.37026],[-95.23113,33.37234],[-95.23444,33.37388],[-95.23385,33.3709],[-95.2362,33.37136],[-95.23728,33.36913],[-95.23999,33.37106],[-95.2416,33.36775],[-95.2449,33.37027],[-95.24979,33.37076],[-95.25187,33.36969],[-95.25188,33.36798],[-95.25602,33.36763],[-95.25733,33.37061],[-95.26034,33.36948],[-95.25896,33.36678],[-95.26204,33.36748],[-95.26228,33.3707],[-95.26524,33.37291],[-95.26771,33.37042],[-95.26725,33.37191],[-95.26804,33.37315],[-95.26978,33.37245],[-95.27096,33.37684],[-95.27328,33.37561],[-95.27246,33.37335],[-95.27827,33.37358],[-95.2806,33.37706],[-95.28369,33.37464],[-95.28606,33.37546],[-95.28519,33.37757],[-95.29018,33.37564],[-95.28918,33.37799],[-95.29239,33.38016],[-95.29572,33.37955],[-95.29556,33.38125],[-95.29741,33.38079],[-95.29907,33.38275],[-95.30165,33.37839],[-95.30404,33.3793],[-95.30656,33.37807],[-95.30865,33.38067],[-95.31056,33.52846],[-95.31062,33.87968],[-95.30417,33.87443],[-95.2968,33.87101],[-95.27851,33.87437],[-95.27646,33.87859],[-95.28199,33.88771],[-95.27932,33.89702],[-95.2803,33.90702],[-95.27888,33.90925],[-95.27646,33.90905],[-95.27504,33.91312],[-95.27224,33.91455],[-95.26788,33.91351],[-95.26736,33.9106],[-95.27552,33.89717],[-95.27404,33.89234],[-95.26678,33.88793],[-95.25937,33.88917],[-95.25415,33.89338],[-95.24948,33.903],[-95.2483,33.91009],[-95.24875,33.91834],[-95.25313,33.93075],[-95.24904,33.93661],[-95.23482,33.94502],[-95.23198,33.95158],[-95.23074,33.96052],[-95.22491,33.96143],[-95.19195,33.95287]]]]},"properties":{"fips":"48387","name":"Red River","n":0,"mw":0.0,"first":null,"last":null,"hh":null,"projects":0}},{"type":"Feature","id":48485,"geometry":{"type":"MultiPolygon","coordinates":[[[[-98.94655,34.19612],[-98.94248,34.19685],[-98.93416,34.19299],[-98.93424,34.18692],[-98.93207,34.18306],[-98.92954,34.18217],[-98.92511,34.18468],[-98.91416,34.17141],[-98.907,34.17278],[-98.89998,34.17111],[-98.89501,34.16113],[-98.90102,34.1583],[-98.90133,34.1553],[-98.89866,34.15167],[-98.89886,34.1494],[-98.89536,34.14727],[-98.89037,34.14786],[-98.89015,34.15237],[-98.88076,34.1555],[-98.87134,34.14801],[-98.86429,34.14862],[-98.85832,34.14717],[-98.85052,34.15011],[-98.848,34.14475],[-98.84433,34.14322],[-98.83419,34.14271],[-98.82575,34.14475],[-98.81141,34.13896],[-98.80332,34.13763],[-98.79758,34.13925],[-98.7939,34.13656],[-98.7788,34.13354],[-98.77493,34.13039],[-98.76898,34.12889],[-98.76358,34.12247],[-98.75952,34.12365],[-98.75447,34.11989],[-98.74575,34.11836],[-98.74278,34.11528],[-98.71857,34.12044],[-98.69983,34.12684],[-98.68946,34.13339],[-98.67433,34.13907],[-98.67111,34.14336],[-98.66311,34.14704],[-98.65864,34.15221],[-98.65903,34.15694],[-98.65409,34.16218],[-98.6437,34.16344],[-98.62526,34.15824],[-98.62236,34.15187],[-98.61348,34.14881],[-98.60109,34.15259],[-98.59751,34.15219],[-98.59388,34.15015],[-98.59069,34.14443],[-98.57933,34.14103],[-98.56884,34.13498],[-98.56629,34.12717],[-98.55595,34.11596],[-98.54565,34.10841],[-98.54249,34.10744],[-98.53871,34.10855],[-98.53108,34.10063],[-98.5281,34.09471],[-98.50742,34.07736],[-98.50431,34.07223],[-98.49367,34.06997],[-98.48859,34.06617],[-98.48669,34.06267],[-98.47959,34.06261],[-98.47211,34.06532],[-98.46511,34.0739],[-98.44984,34.07306],[-98.44616,34.07571],[-98.44319,34.08282],[-98.43923,34.08456],[-98.43012,34.08566],[-98.42212,34.08311],[-98.423,33.83587],[-98.95317,33.83397],[-98.95242,34.20158],[-98.94655,34.19612]]]]},"properties":{"fips":"48485","name":"Wichita","n":0,"mw":0.0,"first":null,"last":null,"hh":null,"projects":0}},{"type":"Feature","id":48101,"geometry":{"type":"MultiPolygon","coordinates":[[[[-100.51507,34.31369],[-99.99778,34.31184],[-99.99774,34.22438],[-100.00596,34.22549],[-100.00695,34.23811],[-100.01016,34.24211],[-100.02215,34.23906],[-100.0377,34.23871],[-100.04314,34.22785],[-100.047,34.22976],[-100.04857,33.83599],[-100.51868,33.83575],[-100.5183,34.18492],[-100.51716,34.31372],[-100.51507,34.31369]]]]},"properties":{"fips":"48101","name":"Cottle","n":0,"mw":0.0,"first":null,"last":null,"hh":null,"projects":0}},{"type":"Feature","id":48345,"geometry":{"type":"MultiPolygon","coordinates":[[[[-100.99887,34.31263],[-100.51716,34.31372],[-100.51868,33.83575],[-101.04126,33.83364],[-101.04148,34.31243],[-100.99887,34.31263]]]]},"properties":{"fips":"48345","name":"Motley","n":0,"mw":0.0,"first":null,"last":null,"hh":null,"projects":0}},{"type":"Feature","id":48445,"geometry":{"type":"MultiPolygon","coordinates":[[[[-102.13228,33.38879],[-102.07591,33.38884],[-102.07532,32.95983],[-102.59446,32.95869],[-102.59472,33.38835],[-102.13228,33.38879]]]]},"properties":{"fips":"48445","name":"Terry","n":0,"mw":0.0,"first":null,"last":null,"hh":null,"projects":0}},{"type":"Feature","id":48501,"geometry":{"type":"MultiPolygon","coordinates":[[[[-103.05113,33.38838],[-102.59472,33.38835],[-102.59446,32.95869],[-103.0648,32.95911],[-103.05676,33.38839],[-103.05113,33.38838]]]]},"properties":{"fips":"48501","name":"Yoakum","n":0,"mw":0.0,"first":null,"last":null,"hh":null,"projects":0}},{"type":"Feature","id":48085,"geometry":{"type":"MultiPolygon","coordinates":[[[[-96.38459,33.39789],[-96.38445,33.34105],[-96.29542,33.35188],[-96.29743,32.9815],[-96.50025,32.98214],[-96.84399,32.98746],[-96.83403,33.40534],[-96.62307,33.40064],[-96.38459,33.39789]]]]},"properties":{"fips":"48085","name":"Collin","n":2,"mw":0.0,"first":2011,"last":2011,"hh":null,"projects":1}},{"type":"Feature","id":48497,"geometry":{"type":"MultiPolygon","coordinates":[[[[-97.38302,33.43285],[-97.39068,33.25007],[-97.39853,32.99173],[-97.92154,33.00121],[-97.91818,33.43377],[-97.38302,33.43285]]]]},"properties":{"fips":"48497","name":"Wise","n":0,"mw":0.0,"first":null,"last":null,"hh":null,"projects":0}},{"type":"Feature","id":48223,"geometry":{"type":"MultiPolygon","coordinates":[[[[-95.30864,33.3768],[-95.3089,32.96257],[-95.66535,32.9604],[-95.66767,32.97824],[-95.86254,32.97945],[-95.86382,33.0341],[-95.86177,33.2193],[-95.85991,33.21831],[-95.85813,33.22088],[-95.85881,33.22226],[-95.85261,33.22315],[-95.84994,33.22615],[-95.84743,33.22541],[-95.84727,33.22752],[-95.84556,33.2274],[-95.84663,33.23099],[-95.84322,33.23113],[-95.84502,33.23241],[-95.84451,33.23362],[-95.83723,33.23376],[-95.8353,33.23512],[-95.83575,33.23226],[-95.83424,33.23209],[-95.83317,33.23497],[-95.83106,33.23344],[-95.83225,33.23565],[-95.83023,33.23538],[-95.83038,33.23654],[-95.82524,33.23582],[-95.82455,33.2379],[-95.82308,33.23793],[-95.82455,33.23942],[-95.82281,33.23912],[-95.822,33.24084],[-95.81591,33.23932],[-95.81619,33.24136],[-95.81434,33.2407],[-95.81486,33.24241],[-95.81306,33.24112],[-95.81223,33.24251],[-95.81003,33.24201],[-95.80793,33.24814],[-95.80556,33.24902],[-95.80399,33.252],[-95.80119,33.2526],[-95.79957,33.25102],[-95.79537,33.25364],[-95.79551,33.2552],[-95.79403,33.25306],[-95.7909,33.25395],[-95.79148,33.25511],[-95.78675,33.25393],[-95.77907,33.26025],[-95.77794,33.26785],[-95.77522,33.27152],[-95.77666,33.27293],[-95.77204,33.2742],[-95.77438,33.27664],[-95.77184,33.27671],[-95.77228,33.27877],[-95.77091,33.27959],[-95.76735,33.27816],[-95.76811,33.27955],[-95.76627,33.28001],[-95.76731,33.28343],[-95.76591,33.28252],[-95.76483,33.28491],[-95.76329,33.28461],[-95.76341,33.28711],[-95.76004,33.28725],[-95.75881,33.2856],[-95.75626,33.28833],[-95.75815,33.29019],[-95.75598,33.29228],[-95.75939,33.29475],[-95.75749,33.29578],[-95.75806,33.29676],[-95.75403,33.29633],[-95.7495,33.29822],[-95.74735,33.29808],[-95.74736,33.29653],[-95.74214,33.29688],[-95.74398,33.29841],[-95.74043,33.29837],[-95.74158,33.29964],[-95.73924,33.30205],[-95.7345,33.30111],[-95.73389,33.3031],[-95.731,33.30163],[-95.7314,33.30348],[-95.72954,33.30375],[-95.73048,33.30546],[-95.72591,33.30453],[-95.72739,33.3027],[-95.7265,33.30211],[-95.7215,33.3044],[-95.71952,33.30156],[-95.72093,33.29989],[-95.71987,33.29939],[-95.71693,33.3019],[-95.70631,33.3023],[-95.70735,33.30561],[-95.70338,33.30431],[-95.70395,33.30724],[-95.6995,33.30516],[-95.698,33.30833],[-95.69601,33.30664],[-95.69257,33.30704],[-95.69103,33.30424],[-95.69231,33.30267],[-95.69068,33.30118],[-95.6899,33.30298],[-95.68842,33.30192],[-95.68637,33.30353],[-95.68646,33.30058],[-95.683,33.29978],[-95.6782,33.30369],[-95.67374,33.302],[-95.66416,33.31026],[-95.66151,33.31132],[-95.6573,33.31026],[-95.65672,33.31321],[-95.65015,33.30988],[-95.64408,33.31221],[-95.64228,33.32133],[-95.63612,33.32303],[-95.63693,33.32598],[-95.63358,33.32443],[-95.6341,33.32624],[-95.62961,33.32744],[-95.62894,33.32925],[-95.62698,33.32886],[-95.62724,33.33099],[-95.6246,33.33039],[-95.62547,33.33319],[-95.62242,33.33283],[-95.62121,33.33582],[-95.61962,33.33502],[-95.61413,33.33948],[-95.6149,33.34511],[-95.61289,33.34818],[-95.60564,33.35078],[-95.60355,33.34911],[-95.6027,33.35194],[-95.59609,33.3536],[-95.59592,33.3552],[-95.58881,33.35802],[-95.58527,33.35772],[-95.58417,33.3594],[-95.58323,33.35814],[-95.58128,33.359],[-95.57982,33.35447],[-95.57242,33.35398],[-95.56738,33.35725],[-95.56696,33.35517],[-95.56331,33.35578],[-95.56145,33.355],[-95.56157,33.35303],[-95.55846,33.35369],[-95.55691,33.3509],[-95.55489,33.35322],[-95.55298,33.35207],[-95.55206,33.35377],[-95.55344,33.35593],[-95.55192,33.3557],[-95.5516,33.35778],[-95.54939,33.3582],[-95.54735,33.35576],[-95.54511,33.35753],[-95.54082,33.3575],[-95.54199,33.35909],[-95.53978,33.36048],[-95.53745,33.35864],[-95.5349,33.35976],[-95.53074,33.35689],[-95.5299,33.35551],[-95.53108,33.35433],[-95.5264,33.34913],[-95.51679,33.34607],[-95.51377,33.34648],[-95.51391,33.3482],[-95.5107,33.34941],[-95.50599,33.34806],[-95.50306,33.35008],[-95.50249,33.34762],[-95.50023,33.34996],[-95.49511,33.34927],[-95.49423,33.35034],[-95.4971,33.35172],[-95.49156,33.35411],[-95.48812,33.35372],[-95.48823,33.3512],[-95.48595,33.35153],[-95.48536,33.34987],[-95.47898,33.35265],[-95.47795,33.35638],[-95.47329,33.35435],[-95.47277,33.35656],[-95.46961,33.35791],[-95.46499,33.35689],[-95.46476,33.35818],[-95.46165,33.35833],[-95.46067,33.36107],[-95.45853,33.3605],[-95.45906,33.3619],[-95.45748,33.36303],[-95.45957,33.36449],[-95.45646,33.36832],[-95.45147,33.36527],[-95.45002,33.3664],[-95.44816,33.3642],[-95.44459,33.36439],[-95.44364,33.3661],[-95.44126,33.36268],[-95.43947,33.36428],[-95.44075,33.36663],[-95.43716,33.36407],[-95.43612,33.36563],[-95.43529,33.36393],[-95.43478,33.36608],[-95.43217,33.36563],[-95.43256,33.36782],[-95.42941,33.36669],[-95.42648,33.36885],[-95.4246,33.36646],[-95.42266,33.3703],[-95.41947,33.36893],[-95.41818,33.37099],[-95.41747,33.36849],[-95.41535,33.37105],[-95.41274,33.36996],[-95.41244,33.36752],[-95.41004,33.3699],[-95.40703,33.3695],[-95.40613,33.37128],[-95.40427,33.37005],[-95.40032,33.37161],[-95.39739,33.37036],[-95.39827,33.36719],[-95.39167,33.36775],[-95.39079,33.3695],[-95.38536,33.36701],[-95.38487,33.3654],[-95.38104,33.36792],[-95.37927,33.36749],[-95.37902,33.3655],[-95.37751,33.36798],[-95.37185,33.36922],[-95.37055,33.36734],[-95.36954,33.36997],[-95.36386,33.36543],[-95.36096,33.36763],[-95.35839,33.36491],[-95.35662,33.3676],[-95.35536,33.36355],[-95.35168,33.36418],[-95.35225,33.36245],[-95.35065,33.36174],[-95.34906,33.36352],[-95.34582,33.36286],[-95.34487,33.36025],[-95.34332,33.36146],[-95.34428,33.3635],[-95.34138,33.36179],[-95.33749,33.36381],[-95.3377,33.36193],[-95.33609,33.36142],[-95.33524,33.36428],[-95.33263,33.36307],[-95.32755,33.36534],[-95.32673,33.36395],[-95.32588,33.36702],[-95.32183,33.36761],[-95.31958,33.36536],[-95.3203,33.3686],[-95.31441,33.3671],[-95.31271,33.37094],[-95.31544,33.37325],[-95.3117,33.37286],[-95.30923,33.37469],[-95.31093,33.37566],[-95.30864,33.3768]]]]},"properties":{"fips":"48223","name":"Hopkins","n":0,"mw":0.0,"first":null,"last":null,"hh":null,"projects":0}},{"type":"Feature","id":48343,"geometry":{"type":"MultiPolygon","coordinates":[[[[-94.80679,33.36558],[-94.80093,33.36542],[-94.80026,33.3617],[-94.79841,33.36106],[-94.80134,33.359],[-94.79759,33.35947],[-94.79679,33.36156],[-94.79542,33.36088],[-94.79496,33.35781],[-94.79787,33.3562],[-94.79705,33.35453],[-94.79513,33.35398],[-94.79457,33.35593],[-94.79123,33.35604],[-94.79174,33.35242],[-94.79516,33.35299],[-94.79738,33.34834],[-94.79108,33.34879],[-94.79006,33.34504],[-94.78584,33.34944],[-94.78562,33.34341],[-94.78165,33.34404],[-94.7832,33.342],[-94.78767,33.34304],[-94.78754,33.3386],[-94.78943,33.33798],[-94.78798,33.33678],[-94.78464,33.33755],[-94.78267,33.33498],[-94.7816,33.33789],[-94.77969,33.33336],[-94.7771,33.33262],[-94.78068,33.33096],[-94.77933,33.32842],[-94.7822,33.32786],[-94.78419,33.32376],[-94.77686,33.32209],[-94.77605,33.32062],[-94.78013,33.3209],[-94.78149,33.31882],[-94.77887,33.31973],[-94.7737,33.31847],[-94.77249,33.32062],[-94.76749,33.32221],[-94.76526,33.3212],[-94.76411,33.32305],[-94.76026,33.32089],[-94.76211,33.31881],[-94.7615,33.31755],[-94.7538,33.31828],[-94.74962,33.32697],[-94.74548,33.33011],[-94.73969,33.32735],[-94.73958,33.32397],[-94.73635,33.32368],[-94.73783,33.32221],[-94.73523,33.31838],[-94.73764,33.31663],[-94.73162,33.31695],[-94.73221,33.31138],[-94.73034,33.30874],[-94.72658,33.30853],[-94.7258,33.30714],[-94.72301,33.30712],[-94.7227,33.30921],[-94.72029,33.30647],[-94.71904,33.3082],[-94.71738,33.3073],[-94.7183,33.3112],[-94.71724,33.31178],[-94.71396,33.31172],[-94.71072,33.30875],[-94.70973,33.31044],[-94.71075,33.31174],[-94.70337,33.31325],[-94.70413,33.3154],[-94.70207,33.31583],[-94.70093,33.3145],[-94.70255,33.31174],[-94.69873,33.31177],[-94.69621,33.30737],[-94.69455,33.30762],[-94.69358,33.3119],[-94.69135,33.31213],[-94.68988,33.30954],[-94.69164,33.30513],[-94.69049,33.30013],[-94.68697,33.2932],[-94.68179,33.29359],[-94.67798,33.29076],[-94.67884,33.29441],[-94.6763,33.29489],[-94.6738,33.29294],[-94.67572,33.29007],[-94.6721,33.28937],[-94.67506,33.28627],[-94.66055,33.28283],[-94.65999,33.2807],[-94.66233,33.27788],[-94.65943,33.27562],[-94.65823,33.27666],[-94.65238,33.27577],[-94.6551,33.27424],[-94.652,33.2691],[-94.65415,32.87953],[-94.706,32.87934],[-94.70825,32.88317],[-94.70485,32.88937],[-94.70668,32.89485],[-94.70904,32.89451],[-94.70837,32.89604],[-94.71162,32.89707],[-94.71143,32.89886],[-94.71469,32.89789],[-94.71586,32.90057],[-94.72083,32.90047],[-94.72297,32.90297],[-94.71996,32.90491],[-94.72355,32.90632],[-94.72673,32.91315],[-94.73407,32.91366],[-94.73656,32.91247],[-94.73571,32.91406],[-94.73683,32.91507],[-94.73554,32.91583],[-94.73791,32.91611],[-94.73774,32.91781],[-94.74139,32.9192],[-94.74762,32.91865],[-94.74934,32.92143],[-94.75225,32.91982],[-94.75073,32.91941],[-94.75156,32.9179],[-94.75596,32.91855],[-94.75871,32.92133],[-94.77108,32.92729],[-94.77199,32.93448],[-94.77536,32.93439],[-94.77639,32.93804],[-94.77379,32.93906],[-94.77579,32.94082],[-94.77326,32.9406],[-94.77395,32.94385],[-94.77633,32.94429],[-94.77648,32.94629],[-94.7799,32.9462],[-94.77923,32.94733],[-94.78132,32.94741],[-94.78258,32.9513],[-94.78655,32.95283],[-94.78574,32.95453],[-94.78796,32.95676],[-94.78467,32.95712],[-94.78742,32.95813],[-94.78652,32.95948],[-94.78956,32.95985],[-94.79024,32.96224],[-94.79291,32.96134],[-94.79389,32.96305],[-94.79408,32.96154],[-94.7974,32.96162],[-94.79867,32.96492],[-94.80263,32.96545],[-94.8048,32.96956],[-94.80423,32.97161],[-94.80958,32.97161],[-94.81248,32.97406],[-94.81243,32.97632],[-94.81527,32.97585],[-94.81508,32.9776],[-94.8185,32.97776],[-94.81771,32.97996],[-94.8155,32.98065],[-94.81732,32.98166],[-94.8087,33.36566],[-94.80679,33.36558]]]]},"properties":{"fips":"48343","name":"Morris","n":0,"mw":0.0,"first":null,"last":null,"hh":null,"projects":0}},{"type":"Feature","id":48231,"geometry":{"type":"MultiPolygon","coordinates":[[[[-95.86177,33.2193],[-95.86382,33.0341],[-95.86254,32.97945],[-95.94535,32.97981],[-95.97225,32.90067],[-95.97379,32.89994],[-95.97281,32.89832],[-95.97767,32.89338],[-95.97637,32.89177],[-95.97809,32.88619],[-95.98309,32.88543],[-95.98298,32.88165],[-95.98645,32.88021],[-95.98742,32.87614],[-95.98594,32.87238],[-95.97995,32.8686],[-95.98018,32.86697],[-95.97435,32.86185],[-95.97107,32.86053],[-95.97082,32.85837],[-95.96792,32.85778],[-95.96856,32.85601],[-95.95861,32.85056],[-95.95654,32.84504],[-95.95015,32.84527],[-95.94904,32.84237],[-95.94644,32.84362],[-95.94715,32.84491],[-95.94386,32.84518],[-95.94301,32.84132],[-95.9412,32.84277],[-95.9403,32.84101],[-95.93801,32.84291],[-95.93478,32.84009],[-95.9343,32.8372],[-96.29733,32.84171],[-96.29542,33.35188],[-95.85858,33.40958],[-95.86177,33.2193]]]]},"properties":{"fips":"48231","name":"Hunt","n":0,"mw":0.0,"first":null,"last":null,"hh":null,"projects":0}},{"type":"Feature","id":48159,"geometry":{"type":"MultiPolygon","coordinates":[[[[-95.12535,33.38942],[-95.12457,33.24847],[-95.12604,33.03455],[-95.12956,33.03322],[-95.13036,33.03213],[-95.12901,33.03142],[-95.13103,33.02994],[-95.13719,33.03086],[-95.13861,33.0263],[-95.14722,33.02098],[-95.14767,33.01693],[-95.15361,33.0123],[-95.15434,33.00771],[-95.15105,33.00671],[-95.152,33.0028],[-95.15624,33.0013],[-95.15861,32.99711],[-95.15779,32.99457],[-95.16221,32.99411],[-95.16149,32.98941],[-95.16385,32.98875],[-95.16178,32.98656],[-95.16378,32.98434],[-95.16186,32.98176],[-95.16495,32.97523],[-95.17165,32.97254],[-95.17397,32.96895],[-95.17368,32.96719],[-95.17592,32.96474],[-95.17268,32.96331],[-95.17305,32.96184],[-95.3089,32.96257],[-95.30864,33.3768],[-95.30449,33.37925],[-95.30134,33.3785],[-95.29907,33.38275],[-95.29741,33.38079],[-95.29556,33.38125],[-95.29572,33.37955],[-95.29239,33.38016],[-95.28918,33.37799],[-95.29004,33.3756],[-95.28519,33.37757],[-95.28606,33.37546],[-95.28369,33.37464],[-95.2806,33.37706],[-95.27827,33.37358],[-95.27259,33.37331],[-95.27328,33.37561],[-95.27096,33.37684],[-95.26963,33.37229],[-95.26793,33.37308],[-95.26749,33.37033],[-95.26462,33.37263],[-95.26228,33.3707],[-95.26122,33.36701],[-95.25884,33.36681],[-95.26034,33.36948],[-95.25733,33.37061],[-95.25602,33.36763],[-95.25188,33.36798],[-95.25187,33.36969],[-95.24979,33.37076],[-95.2449,33.37027],[-95.2416,33.36775],[-95.23999,33.37106],[-95.23728,33.36913],[-95.2362,33.37136],[-95.23385,33.3709],[-95.23444,33.37388],[-95.23113,33.37234],[-95.23178,33.37026],[-95.22802,33.37085],[-95.22928,33.37328],[-95.22769,33.37425],[-95.22963,33.3755],[-95.22062,33.37529],[-95.22297,33.37694],[-95.22266,33.37832],[-95.21813,33.37881],[-95.21705,33.37574],[-95.21445,33.37852],[-95.21244,33.37605],[-95.20996,33.37591],[-95.21172,33.37988],[-95.2073,33.37895],[-95.20665,33.38061],[-95.20105,33.38092],[-95.19422,33.37764],[-95.19859,33.37786],[-95.19683,33.37574],[-95.19885,33.37456],[-95.19656,33.37375],[-95.19367,33.37541],[-95.19206,33.37375],[-95.18582,33.37595],[-95.18846,33.3777],[-95.1883,33.37934],[-95.1833,33.37699],[-95.18036,33.38172],[-95.17678,33.37776],[-95.17613,33.38042],[-95.1743,33.38061],[-95.17515,33.38209],[-95.17339,33.38293],[-95.1727,33.38003],[-95.17108,33.37951],[-95.17012,33.38264],[-95.16619,33.38258],[-95.16589,33.38559],[-95.16114,33.38453],[-95.16031,33.38255],[-95.15776,33.3837],[-95.16217,33.37995],[-95.15641,33.38005],[-95.15354,33.38068],[-95.1542,33.38217],[-95.14304,33.38306],[-95.14647,33.38694],[-95.14553,33.38818],[-95.13965,33.38529],[-95.13761,33.38711],[-95.13371,33.38598],[-95.12535,33.38942]]]]},"properties":{"fips":"48159","name":"Franklin","n":0,"mw":0.0,"first":null,"last":null,"hh":null,"projects":0}},{"type":"Feature","id":48449,"geometry":{"type":"MultiPolygon","coordinates":[[[[-94.8859,33.39688],[-94.87662,33.39453],[-94.87696,33.39129],[-94.87377,33.39208],[-94.86911,33.38931],[-94.87009,33.38635],[-94.8657,33.38526],[-94.8692,33.38533],[-94.86949,33.38383],[-94.86372,33.38269],[-94.86486,33.38013],[-94.85738,33.37664],[-94.85774,33.38175],[-94.85442,33.37976],[-94.85454,33.38224],[-94.85333,33.38259],[-94.85105,33.38013],[-94.84966,33.38386],[-94.84642,33.37897],[-94.84342,33.38094],[-94.84561,33.38337],[-94.84205,33.38102],[-94.84039,33.38245],[-94.83753,33.38201],[-94.83984,33.38526],[-94.83629,33.3831],[-94.83549,33.37906],[-94.83418,33.38005],[-94.83516,33.38305],[-94.83376,33.38401],[-94.82981,33.38253],[-94.82779,33.37888],[-94.82378,33.37936],[-94.81315,33.37583],[-94.81171,33.37212],[-94.81535,33.37259],[-94.81618,33.3707],[-94.81194,33.36826],[-94.81571,33.36672],[-94.81417,33.36409],[-94.81512,33.36307],[-94.81049,33.36516],[-94.8085,33.36401],[-94.81732,32.98166],[-94.82576,32.98563],[-94.82852,32.98323],[-94.82917,32.98472],[-94.82786,32.98555],[-94.83005,32.98691],[-94.82998,32.98907],[-94.83276,32.98723],[-94.83512,32.98919],[-94.83468,32.99081],[-94.84041,32.99369],[-94.84279,32.99685],[-94.84565,32.99551],[-94.84813,32.99662],[-94.85408,33.00356],[-94.85813,33.00183],[-94.8566,33.00399],[-94.85942,33.00352],[-94.85986,33.0057],[-94.86273,33.0062],[-94.85901,33.00826],[-94.85957,33.01134],[-94.85774,33.01203],[-94.85901,33.01362],[-94.86384,33.01368],[-94.86477,33.01526],[-94.87231,33.01406],[-94.87589,33.01576],[-94.87697,33.01954],[-94.87972,33.01913],[-94.88807,33.02326],[-94.8909,33.02608],[-94.88911,33.0267],[-94.88867,33.03031],[-94.89364,33.03049],[-94.89578,33.03604],[-94.90015,33.03741],[-94.90208,33.04166],[-94.90893,33.04539],[-94.91556,33.04473],[-94.91811,33.04651],[-94.91651,33.04798],[-94.91897,33.04796],[-94.92162,33.05078],[-94.92114,33.05505],[-94.92412,33.0566],[-94.92229,33.05757],[-94.92481,33.06003],[-94.92275,33.06227],[-94.92591,33.06216],[-94.92639,33.06385],[-94.92412,33.06758],[-94.92606,33.06682],[-94.92725,33.0706],[-94.93049,33.0698],[-94.93061,33.07112],[-94.93368,33.07112],[-94.93353,33.07254],[-94.93899,33.07451],[-94.94113,33.07473],[-94.94142,33.07273],[-94.9432,33.07439],[-94.94551,33.07485],[-94.94624,33.07341],[-94.94785,33.0748],[-94.95948,33.07225],[-94.97014,33.07333],[-94.97244,33.07191],[-94.97713,33.07409],[-94.97788,33.07707],[-94.97972,33.07735],[-94.98274,33.07721],[-94.98291,33.07561],[-94.98438,33.07715],[-94.98934,33.07284],[-94.99494,33.07294],[-94.99546,33.07521],[-94.99837,33.0745],[-94.99863,33.07633],[-95.00109,33.07588],[-95.00379,33.07352],[-95.0032,33.07202],[-95.00629,33.07095],[-95.00647,33.07274],[-95.01012,33.07287],[-95.00979,33.07474],[-95.01117,33.07435],[-95.01195,33.07598],[-95.02536,33.07441],[-95.02524,33.07326],[-95.02861,33.07224],[-95.02859,33.07348],[-95.03064,33.07365],[-95.03036,33.07145],[-95.03341,33.07284],[-95.03473,33.07084],[-95.03716,33.07229],[-95.03675,33.07084],[-95.03807,33.0719],[-95.03937,33.07035],[-95.04052,33.07229],[-95.04007,33.06991],[-95.04464,33.07026],[-95.0432,33.06959],[-95.04391,33.06799],[-95.04789,33.06626],[-95.04626,33.06521],[-95.04783,33.06463],[-95.04641,33.06302],[-95.05439,33.06156],[-95.05551,33.06007],[-95.05428,33.0577],[-95.05586,33.05659],[-95.05785,33.05764],[-95.05772,33.05508],[-95.05917,33.0561],[-95.06257,33.05417],[-95.06571,33.05542],[-95.06718,33.05377],[-95.06971,33.05474],[-95.07844,33.05209],[-95.08017,33.04676],[-95.08401,33.04593],[-95.08748,33.0428],[-95.09047,33.04279],[-95.09097,33.04037],[-95.09449,33.0376],[-95.09663,33.03849],[-95.09667,33.0369],[-95.09898,33.03712],[-95.09862,33.03479],[-95.09911,33.03636],[-95.10033,33.03454],[-95.10188,33.03585],[-95.10312,33.03287],[-95.10509,33.03359],[-95.10604,33.03217],[-95.10724,33.03331],[-95.10804,33.0315],[-95.10928,33.03288],[-95.10978,33.03089],[-95.11259,33.0316],[-95.11368,33.03042],[-95.11522,33.03181],[-95.11302,33.03245],[-95.1159,33.03448],[-95.12118,33.03421],[-95.12227,33.0357],[-95.12604,33.03455],[-95.12457,33.24847],[-95.12535,33.38942],[-95.12305,33.38927],[-95.11961,33.38583],[-95.11868,33.38887],[-95.11434,33.38833],[-95.11218,33.39075],[-95.10925,33.38913],[-95.10884,33.39181],[-95.10648,33.39119],[-95.10183,33.39647],[-95.09971,33.39577],[-95.09981,33.39767],[-95.09767,33.39668],[-95.09942,33.39342],[-95.09473,33.39269],[-95.09557,33.39616],[-95.09347,33.39764],[-95.09154,33.3888],[-95.08318,33.38585],[-95.08151,33.38631],[-95.0833,33.38828],[-95.08257,33.38938],[-95.07628,33.38612],[-95.07285,33.38759],[-95.07058,33.38651],[-95.06959,33.38722],[-95.07089,33.38934],[-95.06841,33.38903],[-95.06927,33.39078],[-95.06686,33.39128],[-95.0614,33.38777],[-95.06215,33.39103],[-95.05885,33.39228],[-95.05767,33.39097],[-95.05921,33.3861],[-95.05548,33.38832],[-95.05466,33.38753],[-95.0561,33.38611],[-95.05432,33.38572],[-95.05267,33.38922],[-95.05092,33.38776],[-95.05233,33.3853],[-95.04979,33.3852],[-95.05008,33.38315],[-95.0471,33.382],[-95.04203,33.38273],[-95.03939,33.38012],[-95.03851,33.38106],[-95.04167,33.38471],[-95.03485,33.38326],[-95.0346,33.38163],[-95.03194,33.38473],[-95.03115,33.38205],[-95.0278,33.38357],[-95.0252,33.3822],[-95.02401,33.38432],[-95.02031,33.38079],[-95.02012,33.38414],[-95.01684,33.38475],[-95.018,33.38699],[-95.01523,33.38677],[-95.018,33.38867],[-95.01702,33.39106],[-95.01346,33.39039],[-95.01222,33.3932],[-95.00958,33.39182],[-95.00484,33.39539],[-95.00027,33.39449],[-95.00275,33.39026],[-94.99878,33.39184],[-94.99345,33.38864],[-94.99396,33.3912],[-94.99162,33.39211],[-94.99007,33.38991],[-94.98549,33.38884],[-94.98299,33.39222],[-94.981,33.39129],[-94.98306,33.38783],[-94.97979,33.38707],[-94.97761,33.38992],[-94.97495,33.38943],[-94.97445,33.3875],[-94.96616,33.38836],[-94.96415,33.39118],[-94.96148,33.38993],[-94.96124,33.39255],[-94.95476,33.39382],[-94.95691,33.39613],[-94.95527,33.3967],[-94.95216,33.39522],[-94.9534,33.3933],[-94.9526,33.39041],[-94.94528,33.39196],[-94.9429,33.38897],[-94.93533,33.3894],[-94.93542,33.38587],[-94.9318,33.38867],[-94.93111,33.38556],[-94.92754,33.38378],[-94.92079,33.38473],[-94.91649,33.38793],[-94.91331,33.38436],[-94.91104,33.38799],[-94.90836,33.38653],[-94.90931,33.38436],[-94.90811,33.38363],[-94.90624,33.38534],[-94.90706,33.38747],[-94.90429,33.38969],[-94.89921,33.39021],[-94.89868,33.39409],[-94.89495,33.39245],[-94.89035,33.39459],[-94.8898,33.39876],[-94.8859,33.39688]]]]},"properties":{"fips":"48449","name":"Titus","n":0,"mw":0.0,"first":null,"last":null,"hh":null,"projects":0}},{"type":"Feature","id":48119,"geometry":{"type":"MultiPolygon","coordinates":[[[[-95.76123,33.49537],[-95.75918,33.49338],[-95.75827,33.49505],[-95.75641,33.49254],[-95.75506,33.49328],[-95.75636,33.49185],[-95.75538,33.49079],[-95.75126,33.49302],[-95.74531,33.49116],[-95.74379,33.49249],[-95.73915,33.4895],[-95.73687,33.48983],[-95.73769,33.48778],[-95.73348,33.48655],[-95.73275,33.48448],[-95.73098,33.4871],[-95.72876,33.48678],[-95.72763,33.48412],[-95.72241,33.48586],[-95.71999,33.48426],[-95.72026,33.48595],[-95.71785,33.48611],[-95.71585,33.48587],[-95.71573,33.48434],[-95.71402,33.48543],[-95.7132,33.48348],[-95.71036,33.48451],[-95.70958,33.48303],[-95.70781,33.48504],[-95.7086,33.48591],[-95.70699,33.48572],[-95.70744,33.48741],[-95.70428,33.48632],[-95.70486,33.48466],[-95.70286,33.48343],[-95.70084,33.48414],[-95.70227,33.4813],[-95.69727,33.47687],[-95.69595,33.47791],[-95.69465,33.47647],[-95.69433,33.47812],[-95.69329,33.47576],[-95.69022,33.4755],[-95.69036,33.47721],[-95.68495,33.47859],[-95.68502,33.47642],[-95.68341,33.47561],[-95.68553,33.47427],[-95.6822,33.47392],[-95.68267,33.47242],[-95.68076,33.47192],[-95.68249,33.47126],[-95.68156,33.47025],[-95.67958,33.47156],[-95.6783,33.47023],[-95.67766,33.47258],[-95.67594,33.47089],[-95.67473,33.47291],[-95.67158,33.47251],[-95.67145,33.47414],[-95.66777,33.47456],[-95.66747,33.47613],[-95.66419,33.47667],[-95.66105,33.47482],[-95.66097,33.47744],[-95.65877,33.47781],[-95.65958,33.47888],[-95.65778,33.47842],[-95.65696,33.48016],[-95.65542,33.47965],[-95.65142,33.48221],[-95.65009,33.48115],[-95.64966,33.48294],[-95.64478,33.48566],[-95.644,33.48463],[-95.64314,33.4867],[-95.63642,33.48207],[-95.62186,33.487],[-95.61615,33.48374],[-95.60934,33.48426],[-95.60941,33.48259],[-95.61101,33.48231],[-95.60961,33.48132],[-95.60385,33.48253],[-95.60372,33.48446],[-95.60092,33.4837],[-95.59979,33.48035],[-95.59732,33.48131],[-95.59699,33.48],[-95.59271,33.47964],[-95.59578,33.47711],[-95.59354,33.47441],[-95.59212,33.47485],[-95.59347,33.47245],[-95.59022,33.47201],[-95.59182,33.47026],[-95.5906,33.46889],[-95.58572,33.47102],[-95.58266,33.46906],[-95.5785,33.47189],[-95.5765,33.47076],[-95.576,33.47237],[-95.56902,33.47364],[-95.56769,33.47612],[-95.5647,33.47683],[-95.5603,33.47422],[-95.56197,33.47164],[-95.55544,33.47218],[-95.55654,33.46946],[-95.54922,33.46795],[-95.54802,33.46569],[-95.55032,33.46467],[-95.54842,33.46448],[-95.54817,33.46073],[-95.54635,33.45865],[-95.53159,33.45221],[-95.52709,33.44594],[-95.51941,33.44402],[-95.51181,33.44514],[-95.50491,33.44183],[-95.50072,33.44348],[-95.49891,33.44827],[-95.49608,33.4496],[-95.49693,33.45076],[-95.49289,33.45078],[-95.49365,33.45292],[-95.49215,33.45383],[-95.49331,33.45548],[-95.48656,33.45258],[-95.48461,33.45333],[-95.48445,33.45078],[-95.48202,33.45098],[-95.48188,33.45254],[-95.47793,33.44865],[-95.47367,33.44835],[-95.47423,33.44599],[-95.47085,33.44388],[-95.47242,33.44269],[-95.47118,33.44033],[-95.46664,33.43686],[-95.46405,33.437],[-95.46602,33.43542],[-95.46454,33.43375],[-95.46264,33.43492],[-95.46125,33.43346],[-95.45761,33.43486],[-95.4488,33.43456],[-95.44725,33.43625],[-95.44634,33.43326],[-95.44259,33.43152],[-95.44101,33.42885],[-95.43962,33.43017],[-95.43628,33.42727],[-95.43299,33.42828],[-95.43154,33.42417],[-95.42977,33.42393],[-95.43292,33.4218],[-95.42957,33.42215],[-95.42695,33.41865],[-95.42504,33.4193],[-95.42562,33.4166],[-95.4224,33.41819],[-95.42132,33.41737],[-95.42325,33.41616],[-95.42202,33.41508],[-95.4215,33.41663],[-95.41662,33.41624],[-95.41804,33.41472],[-95.41606,33.41426],[-95.41655,33.412],[-95.41443,33.41078],[-95.4099,33.41143],[-95.40921,33.40983],[-95.40493,33.40878],[-95.40192,33.41052],[-95.39975,33.40965],[-95.3981,33.40713],[-95.3994,33.40423],[-95.3965,33.40031],[-95.38808,33.40211],[-95.38582,33.39793],[-95.3808,33.39754],[-95.37956,33.39964],[-95.37764,33.39513],[-95.3728,33.39082],[-95.36898,33.39438],[-95.3653,33.39217],[-95.36367,33.39379],[-95.36192,33.39004],[-95.36012,33.3916],[-95.357,33.38954],[-95.35716,33.39103],[-95.35596,33.3909],[-95.35389,33.38684],[-95.34632,33.3892],[-95.34546,33.38771],[-95.3401,33.38811],[-95.34129,33.38618],[-95.33948,33.3851],[-95.33643,33.38801],[-95.33517,33.38485],[-95.33304,33.38653],[-95.32954,33.38525],[-95.32896,33.38214],[-95.32653,33.38294],[-95.32718,33.38048],[-95.32433,33.38166],[-95.32428,33.37979],[-95.32291,33.38097],[-95.32156,33.37898],[-95.31848,33.38204],[-95.31863,33.37969],[-95.31026,33.38024],[-95.30863,33.37777],[-95.30814,33.38089],[-95.30656,33.37807],[-95.31093,33.37566],[-95.30923,33.37469],[-95.3117,33.37286],[-95.31544,33.37325],[-95.31271,33.37094],[-95.31441,33.3671],[-95.3203,33.3686],[-95.31958,33.36536],[-95.32183,33.36761],[-95.32588,33.36702],[-95.32673,33.36395],[-95.32755,33.36534],[-95.33263,33.36307],[-95.33524,33.36428],[-95.33609,33.36142],[-95.3377,33.36193],[-95.33749,33.36381],[-95.34138,33.36179],[-95.34428,33.3635],[-95.34332,33.36146],[-95.34487,33.36025],[-95.34582,33.36286],[-95.34906,33.36352],[-95.35065,33.36174],[-95.35225,33.36245],[-95.35168,33.36418],[-95.35536,33.36355],[-95.35662,33.3676],[-95.35839,33.36491],[-95.36096,33.36763],[-95.36386,33.36543],[-95.36954,33.36997],[-95.37055,33.36734],[-95.37185,33.36922],[-95.37751,33.36798],[-95.37902,33.3655],[-95.37927,33.36749],[-95.38104,33.36792],[-95.38487,33.3654],[-95.38536,33.36701],[-95.39079,33.3695],[-95.39167,33.36775],[-95.39827,33.36719],[-95.39739,33.37036],[-95.40032,33.37161],[-95.40427,33.37005],[-95.40613,33.37128],[-95.40703,33.3695],[-95.41004,33.3699],[-95.41244,33.36752],[-95.41274,33.36996],[-95.41535,33.37105],[-95.41747,33.36849],[-95.41818,33.37099],[-95.41947,33.36893],[-95.42266,33.3703],[-95.4246,33.36646],[-95.42648,33.36885],[-95.42941,33.36669],[-95.43256,33.36782],[-95.43217,33.36563],[-95.43478,33.36608],[-95.43529,33.36393],[-95.43612,33.36563],[-95.43716,33.36407],[-95.44075,33.36663],[-95.43947,33.36428],[-95.44126,33.36268],[-95.44364,33.3661],[-95.44459,33.36439],[-95.44816,33.3642],[-95.45002,33.3664],[-95.45147,33.36527],[-95.45646,33.36832],[-95.45957,33.36449],[-95.45748,33.36303],[-95.45906,33.3619],[-95.45853,33.3605],[-95.46067,33.36107],[-95.46165,33.35833],[-95.46476,33.35818],[-95.46499,33.35689],[-95.46961,33.35791],[-95.47277,33.35656],[-95.47329,33.35435],[-95.47795,33.35638],[-95.47898,33.35265],[-95.48536,33.34987],[-95.48595,33.35153],[-95.48823,33.3512],[-95.48812,33.35372],[-95.49156,33.35411],[-95.4971,33.35172],[-95.49423,33.35034],[-95.49511,33.34927],[-95.50023,33.34996],[-95.50249,33.34762],[-95.50306,33.35008],[-95.50599,33.34806],[-95.5107,33.34941],[-95.51391,33.3482],[-95.51471,33.34621],[-95.5264,33.34913],[-95.53108,33.35433],[-95.5299,33.35551],[-95.53074,33.35689],[-95.5349,33.35976],[-95.53745,33.35864],[-95.53978,33.36048],[-95.54199,33.35909],[-95.54082,33.3575],[-95.54511,33.35753],[-95.54735,33.35576],[-95.54939,33.3582],[-95.5516,33.35778],[-95.55192,33.3557],[-95.55344,33.35593],[-95.55206,33.35377],[-95.55298,33.35207],[-95.55489,33.35322],[-95.55691,33.3509],[-95.55864,33.35379],[-95.56157,33.35303],[-95.56161,33.35512],[-95.56696,33.35517],[-95.56726,33.35723],[-95.57399,33.35374],[-95.57651,33.35513],[-95.57982,33.35447],[-95.58159,33.35922],[-95.58301,33.35811],[-95.58417,33.3594],[-95.58545,33.35766],[-95.58668,33.3587],[-95.59592,33.3552],[-95.59609,33.3536],[-95.6027,33.35194],[-95.60355,33.34911],[-95.60564,33.35078],[-95.61289,33.34818],[-95.6149,33.34511],[-95.61413,33.33948],[-95.61962,33.33502],[-95.62121,33.33582],[-95.62242,33.33283],[-95.62547,33.33319],[-95.6246,33.33039],[-95.62724,33.33099],[-95.62698,33.32886],[-95.62894,33.32925],[-95.62961,33.32744],[-95.6341,33.32624],[-95.63358,33.32443],[-95.63693,33.32598],[-95.63612,33.32303],[-95.64228,33.32133],[-95.64408,33.31221],[-95.65015,33.30988],[-95.65672,33.31321],[-95.6573,33.31026],[-95.66151,33.31132],[-95.66416,33.31026],[-95.67374,33.302],[-95.6782,33.30369],[-95.683,33.29978],[-95.68646,33.30058],[-95.68637,33.30353],[-95.68842,33.30192],[-95.6899,33.30298],[-95.69068,33.30118],[-95.69231,33.30267],[-95.69103,33.30424],[-95.69257,33.30704],[-95.69601,33.30664],[-95.698,33.30833],[-95.6995,33.30516],[-95.70395,33.30724],[-95.70338,33.30431],[-95.70735,33.30561],[-95.70631,33.3023],[-95.71693,33.3019],[-95.71987,33.29939],[-95.72093,33.29989],[-95.71952,33.30156],[-95.7215,33.3044],[-95.7265,33.30211],[-95.72739,33.3027],[-95.72591,33.30453],[-95.73048,33.30546],[-95.72954,33.30375],[-95.7314,33.30348],[-95.731,33.30163],[-95.73389,33.3031],[-95.7345,33.30111],[-95.73924,33.30205],[-95.74158,33.29964],[-95.74043,33.29837],[-95.74398,33.29841],[-95.74214,33.29688],[-95.74736,33.29653],[-95.74735,33.29808],[-95.7495,33.29822],[-95.75403,33.29633],[-95.75806,33.29676],[-95.75749,33.29578],[-95.75939,33.29475],[-95.75598,33.29228],[-95.75815,33.29019],[-95.75626,33.28833],[-95.75881,33.2856],[-95.76004,33.28725],[-95.76341,33.28711],[-95.76329,33.28461],[-95.76483,33.28491],[-95.76591,33.28252],[-95.76731,33.28343],[-95.76627,33.28001],[-95.76811,33.27955],[-95.76735,33.27816],[-95.77091,33.27959],[-95.77228,33.27877],[-95.77184,33.27671],[-95.77438,33.27664],[-95.77204,33.2742],[-95.77666,33.27293],[-95.77522,33.27152],[-95.77794,33.26785],[-95.77907,33.26025],[-95.78675,33.25393],[-95.79148,33.25511],[-95.7909,33.25395],[-95.79403,33.25306],[-95.79551,33.2552],[-95.79537,33.25364],[-95.79957,33.25102],[-95.80119,33.2526],[-95.80399,33.252],[-95.80556,33.24902],[-95.80793,33.24814],[-95.81003,33.24201],[-95.81223,33.24251],[-95.81306,33.24112],[-95.81486,33.24241],[-95.81434,33.2407],[-95.81619,33.24136],[-95.81591,33.23932],[-95.822,33.24084],[-95.82281,33.23912],[-95.82455,33.23942],[-95.82308,33.23793],[-95.82455,33.2379],[-95.82524,33.23582],[-95.83038,33.23654],[-95.83023,33.23538],[-95.83225,33.23565],[-95.83106,33.23344],[-95.83317,33.23497],[-95.83424,33.23209],[-95.83575,33.23226],[-95.8353,33.23512],[-95.83723,33.23376],[-95.84451,33.23362],[-95.84502,33.23241],[-95.84322,33.23113],[-95.84663,33.23099],[-95.84556,33.2274],[-95.84727,33.22752],[-95.84743,33.22541],[-95.84985,33.22618],[-95.85261,33.22315],[-95.85881,33.22226],[-95.85813,33.22088],[-95.86009,33.21825],[-95.86177,33.2193],[-95.85787,33.46169],[-95.85368,33.46149],[-95.85375,33.45926],[-95.85187,33.45982],[-95.84872,33.4577],[-95.84618,33.45816],[-95.84665,33.45938],[-95.84429,33.4597],[-95.84341,33.45824],[-95.83357,33.46083],[-95.82593,33.45923],[-95.82629,33.46087],[-95.82424,33.46118],[-95.82609,33.46294],[-95.82161,33.46468],[-95.81991,33.46392],[-95.81975,33.46654],[-95.8164,33.4671],[-95.81709,33.46946],[-95.80994,33.47009],[-95.80759,33.4752],[-95.80263,33.4753],[-95.79791,33.47804],[-95.79854,33.47904],[-95.79404,33.4798],[-95.79427,33.48195],[-95.78989,33.48377],[-95.78832,33.48611],[-95.78155,33.48621],[-95.78213,33.48783],[-95.77985,33.48783],[-95.77976,33.49029],[-95.781,33.49062],[-95.77932,33.49174],[-95.77217,33.4914],[-95.77146,33.4938],[-95.7656,33.49456],[-95.76349,33.49333],[-95.76123,33.49537]]]]},"properties":{"fips":"48119","name":"Delta","n":0,"mw":0.0,"first":null,"last":null,"hh":null,"projects":0}},{"type":"Feature","id":48037,"geometry":{"type":"MultiPolygon","coordinates":[[[[-94.04299,33.2711],[-94.05244,33.27779],[-94.04925,33.27794],[-94.04883,33.2794],[-94.0514,33.2846],[-94.05586,33.28578],[-94.05092,33.28795],[-94.05929,33.2937],[-94.05867,33.29488],[-94.05421,33.29358],[-94.05675,33.29842],[-94.0596,33.29695],[-94.06181,33.29983],[-94.06449,33.29758],[-94.07103,33.30064],[-94.07141,33.29887],[-94.06672,33.29521],[-94.06768,33.29431],[-94.0728,33.29598],[-94.0734,33.29198],[-94.07695,33.29693],[-94.0809,33.29923],[-94.08062,33.29615],[-94.08349,33.29284],[-94.0892,33.29709],[-94.08546,33.2977],[-94.0843,33.30157],[-94.08214,33.30238],[-94.08285,33.30471],[-94.08592,33.30188],[-94.08852,33.30503],[-94.0909,33.30524],[-94.0898,33.30067],[-94.09303,33.29833],[-94.09875,33.30622],[-94.10002,33.303],[-94.09755,33.30017],[-94.10007,33.29784],[-94.10379,33.30336],[-94.10339,33.30619],[-94.11002,33.30935],[-94.11144,33.30798],[-94.10775,33.30384],[-94.10832,33.30242],[-94.11198,33.3048],[-94.11606,33.30483],[-94.11453,33.29977],[-94.1122,33.29828],[-94.11358,33.29428],[-94.11644,33.29447],[-94.11741,33.2971],[-94.11562,33.29985],[-94.11732,33.30043],[-94.12468,33.29807],[-94.12283,33.29562],[-94.11831,33.29464],[-94.11977,33.29272],[-94.13099,33.29258],[-94.1398,33.29394],[-94.14465,33.30096],[-94.14877,33.30193],[-94.15519,33.30735],[-94.16078,33.30873],[-94.16393,33.31198],[-94.1668,33.31036],[-94.17313,33.30122],[-94.17477,33.30181],[-94.17518,33.30451],[-94.18122,33.30558],[-94.18282,33.30355],[-94.18639,33.3055],[-94.18546,33.3022],[-94.18771,33.30151],[-94.19098,33.30398],[-94.19329,33.30129],[-94.19107,33.29767],[-94.19868,33.29838],[-94.19936,33.30104],[-94.20294,33.30048],[-94.20292,33.29813],[-94.20468,33.29681],[-94.21831,33.29687],[-94.2171,33.29279],[-94.2183,33.28835],[-94.21492,33.28697],[-94.21559,33.28471],[-94.21778,33.28479],[-94.22034,33.28742],[-94.22039,33.28511],[-94.22488,33.28181],[-94.22308,33.27756],[-94.22724,33.27705],[-94.23005,33.27949],[-94.23219,33.27637],[-94.23791,33.27615],[-94.24005,33.27394],[-94.23425,33.2731],[-94.23468,33.27116],[-94.23253,33.27022],[-94.23912,33.25853],[-94.23294,33.25763],[-94.23692,33.25782],[-94.2358,33.25602],[-94.237,33.25454],[-94.23484,33.2531],[-94.23202,33.25422],[-94.23321,33.25183],[-94.22959,33.24769],[-94.23276,33.24823],[-94.23508,33.24534],[-94.2294,33.24299],[-94.23152,33.241],[-94.23699,33.24053],[-94.24074,33.24299],[-94.25013,33.24179],[-94.25184,33.24341],[-94.25626,33.24179],[-94.25904,33.23702],[-94.25885,33.23873],[-94.26095,33.24006],[-94.25929,33.24226],[-94.26551,33.24068],[-94.26366,33.24277],[-94.26448,33.24534],[-94.26752,33.2437],[-94.26757,33.24572],[-94.27038,33.24725],[-94.26941,33.24485],[-94.27328,33.24346],[-94.27581,33.24471],[-94.27422,33.24765],[-94.2763,33.24848],[-94.27817,33.2444],[-94.28083,33.24579],[-94.2782,33.24955],[-94.28289,33.25062],[-94.28512,33.24945],[-94.28706,33.25122],[-94.29101,33.24897],[-94.29737,33.25559],[-94.29925,33.25497],[-94.29723,33.25288],[-94.29878,33.25095],[-94.31217,33.2488],[-94.32504,33.2533],[-94.32578,33.2567],[-94.32999,33.2537],[-94.33224,33.25626],[-94.33324,33.25388],[-94.33487,33.25538],[-94.33988,33.25351],[-94.34238,33.25551],[-94.34417,33.2526],[-94.34732,33.25613],[-94.35138,33.25586],[-94.3522,33.25741],[-94.35081,33.25862],[-94.35289,33.25938],[-94.35402,33.26211],[-94.35873,33.25925],[-94.35933,33.26121],[-94.35703,33.26294],[-94.36169,33.26499],[-94.36363,33.26322],[-94.36244,33.26015],[-94.36405,33.25969],[-94.36703,33.26291],[-94.36947,33.2571],[-94.37242,33.2607],[-94.37869,33.2581],[-94.37942,33.25563],[-94.38502,33.25707],[-94.39649,33.26211],[-94.39594,33.2646],[-94.40061,33.26531],[-94.40009,33.26853],[-94.39722,33.26954],[-94.39792,33.27065],[-94.40225,33.26932],[-94.40429,33.27126],[-94.41123,33.27081],[-94.40966,33.27401],[-94.41405,33.274],[-94.41231,33.27518],[-94.41378,33.27638],[-94.41294,33.27943],[-94.41519,33.28402],[-94.42893,33.28576],[-94.43314,33.28278],[-94.43417,33.285],[-94.43214,33.28713],[-94.43455,33.28774],[-94.43788,33.28517],[-94.4363,33.28132],[-94.43811,33.28112],[-94.44067,33.28395],[-94.44081,33.28183],[-94.44408,33.28152],[-94.44923,33.28402],[-94.45279,33.28384],[-94.45427,33.28755],[-94.4586,33.28538],[-94.45944,33.28984],[-94.46366,33.28744],[-94.46294,33.29095],[-94.4683,33.29476],[-94.47145,33.2919],[-94.47251,33.28848],[-94.47397,33.29024],[-94.48009,33.28993],[-94.47827,33.28733],[-94.48115,33.28486],[-94.48363,33.28464],[-94.4824,33.28676],[-94.48546,33.28831],[-94.48903,33.2839],[-94.48635,33.28046],[-94.49221,33.28008],[-94.49653,33.28512],[-94.49712,33.28097],[-94.49921,33.28326],[-94.50383,33.28269],[-94.50507,33.28451],[-94.50706,33.28416],[-94.50696,33.28157],[-94.5087,33.28305],[-94.51024,33.28195],[-94.51538,33.28294],[-94.51393,33.27896],[-94.51854,33.28203],[-94.51958,33.27904],[-94.51691,33.27786],[-94.51819,33.2745],[-94.52017,33.27532],[-94.51956,33.27745],[-94.52255,33.27689],[-94.52989,33.26766],[-94.53343,33.26615],[-94.53527,33.26696],[-94.53508,33.26971],[-94.54117,33.26933],[-94.53905,33.26613],[-94.54035,33.26473],[-94.54258,33.26684],[-94.54486,33.2656],[-94.54617,33.26842],[-94.55066,33.26558],[-94.55474,33.26925],[-94.55698,33.26775],[-94.55572,33.26629],[-94.55871,33.26124],[-94.5627,33.26227],[-94.56529,33.26531],[-94.56641,33.26331],[-94.56876,33.26445],[-94.57116,33.26076],[-94.56998,33.25792],[-94.57334,33.25688],[-94.56988,33.25371],[-94.57271,33.25316],[-94.57195,33.25073],[-94.57371,33.24988],[-94.57538,33.25176],[-94.57922,33.2513],[-94.5782,33.24777],[-94.58641,33.25004],[-94.58523,33.25337],[-94.58825,33.25171],[-94.58876,33.25471],[-94.59335,33.25532],[-94.58958,33.2587],[-94.59125,33.25968],[-94.60441,33.25725],[-94.6055,33.25376],[-94.60923,33.25413],[-94.60928,33.25267],[-94.60507,33.25019],[-94.6085,33.24774],[-94.61409,33.24948],[-94.61833,33.24699],[-94.61953,33.24974],[-94.62328,33.25218],[-94.62802,33.25058],[-94.62964,33.25239],[-94.63449,33.25141],[-94.64147,33.25368],[-94.64234,33.25812],[-94.64507,33.25753],[-94.64972,33.2594],[-94.64953,33.26516],[-94.65173,33.26564],[-94.64987,33.26809],[-94.6531,33.26907],[-94.65317,33.2723],[-94.6551,33.27424],[-94.65264,33.27602],[-94.65943,33.27562],[-94.66233,33.27788],[-94.65999,33.2807],[-94.66055,33.28283],[-94.67506,33.28627],[-94.6721,33.28937],[-94.67572,33.29007],[-94.6738,33.29294],[-94.6763,33.29489],[-94.67884,33.29441],[-94.67798,33.29076],[-94.68179,33.29359],[-94.68697,33.2932],[-94.69049,33.30013],[-94.69164,33.30513],[-94.68988,33.30954],[-94.69155,33.31229],[-94.69358,33.3119],[-94.69455,33.30762],[-94.69621,33.30737],[-94.69873,33.31177],[-94.7024,33.31155],[-94.70091,33.31475],[-94.70295,33.31586],[-94.70415,33.31507],[-94.70304,33.31342],[-94.71075,33.31174],[-94.70973,33.31044],[-94.71072,33.30875],[-94.71396,33.31172],[-94.71724,33.31178],[-94.7183,33.3112],[-94.71738,33.3073],[-94.71904,33.3082],[-94.72029,33.30647],[-94.7227,33.30921],[-94.72301,33.30712],[-94.7258,33.30714],[-94.72658,33.30853],[-94.73034,33.30874],[-94.73221,33.31138],[-94.73162,33.31695],[-94.73788,33.31695],[-94.73523,33.31869],[-94.73707,33.31938],[-94.73655,33.32138],[-94.73783,33.32221],[-94.73645,33.32385],[-94.73987,33.32426],[-94.73969,33.32735],[-94.74548,33.33011],[-94.74689,33.32888],[-94.74616,33.70302],[-94.74124,33.70071],[-94.73624,33.69187],[-94.71964,33.68875],[-94.716,33.69502],[-94.71707,33.70073],[-94.71996,33.70411],[-94.73016,33.70696],[-94.73481,33.71465],[-94.73054,33.71603],[-94.72685,33.71527],[-94.70637,33.70636],[-94.70086,33.70114],[-94.70214,33.69838],[-94.70513,33.69682],[-94.71428,33.69726],[-94.71836,33.68857],[-94.7029,33.68779],[-94.68751,33.68442],[-94.68481,33.68451],[-94.66775,33.69466],[-94.65974,33.69218],[-94.65154,33.68582],[-94.6496,33.68637],[-94.64712,33.69061],[-94.64844,33.69962],[-94.6462,33.7016],[-94.64194,33.70051],[-94.63895,33.69736],[-94.63902,33.69527],[-94.64554,33.68607],[-94.65054,33.68442],[-94.64541,33.67359],[-94.65228,33.67043],[-94.65936,33.67516],[-94.66223,33.67523],[-94.66834,33.67257],[-94.67107,33.66901],[-94.66875,33.66385],[-94.66106,33.66025],[-94.6533,33.66018],[-94.64933,33.66258],[-94.64592,33.66191],[-94.63849,33.66414],[-94.63085,33.67368],[-94.62955,33.67972],[-94.6272,33.68198],[-94.62215,33.68252],[-94.61575,33.67956],[-94.61151,33.66973],[-94.60732,33.66539],[-94.60152,33.66251],[-94.59598,33.66364],[-94.59183,33.6676],[-94.59182,33.67286],[-94.59022,33.6745],[-94.59299,33.68413],[-94.59097,33.68613],[-94.58721,33.6859],[-94.57962,33.67752],[-94.58123,33.67357],[-94.5793,33.67037],[-94.58078,33.6664],[-94.57786,33.66564],[-94.56347,33.66905],[-94.56021,33.66656],[-94.56491,33.66187],[-94.57658,33.65875],[-94.59079,33.64537],[-94.58064,33.64432],[-94.56235,33.65671],[-94.54848,33.66043],[-94.54496,33.65652],[-94.5458,33.65029],[-94.55139,33.64454],[-94.5682,33.63748],[-94.56972,33.62824],[-94.5639,33.62635],[-94.55289,33.62781],[-94.53783,33.63816],[-94.528,33.64124],[-94.52285,33.641],[-94.5185,33.63748],[-94.53552,33.6241],[-94.53488,33.62128],[-94.5278,33.61594],[-94.52339,33.61593],[-94.51954,33.61815],[-94.51766,33.62365],[-94.52021,33.62972],[-94.51751,33.63314],[-94.51108,33.62267],[-94.50454,33.62065],[-94.49926,33.62409],[-94.4983,33.6277],[-94.49234,33.62489],[-94.48805,33.62777],[-94.48789,33.63107],[-94.49162,33.63637],[-94.47773,33.63894],[-94.46603,33.63617],[-94.45921,33.64501],[-94.44869,33.64273],[-94.44679,33.6401],[-94.44841,33.63455],[-94.46273,33.63086],[-94.46117,33.62934],[-94.46077,33.62482],[-94.45267,33.62246],[-94.45312,33.61704],[-94.4706,33.60652],[-94.47212,33.60392],[-94.47132,33.60202],[-94.46809,33.59943],[-94.46317,33.59846],[-94.45757,33.60045],[-94.45825,33.59824],[-94.45575,33.59446],[-94.45053,33.59107],[-94.44166,33.59148],[-94.43948,33.59421],[-94.43031,33.59136],[-94.41315,33.56953],[-94.41005,33.56828],[-94.40376,33.5683],[-94.39891,33.57061],[-94.3827,33.58327],[-94.37848,33.57863],[-94.37905,33.56998],[-94.38671,33.56565],[-94.39549,33.56646],[-94.40022,33.56284],[-94.40149,33.55982],[-94.40056,33.55653],[-94.39264,33.5512],[-94.38891,33.54642],[-94.3817,33.54402],[-94.37016,33.54573],[-94.35837,33.54309],[-94.35313,33.544],[-94.34735,33.5517],[-94.35273,33.56148],[-94.34388,33.56788],[-94.3395,33.56768],[-94.33533,33.56442],[-94.33355,33.55604],[-94.33078,33.55266],[-94.32035,33.54889],[-94.30941,33.55161],[-94.30641,33.55552],[-94.3069,33.56026],[-94.30151,33.57229],[-94.29368,33.58014],[-94.28791,33.58244],[-94.28289,33.58142],[-94.28067,33.57551],[-94.29031,33.56773],[-94.29099,33.55931],[-94.28796,33.55725],[-94.27775,33.55721],[-94.27143,33.5622],[-94.26578,33.57336],[-94.26048,33.57987],[-94.25273,33.58612],[-94.24362,33.58963],[-94.24005,33.58946],[-94.23658,33.58691],[-94.23684,33.58043],[-94.238,33.57739],[-94.24369,33.57418],[-94.2492,33.56799],[-94.25218,33.56024],[-94.24936,33.55621],[-94.23355,33.55224],[-94.2213,33.55468],[-94.21342,33.56305],[-94.20656,33.56704],[-94.20337,33.56613],[-94.20159,33.5586],[-94.19936,33.55581],[-94.1962,33.55499],[-94.19228,33.55657],[-94.1898,33.56227],[-94.19529,33.57454],[-94.2016,33.57751],[-94.2111,33.5736],[-94.21624,33.57647],[-94.2172,33.58027],[-94.21302,33.58342],[-94.20454,33.57984],[-94.19714,33.58099],[-94.18372,33.59464],[-94.17986,33.59199],[-94.16196,33.58875],[-94.16173,33.57993],[-94.15715,33.57587],[-94.15201,33.5764],[-94.14647,33.58171],[-94.14197,33.58102],[-94.14302,33.57751],[-94.15113,33.57197],[-94.15143,33.56835],[-94.14534,33.56511],[-94.13686,33.57113],[-94.13501,33.57092],[-94.13196,33.55393],[-94.12774,33.55068],[-94.12265,33.55329],[-94.12065,33.56697],[-94.11193,33.56703],[-94.09088,33.57521],[-94.08185,33.57535],[-94.0726,33.57214],[-94.07171,33.57664],[-94.0751,33.58278],[-94.07405,33.5847],[-94.07252,33.58441],[-94.07004,33.58134],[-94.07046,33.57715],[-94.06793,33.57029],[-94.06682,33.56895],[-94.0564,33.56759],[-94.05561,33.56188],[-94.06036,33.55912],[-94.06702,33.56093],[-94.07223,33.55968],[-94.0739,33.5577],[-94.0734,33.55482],[-94.06159,33.54948],[-94.0518,33.55278],[-94.05015,33.55114],[-94.04332,33.55157],[-94.04299,33.2711]]]]},"properties":{"fips":"48037","name":"Bowie","n":0,"mw":0.0,"first":null,"last":null,"hh":null,"projects":0}},{"type":"Feature","id":48269,"geometry":{"type":"MultiPolygon","coordinates":[[[[-100.51868,33.83575],[-99.99645,33.83594],[-99.99101,33.39723],[-100.51752,33.3977],[-100.51868,33.83575]]]]},"properties":{"fips":"48269","name":"King","n":0,"mw":0.0,"first":null,"last":null,"hh":null,"projects":0}},{"type":"Feature","id":48439,"geometry":{"type":"MultiPolygon","coordinates":[[[[-97.03112,32.98457],[-97.03842,32.54854],[-97.55061,32.55506],[-97.54983,32.67952],[-97.54413,32.99405],[-97.40233,32.99168],[-97.03102,32.98969],[-97.03112,32.98457]]]]},"properties":{"fips":"48439","name":"Tarrant","n":0,"mw":0.0,"first":null,"last":null,"hh":null,"projects":0}},{"type":"Feature","id":48113,"geometry":{"type":"MultiPolygon","coordinates":[[[[-96.74558,32.54663],[-97.03842,32.54854],[-97.03102,32.98969],[-96.51689,32.98244],[-96.52333,32.54535],[-96.74558,32.54663]]]]},"properties":{"fips":"48113","name":"Dallas","n":0,"mw":0.0,"first":null,"last":null,"hh":null,"projects":0}},{"type":"Feature","id":48075,"geometry":{"type":"MultiPolygon","coordinates":[[[[-100.40397,34.74742],[-100.0004,34.74729],[-100.00038,34.56049],[-99.99761,34.56064],[-99.99778,34.31184],[-100.41793,34.31304],[-100.41583,34.50385],[-100.41585,34.74743],[-100.40397,34.74742]]]]},"properties":{"fips":"48075","name":"Childress","n":0,"mw":0.0,"first":null,"last":null,"hh":null,"projects":0}},{"type":"Feature","id":48191,"geometry":{"type":"MultiPolygon","coordinates":[[[[-100.41773,34.33384],[-100.41793,34.31304],[-100.94609,34.31281],[-100.94489,34.74833],[-100.41585,34.74743],[-100.41583,34.50385],[-100.41773,34.33384]]]]},"properties":{"fips":"48191","name":"Hall","n":0,"mw":0.0,"first":null,"last":null,"hh":null,"projects":0}},{"type":"Feature","id":48437,"geometry":{"type":"MultiPolygon","coordinates":[[[[-101.75567,34.74825],[-101.47164,34.74835],[-101.47167,34.31234],[-101.99815,34.31317],[-101.99857,34.74829],[-101.75567,34.74825]]]]},"properties":{"fips":"48437","name":"Swisher","n":14,"mw":0.0,"first":2025,"last":2025,"hh":null,"projects":1}},{"type":"Feature","id":48087,"geometry":{"type":"MultiPolygon","coordinates":[[[[-100.51883,35.18294],[-100.0004,35.18278],[-100.0004,34.74729],[-100.54089,34.7478],[-100.53889,35.18292],[-100.51883,35.18294]]]]},"properties":{"fips":"48087","name":"Collingsworth","n":0,"mw":0.0,"first":null,"last":null,"hh":null,"projects":0}},{"type":"Feature","id":48483,"geometry":{"type":"MultiPolygon","coordinates":[[[[-100.18208,35.61948],[-100.00041,35.61906],[-100.0004,35.18278],[-100.53889,35.18292],[-100.54008,35.61972],[-100.18208,35.61948]]]]},"properties":{"fips":"48483","name":"Wheeler","n":0,"mw":0.0,"first":null,"last":null,"hh":null,"projects":0}},{"type":"Feature","id":48111,"geometry":{"type":"MultiPolygon","coordinates":[[[[-102.16302,36.06975],[-102.16289,36.0548],[-103.04103,36.05523],[-103.04176,36.50039],[-102.16277,36.50022],[-102.16302,36.06975]]]]},"properties":{"fips":"48111","name":"Dallam","n":0,"mw":0.0,"first":null,"last":null,"hh":null,"projects":0}},{"type":"Feature","id":48067,"geometry":{"type":"MultiPolygon","coordinates":[[[[-94.15848,33.30785],[-94.15519,33.30735],[-94.14877,33.30193],[-94.14465,33.30096],[-94.1398,33.29394],[-94.13099,33.29258],[-94.11977,33.29272],[-94.11831,33.29464],[-94.12283,33.29562],[-94.12468,33.29807],[-94.11732,33.30043],[-94.11562,33.29985],[-94.11741,33.2971],[-94.11644,33.29447],[-94.11358,33.29428],[-94.1122,33.29828],[-94.11453,33.29977],[-94.11606,33.30483],[-94.11198,33.3048],[-94.10832,33.30242],[-94.10775,33.30384],[-94.11144,33.30798],[-94.11002,33.30935],[-94.10339,33.30619],[-94.10379,33.30336],[-94.10007,33.29784],[-94.09755,33.30017],[-94.10002,33.303],[-94.09875,33.30622],[-94.09303,33.29833],[-94.0898,33.30067],[-94.0909,33.30524],[-94.08852,33.30503],[-94.08592,33.30188],[-94.08285,33.30471],[-94.08214,33.30238],[-94.0843,33.30157],[-94.08546,33.2977],[-94.0892,33.29709],[-94.08349,33.29284],[-94.08062,33.29615],[-94.0809,33.29923],[-94.07695,33.29693],[-94.0734,33.29198],[-94.0728,33.29598],[-94.06768,33.29431],[-94.06672,33.29521],[-94.07141,33.29887],[-94.07103,33.30064],[-94.06449,33.29758],[-94.06181,33.29983],[-94.0596,33.29695],[-94.05675,33.29842],[-94.05421,33.29358],[-94.05867,33.29488],[-94.05929,33.2937],[-94.05092,33.28795],[-94.05586,33.28578],[-94.0514,33.2846],[-94.04883,33.2794],[-94.04925,33.27794],[-94.05244,33.27779],[-94.04299,33.2711],[-94.04315,32.88088],[-94.65415,32.87953],[-94.652,33.2691],[-94.64987,33.26809],[-94.65173,33.26564],[-94.64953,33.26516],[-94.64942,33.25898],[-94.64252,33.25824],[-94.64167,33.25383],[-94.63474,33.25144],[-94.62964,33.25239],[-94.62715,33.25057],[-94.62388,33.25232],[-94.61953,33.24974],[-94.61833,33.24699],[-94.61409,33.24948],[-94.6085,33.24774],[-94.60507,33.25019],[-94.60928,33.25267],[-94.60923,33.25413],[-94.6055,33.25376],[-94.60441,33.25725],[-94.59125,33.25968],[-94.58958,33.2587],[-94.59335,33.25532],[-94.58876,33.25471],[-94.58825,33.25171],[-94.58523,33.25337],[-94.58641,33.25004],[-94.57838,33.24773],[-94.57922,33.2513],[-94.57538,33.25176],[-94.57371,33.24988],[-94.57195,33.25073],[-94.57271,33.25316],[-94.56988,33.25371],[-94.57334,33.25688],[-94.56998,33.25792],[-94.57116,33.26076],[-94.56876,33.26445],[-94.56641,33.26331],[-94.56529,33.26531],[-94.5627,33.26227],[-94.55871,33.26124],[-94.55572,33.26629],[-94.55698,33.26775],[-94.55474,33.26925],[-94.55066,33.26558],[-94.54617,33.26842],[-94.54486,33.2656],[-94.54258,33.26684],[-94.54035,33.26473],[-94.53905,33.26613],[-94.54117,33.26933],[-94.53508,33.26971],[-94.53527,33.26696],[-94.53343,33.26615],[-94.52989,33.26766],[-94.52255,33.27689],[-94.51956,33.27745],[-94.52017,33.27532],[-94.51819,33.2745],[-94.51691,33.27786],[-94.51958,33.27904],[-94.51854,33.28203],[-94.51393,33.27896],[-94.51538,33.28294],[-94.51024,33.28195],[-94.5087,33.28305],[-94.50696,33.28157],[-94.50706,33.28416],[-94.50507,33.28451],[-94.50383,33.28269],[-94.49921,33.28326],[-94.49712,33.28097],[-94.49653,33.28512],[-94.49221,33.28008],[-94.48635,33.28046],[-94.48903,33.2839],[-94.48546,33.28831],[-94.4824,33.28676],[-94.48363,33.28464],[-94.48115,33.28486],[-94.47827,33.28733],[-94.48009,33.28993],[-94.47397,33.29024],[-94.47251,33.28848],[-94.47145,33.2919],[-94.46809,33.29475],[-94.46294,33.29095],[-94.46366,33.28744],[-94.45944,33.28984],[-94.4586,33.28538],[-94.45427,33.28755],[-94.45279,33.28384],[-94.44923,33.28402],[-94.44408,33.28152],[-94.44081,33.28183],[-94.44067,33.28395],[-94.43811,33.28112],[-94.4363,33.28132],[-94.43788,33.28517],[-94.43455,33.28774],[-94.43214,33.28713],[-94.43417,33.285],[-94.43314,33.28278],[-94.42893,33.28576],[-94.41519,33.28402],[-94.41294,33.27943],[-94.41378,33.27638],[-94.41231,33.27518],[-94.41405,33.274],[-94.40966,33.27401],[-94.41123,33.27081],[-94.40429,33.27126],[-94.40225,33.26932],[-94.39792,33.27065],[-94.39722,33.26954],[-94.40009,33.26853],[-94.40061,33.26531],[-94.39594,33.2646],[-94.39649,33.26211],[-94.38502,33.25707],[-94.37942,33.25563],[-94.37869,33.2581],[-94.37242,33.2607],[-94.36947,33.2571],[-94.36703,33.26291],[-94.36405,33.25969],[-94.36244,33.26015],[-94.36363,33.26322],[-94.36169,33.26499],[-94.35703,33.26294],[-94.35933,33.26121],[-94.35873,33.25925],[-94.35402,33.26211],[-94.35289,33.25938],[-94.35081,33.25862],[-94.3522,33.25741],[-94.35138,33.25586],[-94.34732,33.25613],[-94.34417,33.2526],[-94.34238,33.25551],[-94.33988,33.25351],[-94.33487,33.25538],[-94.33324,33.25388],[-94.33224,33.25626],[-94.32999,33.2537],[-94.32578,33.2567],[-94.32504,33.2533],[-94.31217,33.2488],[-94.29878,33.25095],[-94.29723,33.25288],[-94.29925,33.25497],[-94.29737,33.25559],[-94.29101,33.24897],[-94.28706,33.25122],[-94.28512,33.24945],[-94.28289,33.25062],[-94.2782,33.24955],[-94.28083,33.24579],[-94.27817,33.2444],[-94.2763,33.24848],[-94.27422,33.24765],[-94.27581,33.24471],[-94.27328,33.24346],[-94.26941,33.24485],[-94.27038,33.24725],[-94.26757,33.24572],[-94.26752,33.2437],[-94.26448,33.24534],[-94.26366,33.24277],[-94.26551,33.24068],[-94.25929,33.24226],[-94.26095,33.24006],[-94.25885,33.23873],[-94.25904,33.23702],[-94.25626,33.24179],[-94.25184,33.24341],[-94.25013,33.24179],[-94.24074,33.24299],[-94.23699,33.24053],[-94.23152,33.241],[-94.2294,33.24299],[-94.23508,33.24534],[-94.23276,33.24823],[-94.22959,33.24769],[-94.23321,33.25183],[-94.23202,33.25422],[-94.23484,33.2531],[-94.237,33.25454],[-94.2358,33.25602],[-94.23692,33.25782],[-94.23294,33.25763],[-94.23912,33.25853],[-94.23253,33.27022],[-94.23468,33.27116],[-94.23425,33.2731],[-94.24005,33.27394],[-94.23791,33.27615],[-94.23219,33.27637],[-94.23005,33.27949],[-94.22724,33.27705],[-94.22308,33.27756],[-94.22488,33.28181],[-94.22039,33.28511],[-94.22034,33.28742],[-94.21778,33.28479],[-94.21559,33.28471],[-94.21492,33.28697],[-94.2183,33.28835],[-94.2171,33.29279],[-94.21831,33.29687],[-94.20468,33.29681],[-94.20292,33.29813],[-94.20294,33.30048],[-94.19936,33.30104],[-94.19868,33.29838],[-94.19107,33.29767],[-94.19329,33.30129],[-94.19098,33.30398],[-94.18771,33.30151],[-94.18546,33.3022],[-94.18639,33.3055],[-94.18282,33.30355],[-94.18122,33.30558],[-94.17518,33.30451],[-94.17477,33.30181],[-94.17313,33.30122],[-94.1668,33.31036],[-94.16393,33.31198],[-94.15848,33.30785]]]]},"properties":{"fips":"48067","name":"Cass","n":0,"mw":0.0,"first":null,"last":null,"hh":null,"projects":0}},{"type":"Feature","id":48295,"geometry":{"type":"MultiPolygon","coordinates":[[[[-100.50025,36.49987],[-100.00041,36.49992],[-100.00038,36.0557],[-100.5463,36.05603],[-100.54613,36.49994],[-100.50025,36.49987]]]]},"properties":{"fips":"48295","name":"Lipscomb","n":0,"mw":0.0,"first":null,"last":null,"hh":null,"projects":0}},{"type":"Feature","id":48127,"geometry":{"type":"MultiPolygon","coordinates":[[[[-100.11412,28.64652],[-100.11412,28.64811],[-99.86823,28.64398],[-99.40833,28.6405],[-99.4082,28.37527],[-99.3998,28.37528],[-99.39432,28.20457],[-100.11379,28.19787],[-100.11412,28.64652]]]]},"properties":{"fips":"48127","name":"Dimmit","n":0,"mw":0.0,"first":null,"last":null,"hh":null,"projects":0}}]}